vision_process
[2025-11-11 09:43:48,027] [INFO] [real_accelerator.py:260:get_accelerator] Setting ds_accelerator to cuda (auto detect)
[2025-11-11 09:44:04,400] [INFO] [logging.py:107:log_dist] [Rank -1] [TorchCheckpointEngine] Initialized with serialization = False
?? Loading model and processor from: /leonardo_work/uBS25_EcoGiu/Qwen/Qwen2.5-VL-7B-Instruct
Loading checkpoint shards:   0%|          | 0/5 [00:00<?, ?it/s]Loading checkpoint shards:  20%|██        | 1/5 [00:11<00:47, 11.96s/it]Loading checkpoint shards:  40%|████      | 2/5 [00:25<00:39, 13.00s/it]Loading checkpoint shards:  60%|██████    | 3/5 [00:36<00:24, 12.09s/it]Loading checkpoint shards:  80%|████████  | 4/5 [00:46<00:11, 11.24s/it]Loading checkpoint shards: 100%|██████████| 5/5 [00:49<00:00,  8.33s/it]Loading checkpoint shards: 100%|██████████| 5/5 [00:49<00:00,  9.96s/it]
Using a slow image processor as `use_fast` is unset and a slow processor was saved with this model. `use_fast=True` will be the default behavior in v4.52, even if the model was saved with a slow processor. This will result in minor differences in outputs. You'll still be able to use a slow processor with `use_fast=False`.
/leonardo_work/uBS25_EcoGiu/pipeline_cv/yolobb/src/JNR/src/qwen/lib/python3.11/site-packages/transformers/generation/configuration_utils.py:631: UserWarning: `do_sample` is set to `False`. However, `temperature` is set to `1e-06` -- this flag is only used in sample-based generation modes. You should set `do_sample=True` or unset `temperature`.
  warnings.warn(
? Model and processor loaded successfully.

?? Starting evaluation on 3633 tracks from /leonardo_work/uBS25_EcoGiu/pipeline_cv/yolobb/src/JNR/data/all.txt...

[1/3633] Processing: nop-vs-ind-0022401216_293-track_16547 | True Jersey: 1
  -> Final Prediction (Multi-Image): 1
  -> Result: ? CORRECT

[2/3633] Processing: gsw-vs-nyk-0022400885_71-track_26651 | True Jersey: 3
  -> Final Prediction (Multi-Image): 3
  -> Result: ? CORRECT

[3/3633] Processing: gsw-vs-phi-0022400864_255-track_43613 | True Jersey: 30
  -> Final Prediction (Multi-Image): 30
  -> Result: ? CORRECT

[4/3633] Processing: gsw-vs-mem-0022400366_169-track_543 | True Jersey: 32
  -> Final Prediction (Multi-Image): 32
  -> Result: ? CORRECT

[5/3633] Processing: det-vs-por-0022400926_441-track_40842 | True Jersey: 1
  -> Final Prediction (Multi-Image): 1
  -> Result: ? CORRECT

[6/3633] Processing: gsw-vs-mem-0022400366_411-track_26307 | True Jersey: 3
  -> Final Prediction (Multi-Image): 3
  -> Result: ? CORRECT

[7/3633] Processing: chi-vs-bos-0022400363_58-track_28496 | True Jersey: 8
  -> Final Prediction (Multi-Image): 8
  -> Result: ? CORRECT

[8/3633] Processing: mil-vs-atl-0022400884_127-track_43104 | True Jersey: 3
  -> Final Prediction (Multi-Image): 3
  -> Result: ? CORRECT

[9/3633] Processing: gsw-vs-mem-0022400366_171-track_52866 | True Jersey: 13
  -> Final Prediction (Multi-Image): 13
  -> Result: ? CORRECT

[10/3633] Processing: gsw-vs-bkn-0022400901_161-track_10553 | True Jersey: 22
  -> Final Prediction (Multi-Image): 12
  -> Result: ? INCORRECT (Ground Truth: 22)

[11/3633] Processing: phi-vs-cha-0022401222_405-track_7097 | True Jersey: 23
  -> Final Prediction (Multi-Image): 23
  -> Result: ? CORRECT

[12/3633] Processing: mil-vs-dal-0022400865_297-track_32157 | True Jersey: 5
  -> Final Prediction (Multi-Image): 5
  -> Result: ? CORRECT

[13/3633] Processing: min-vs-sas-0022401218_175-track_39554 | True Jersey: 10
  -> Final Prediction (Multi-Image): 10
  -> Result: ? CORRECT

[14/3633] Processing: gsw-vs-mem-0022400366_293-track_35717 | True Jersey: 1
  -> Final Prediction (Multi-Image): 1
  -> Result: ? CORRECT

[15/3633] Processing: phi-vs-uta-0022400433_140-track_61640 | True Jersey: 28
  -> Final Prediction (Multi-Image): 28
  -> Result: ? CORRECT

[16/3633] Processing: gsw-vs-bkn-0022400901_282-track_48847 | True Jersey: 15
  -> Final Prediction (Multi-Image): 15
  -> Result: ? CORRECT

[17/3633] Processing: gsw-vs-bkn-0022400901_367-track_36043 | True Jersey: 10
  -> Final Prediction (Multi-Image): 10
  -> Result: ? CORRECT

[18/3633] Processing: mil-vs-chi-0022400398_250-track_37528 | True Jersey: 9
  -> Final Prediction (Multi-Image): 1
  -> Result: ? INCORRECT (Ground Truth: 9)

[19/3633] Processing: mil-vs-dal-0022400865_142-track_52394 | True Jersey: 11
  -> Final Prediction (Multi-Image): 11
  -> Result: ? CORRECT

[20/3633] Processing: cle-vs-chi-0022400886_233-track_48048 | True Jersey: 45
  -> Final Prediction (Multi-Image): 15
  -> Result: ? INCORRECT (Ground Truth: 45)

[21/3633] Processing: mil-vs-atl-0022400884_37-track_25484 | True Jersey: 11
  -> Final Prediction (Multi-Image): 11
  -> Result: ? CORRECT

[22/3633] Processing: uta-vs-lac-0022401226_115-track_60797 | True Jersey: 20
  -> Final Prediction (Multi-Image): 20
  -> Result: ? CORRECT

[23/3633] Processing: mia-vs-det-0022401221_270-track_26718 | True Jersey: 13
  -> Final Prediction (Multi-Image): 13
  -> Result: ? CORRECT

[24/3633] Processing: min-vs-den-0022400952_186-track_49165 | True Jersey: 27
  -> Final Prediction (Multi-Image): 15
  -> Result: ? INCORRECT (Ground Truth: 27)

[25/3633] Processing: orl-vs-mil-0022400917_170-track_10068 | True Jersey: 11
  -> Final Prediction (Multi-Image): 11
  -> Result: ? CORRECT

[26/3633] Processing: mil-vs-atl-0022400884_203-track_39983 | True Jersey: 12
  -> Final Prediction (Multi-Image): 12
  -> Result: ? CORRECT

[27/3633] Processing: gsw-vs-nyk-0022400885_71-track_26458 | True Jersey: 25
  -> Final Prediction (Multi-Image): 25
  -> Result: ? CORRECT

[28/3633] Processing: nyk-vs-orl-0022401227_5-track_18499 | True Jersey: 25
  -> Final Prediction (Multi-Image): 1
  -> Result: ? INCORRECT (Ground Truth: 25)

[29/3633] Processing: nyk-vs-mia-0022400869_124-track_20790 | True Jersey: 44
  -> Final Prediction (Multi-Image): 4
  -> Result: ? INCORRECT (Ground Truth: 44)

[30/3633] Processing: hou-vs-okc-0022400879_219-track_57564 | True Jersey: 2
  -> Final Prediction (Multi-Image): 2
  -> Result: ? CORRECT

[31/3633] Processing: por-vs-phx-0022401219_266-track_44646 | True Jersey: 00
  -> Final Prediction (Multi-Image): 10
  -> Result: ? INCORRECT (Ground Truth: 00)

[32/3633] Processing: mil-vs-cle-0022400374_316-track_29956 | True Jersey: 20
  -> Final Prediction (Multi-Image): 20
  -> Result: ? CORRECT

[33/3633] Processing: cle-vs-bkn-0022401224_134-track_22365 | True Jersey: 21
  -> Final Prediction (Multi-Image): 1
  -> Result: ? INCORRECT (Ground Truth: 21)

[34/3633] Processing: mil-vs-chi-0022400398_335-track_3541 | True Jersey: 8
  -> Final Prediction (Multi-Image): 0
  -> Result: ? INCORRECT (Ground Truth: 8)

[35/3633] Processing: chi-vs-tor-0022401223_253-track_27181 | True Jersey: 9
  -> Final Prediction (Multi-Image): 1
  -> Result: ? INCORRECT (Ground Truth: 9)

[36/3633] Processing: gsw-vs-bkn-0022400901_296-track_10249 | True Jersey: 9
  -> Final Prediction (Multi-Image): 9
  -> Result: ? CORRECT

[37/3633] Processing: nyk-vs-mia-0022400869_124-track_20702 | True Jersey: 2
  -> Final Prediction (Multi-Image): 2
  -> Result: ? CORRECT

[38/3633] Processing: hou-vs-okc-0022400879_219-track_57613 | True Jersey: 7
  -> Final Prediction (Multi-Image): 14
  -> Result: ? INCORRECT (Ground Truth: 7)

[39/3633] Processing: mil-vs-cle-0022400374_316-track_29933 | True Jersey: 3
  -> Final Prediction (Multi-Image): 12
  -> Result: ? INCORRECT (Ground Truth: 3)

[40/3633] Processing: min-vs-phx-0022400873_351-track_25739 | True Jersey: 3
  -> Final Prediction (Multi-Image): 3
  -> Result: ? CORRECT

[41/3633] Processing: sas-vs-phi-0022400394_94-track_54302 | True Jersey: 28
  -> Final Prediction (Multi-Image): 20
  -> Result: ? INCORRECT (Ground Truth: 28)

[42/3633] Processing: dal-vs-gsw-0022401228_202-track_12066 | True Jersey: 31
  -> Final Prediction (Multi-Image): 31
  -> Result: ? CORRECT

[43/3633] Processing: det-vs-gsw-0022400919_54-track_37341 | True Jersey: 0
  -> Final Prediction (Multi-Image): 0
  -> Result: ? CORRECT

[44/3633] Processing: mia-vs-det-0022401221_241-track_14927 | True Jersey: 5
  -> Final Prediction (Multi-Image): 5
  -> Result: ? CORRECT

[45/3633] Processing: chi-vs-tor-0022401223_140-track_23969 | True Jersey: 9
  -> Final Prediction (Multi-Image): 9
  -> Result: ? CORRECT

[46/3633] Processing: bkn-vs-det-0022400861_145-track_55219 | True Jersey: 27
  -> Final Prediction (Multi-Image): 27
  -> Result: ? CORRECT

[47/3633] Processing: sas-vs-mem-0022400863_289-track_519 | True Jersey: 24
  -> Final Prediction (Multi-Image): 24
  -> Result: ? CORRECT

[48/3633] Processing: por-vs-cle-0022400867_132-track_28493 | True Jersey: 24
  -> Final Prediction (Multi-Image): 24
  -> Result: ? CORRECT

[49/3633] Processing: cle-vs-bkn-0022401224_345-track_10614 | True Jersey: 7
  -> Final Prediction (Multi-Image): 7
  -> Result: ? CORRECT

[50/3633] Processing: gsw-vs-bkn-0022400901_2-track_41019 | True Jersey: 10
  -> Final Prediction (Multi-Image): 10
  -> Result: ? CORRECT

[51/3633] Processing: mem-vs-lal-0022401220_156-track_58631 | True Jersey: 10
  -> Final Prediction (Multi-Image): 10
  -> Result: ? CORRECT

[52/3633] Processing: mil-vs-okc-0062400001_45-track_24693 | True Jersey: 5
  -> Final Prediction (Multi-Image): 1
  -> Result: ? INCORRECT (Ground Truth: 5)

[53/3633] Processing: mem-vs-atl-0022400378_124-track_21098 | True Jersey: 13
  -> Final Prediction (Multi-Image): 13
  -> Result: ? CORRECT

[54/3633] Processing: sas-vs-phi-0022400394_94-track_54326 | True Jersey: 0
  -> Final Prediction (Multi-Image): 4
  -> Result: ? INCORRECT (Ground Truth: 0)

[55/3633] Processing: hou-vs-okc-0022400879_299-track_56216 | True Jersey: 7
  -> Final Prediction (Multi-Image): 7
  -> Result: ? CORRECT

[56/3633] Processing: den-vs-sac-0022401225_222-track_60557 | True Jersey: 5
  -> Final Prediction (Multi-Image): 5
  -> Result: ? CORRECT

[57/3633] Processing: nyk-vs-min-0022400367_360-track_40590 | True Jersey: 5
  -> Final Prediction (Multi-Image): 5
  -> Result: ? CORRECT

[58/3633] Processing: phi-vs-cha-0022401222_92-track_44256 | True Jersey: 1
  -> Final Prediction (Multi-Image): 1
  -> Result: ? CORRECT

[59/3633] Processing: mem-vs-nop-0022400923_196-track_31568 | True Jersey: 12
  -> Final Prediction (Multi-Image): 10
  -> Result: ? INCORRECT (Ground Truth: 12)

[60/3633] Processing: mil-vs-chi-0022400398_335-track_3497 | True Jersey: 9
  -> Final Prediction (Multi-Image): 8
  -> Result: ? INCORRECT (Ground Truth: 9)

[61/3633] Processing: chi-vs-bos-0022400363_398-track_44556 | True Jersey: 8
  -> Final Prediction (Multi-Image): 8
  -> Result: ? CORRECT

[62/3633] Processing: okc-vs-sas-0022400871_210-track_38372 | True Jersey: 5
  -> Final Prediction (Multi-Image): 3
  -> Result: ? INCORRECT (Ground Truth: 5)

[63/3633] Processing: det-vs-gsw-0022400919_54-track_37346 | True Jersey: nan
  -> Final Prediction (Multi-Image): 1
  -> Result: ? INCORRECT (Ground Truth: nan)

[64/3633] Processing: nyk-vs-orl-0022401227_49-track_21714 | True Jersey: nan
  -> Final Prediction (Multi-Image): 10
  -> Result: ? INCORRECT (Ground Truth: nan)

[65/3633] Processing: bos-vs-was-0022401217_370-track_8007 | True Jersey: 9
  -> Final Prediction (Multi-Image): 8
  -> Result: ? INCORRECT (Ground Truth: 9)

[66/3633] Processing: bkn-vs-det-0022400861_44-track_25313 | True Jersey: 45
  -> Final Prediction (Multi-Image): 15
  -> Result: ? INCORRECT (Ground Truth: 45)

[67/3633] Processing: cle-vs-bkn-0022401224_345-track_10556 | True Jersey: 5
  -> Final Prediction (Multi-Image): 1
  -> Result: ? INCORRECT (Ground Truth: 5)

[68/3633] Processing: den-vs-sac-0022401225_355-track_32899 | True Jersey: 3
  -> Final Prediction (Multi-Image): 3
  -> Result: ? CORRECT

[69/3633] Processing: cle-vs-chi-0022400886_352-track_23107 | True Jersey: nan
  -> Final Prediction (Multi-Image): 1
  -> Result: ? INCORRECT (Ground Truth: nan)

[70/3633] Processing: gsw-vs-nyk-0022400885_353-track_13798 | True Jersey: 3
  -> Final Prediction (Multi-Image): 3
  -> Result: ? CORRECT

[71/3633] Processing: sac-vs-hou-0022400862_212-track_24092 | True Jersey: 1
  -> Final Prediction (Multi-Image): 1
  -> Result: ? CORRECT

[72/3633] Processing: det-vs-por-0022400926_441-track_40905 | True Jersey: 33
  -> Final Prediction (Multi-Image): 11
  -> Result: ? INCORRECT (Ground Truth: 33)

[73/3633] Processing: hou-vs-okc-0022400879_329-track_47014 | True Jersey: 7
  -> Final Prediction (Multi-Image): 3
  -> Result: ? INCORRECT (Ground Truth: 7)

[74/3633] Processing: gsw-vs-phi-0022400864_233-track_38008 | True Jersey: 0
  -> Final Prediction (Multi-Image): 0
  -> Result: ? CORRECT

[75/3633] Processing: hou-vs-okc-0022400879_180-track_49530 | True Jersey: 2
  -> Final Prediction (Multi-Image): 2
  -> Result: ? CORRECT

[76/3633] Processing: phi-vs-min-0022400887_256-track_25973 | True Jersey: 11
  -> Final Prediction (Multi-Image): 17
  -> Result: ? INCORRECT (Ground Truth: 11)

[77/3633] Processing: por-vs-phx-0022401219_24-track_1002 | True Jersey: 1
  -> Final Prediction (Multi-Image): 3
  -> Result: ? INCORRECT (Ground Truth: 1)

[78/3633] Processing: min-vs-phx-0022400873_310-track_9703 | True Jersey: 10
  -> Final Prediction (Multi-Image): 10
  -> Result: ? CORRECT

[79/3633] Processing: gsw-vs-mem-0022400366_388-track_54859 | True Jersey: 2
  -> Final Prediction (Multi-Image): 2
  -> Result: ? CORRECT

[80/3633] Processing: chi-vs-ind-0022400868_171-track_51867 | True Jersey: 0
  -> Final Prediction (Multi-Image): 2
  -> Result: ? INCORRECT (Ground Truth: 0)

[81/3633] Processing: por-vs-cle-0022400867_80-track_17287 | True Jersey: 1
  -> Final Prediction (Multi-Image): 1
  -> Result: ? CORRECT

[82/3633] Processing: cle-vs-chi-0022400886_388-track_36576 | True Jersey: 14
  -> Final Prediction (Multi-Image): 14
  -> Result: ? CORRECT

[83/3633] Processing: mil-vs-dal-0022400865_142-track_52349 | True Jersey: 11
  -> Final Prediction (Multi-Image): 11
  -> Result: ? CORRECT

[84/3633] Processing: min-vs-phx-0022400873_132-track_51767 | True Jersey: 3
  -> Final Prediction (Multi-Image): 1
  -> Result: ? INCORRECT (Ground Truth: 3)

[85/3633] Processing: hou-vs-okc-0022400879_307-track_8942 | True Jersey: 7
  -> Final Prediction (Multi-Image): 7
  -> Result: ? CORRECT

[86/3633] Processing: sac-vs-hou-0022400862_261-track_8768 | True Jersey: 1
  -> Final Prediction (Multi-Image): 1
  -> Result: ? CORRECT

[87/3633] Processing: mil-vs-atl-0022400884_203-track_39981 | True Jersey: 11
  -> Final Prediction (Multi-Image): 11
  -> Result: ? CORRECT

[88/3633] Processing: was-vs-cha-0022400860_189-track_54369 | True Jersey: 35
  -> Final Prediction (Multi-Image): 5
  -> Result: ? INCORRECT (Ground Truth: 35)

[89/3633] Processing: mil-vs-cle-0022400374_316-track_29967 | True Jersey: 2
  -> Final Prediction (Multi-Image): 2
  -> Result: ? CORRECT

[90/3633] Processing: gsw-vs-nyk-0022400885_90-track_5451 | True Jersey: 44
  -> Final Prediction (Multi-Image): 44
  -> Result: ? CORRECT

[91/3633] Processing: por-vs-cle-0022400867_132-track_28446 | True Jersey: 25
  -> Final Prediction (Multi-Image): 35
  -> Result: ? INCORRECT (Ground Truth: 25)

[92/3633] Processing: den-vs-sac-0022401225_393-track_24325 | True Jersey: nan
  -> Final Prediction (Multi-Image): 1
  -> Result: ? INCORRECT (Ground Truth: nan)

[93/3633] Processing: nyk-vs-nop-0022400384_135-track_45069 | True Jersey: 34
  -> Final Prediction (Multi-Image): 11
  -> Result: ? INCORRECT (Ground Truth: 34)

[94/3633] Processing: sas-vs-phi-0022400394_99-track_20354 | True Jersey: nan
  -> Final Prediction (Multi-Image): 1
  -> Result: ? INCORRECT (Ground Truth: nan)

[95/3633] Processing: mem-vs-atl-0022400378_36-track_41471 | True Jersey: nan
  -> Final Prediction (Multi-Image): 1
  -> Result: ? INCORRECT (Ground Truth: nan)

[96/3633] Processing: gsw-vs-mem-0022400366_411-track_26313 | True Jersey: 14
  -> Final Prediction (Multi-Image): 13
  -> Result: ? INCORRECT (Ground Truth: 14)

[97/3633] Processing: gsw-vs-nyk-0022400885_313-track_37252 | True Jersey: 5
  -> Final Prediction (Multi-Image): 5
  -> Result: ? CORRECT

[98/3633] Processing: bkn-vs-det-0022400861_109-track_59013 | True Jersey: 17
  -> Final Prediction (Multi-Image): 17
  -> Result: ? CORRECT

[99/3633] Processing: nop-vs-uta-0022400872_242-track_41154 | True Jersey: 00
  -> Final Prediction (Multi-Image): 00
  -> Result: ? CORRECT

[100/3633] Processing: mem-vs-lal-0022401220_343-track_52551 | True Jersey: 10
  -> Final Prediction (Multi-Image): 10
  -> Result: ? CORRECT

[101/3633] Processing: gsw-vs-nyk-0022400885_276-track_60374 | True Jersey: 10
  -> Final Prediction (Multi-Image): 10
  -> Result: ? CORRECT

[102/3633] Processing: nyk-vs-mia-0022400869_368-track_57133 | True Jersey: 11
  -> Final Prediction (Multi-Image): 11
  -> Result: ? CORRECT

[103/3633] Processing: orl-vs-mil-0022400917_170-track_9985 | True Jersey: 50
  -> Final Prediction (Multi-Image): 51
  -> Result: ? INCORRECT (Ground Truth: 50)

[104/3633] Processing: cle-vs-chi-0022400886_92-track_22367 | True Jersey: 15
  -> Final Prediction (Multi-Image): 14
  -> Result: ? INCORRECT (Ground Truth: 15)

[105/3633] Processing: sac-vs-hou-0022400862_261-track_8855 | True Jersey: 23
  -> Final Prediction (Multi-Image): 25
  -> Result: ? INCORRECT (Ground Truth: 23)

[106/3633] Processing: hou-vs-okc-0022400879_307-track_8880 | True Jersey: 34
  -> Final Prediction (Multi-Image): 14
  -> Result: ? INCORRECT (Ground Truth: 34)

[107/3633] Processing: por-vs-phx-0022401219_24-track_1015 | True Jersey: 21
  -> Final Prediction (Multi-Image): 21
  -> Result: ? CORRECT

[108/3633] Processing: mia-vs-det-0022401221_153-track_19177 | True Jersey: 22
  -> Final Prediction (Multi-Image): 12
  -> Result: ? INCORRECT (Ground Truth: 22)

[109/3633] Processing: den-vs-por-0022400371_173-track_39721 | True Jersey: 17
  -> Final Prediction (Multi-Image): 17
  -> Result: ? CORRECT

[110/3633] Processing: chi-vs-tor-0022401223_273-track_45725 | True Jersey: 2
  -> Final Prediction (Multi-Image): 2
  -> Result: ? CORRECT

[111/3633] Processing: nop-vs-uta-0022400872_80-track_56668 | True Jersey: 15
  -> Final Prediction (Multi-Image): 15
  -> Result: ? CORRECT

[112/3633] Processing: gsw-vs-nyk-0022400885_213-track_47893 | True Jersey: 8
  -> Final Prediction (Multi-Image): 0
  -> Result: ? INCORRECT (Ground Truth: 8)

[113/3633] Processing: sas-vs-phi-0022400394_99-track_20345 | True Jersey: 16
  -> Final Prediction (Multi-Image): 16
  -> Result: ? CORRECT

[114/3633] Processing: mem-vs-lal-0022401220_174-track_51984 | True Jersey: 13
  -> Final Prediction (Multi-Image): 1
  -> Result: ? INCORRECT (Ground Truth: 13)

[115/3633] Processing: gsw-vs-phi-0022400864_150-track_6345 | True Jersey: 30
  -> Final Prediction (Multi-Image): 30
  -> Result: ? CORRECT

[116/3633] Processing: mem-vs-lal-0022401220_343-track_52601 | True Jersey: 7
  -> Final Prediction (Multi-Image): 7
  -> Result: ? CORRECT

[117/3633] Processing: uta-vs-was-0022400894_75-track_2559 | True Jersey: 19
  -> Final Prediction (Multi-Image): 19
  -> Result: ? CORRECT

[118/3633] Processing: gsw-vs-nyk-0022400885_353-track_13792 | True Jersey: 11
  -> Final Prediction (Multi-Image): 11
  -> Result: ? CORRECT

[119/3633] Processing: min-vs-den-0022400952_254-track_45581 | True Jersey: 9
  -> Final Prediction (Multi-Image): 0
  -> Result: ? INCORRECT (Ground Truth: 9)

[120/3633] Processing: gsw-vs-nyk-0022400885_276-track_60371 | True Jersey: 8
  -> Final Prediction (Multi-Image): 0
  -> Result: ? INCORRECT (Ground Truth: 8)

[121/3633] Processing: tor-vs-nyk-0022400397_109-track_17442 | True Jersey: 32
  -> Final Prediction (Multi-Image): 3
  -> Result: ? INCORRECT (Ground Truth: 32)

[122/3633] Processing: chi-vs-tor-0022401223_263-track_14172 | True Jersey: 35
  -> Final Prediction (Multi-Image): 15
  -> Result: ? INCORRECT (Ground Truth: 35)

[123/3633] Processing: nyk-vs-mia-0022400869_368-track_57127 | True Jersey: nan
  -> Final Prediction (Multi-Image): 13
  -> Result: ? INCORRECT (Ground Truth: nan)

[124/3633] Processing: gsw-vs-nyk-0022400885_353-track_13893 | True Jersey: 5
  -> Final Prediction (Multi-Image): 5
  -> Result: ? CORRECT

[125/3633] Processing: phi-vs-cha-0022401222_403-track_34282 | True Jersey: 0
  -> Final Prediction (Multi-Image): 0
  -> Result: ? CORRECT

[126/3633] Processing: gsw-vs-phi-0022400864_220-track_4565 | True Jersey: 23
  -> Final Prediction (Multi-Image): 11
  -> Result: ? INCORRECT (Ground Truth: 23)

[127/3633] Processing: por-vs-phx-0022401219_24-track_1003 | True Jersey: 20
  -> Final Prediction (Multi-Image): 20
  -> Result: ? CORRECT

[128/3633] Processing: chi-vs-bos-0022400363_357-track_3396 | True Jersey: 22
  -> Final Prediction (Multi-Image): 10
  -> Result: ? INCORRECT (Ground Truth: 22)

[129/3633] Processing: mia-vs-det-0022401221_306-track_37835 | True Jersey: 19
  -> Final Prediction (Multi-Image): 13
  -> Result: ? INCORRECT (Ground Truth: 19)

[130/3633] Processing: lac-vs-dal-0022400368_95-track_41454 | True Jersey: 1
  -> Final Prediction (Multi-Image): 1
  -> Result: ? CORRECT

[131/3633] Processing: den-vs-sac-0022401225_310-track_33585 | True Jersey: 32
  -> Final Prediction (Multi-Image): 12
  -> Result: ? INCORRECT (Ground Truth: 32)

[132/3633] Processing: sac-vs-hou-0022400862_145-track_13241 | True Jersey: 5
  -> Final Prediction (Multi-Image): 5
  -> Result: ? CORRECT

[133/3633] Processing: uta-vs-lac-0022401226_115-track_60916 | True Jersey: 11
  -> Final Prediction (Multi-Image): 11
  -> Result: ? CORRECT

[134/3633] Processing: uta-vs-tor-0022400905_151-track_53124 | True Jersey: 14
  -> Final Prediction (Multi-Image): 14
  -> Result: ? CORRECT

[135/3633] Processing: tor-vs-nyk-0022400397_109-track_17439 | True Jersey: 2
  -> Final Prediction (Multi-Image): 2
  -> Result: ? CORRECT

[136/3633] Processing: sas-vs-mem-0022400863_289-track_497 | True Jersey: 13
  -> Final Prediction (Multi-Image): 13
  -> Result: ? CORRECT

[137/3633] Processing: nop-vs-ind-0022401216_23-track_40159 | True Jersey: 43
  -> Final Prediction (Multi-Image): 43
  -> Result: ? CORRECT

[138/3633] Processing: min-vs-sas-0022401218_104-track_1170 | True Jersey: 9
  -> Final Prediction (Multi-Image): 9
  -> Result: ? CORRECT

[139/3633] Processing: bkn-vs-det-0022400861_109-track_59084 | True Jersey: 5
  -> Final Prediction (Multi-Image): 5
  -> Result: ? CORRECT

[140/3633] Processing: mil-vs-atl-0022400884_107-track_39452 | True Jersey: 11
  -> Final Prediction (Multi-Image): 11
  -> Result: ? CORRECT

[141/3633] Processing: sas-vs-sac-0022400910_190-track_25164 | True Jersey: 4
  -> Final Prediction (Multi-Image): 4
  -> Result: ? CORRECT

[142/3633] Processing: bos-vs-was-0022401217_35-track_36228 | True Jersey: 7
  -> Final Prediction (Multi-Image): 7
  -> Result: ? CORRECT

[143/3633] Processing: gsw-vs-bkn-0022400901_325-track_25908 | True Jersey: 21
  -> Final Prediction (Multi-Image): 15
  -> Result: ? INCORRECT (Ground Truth: 21)

[144/3633] Processing: den-vs-bos-0022400866_307-track_21362 | True Jersey: 11
  -> Final Prediction (Multi-Image): 11
  -> Result: ? CORRECT

[145/3633] Processing: nyk-vs-nop-0022400384_116-track_60951 | True Jersey: 2
  -> Final Prediction (Multi-Image): 1
  -> Result: ? INCORRECT (Ground Truth: 2)

[146/3633] Processing: mem-vs-atl-0022400378_124-track_21142 | True Jersey: 3
  -> Final Prediction (Multi-Image): 3
  -> Result: ? CORRECT

[147/3633] Processing: chi-vs-tor-0022401223_17-track_60368 | True Jersey: 30
  -> Final Prediction (Multi-Image): 10
  -> Result: ? INCORRECT (Ground Truth: 30)

[148/3633] Processing: min-vs-phx-0022400873_132-track_51815 | True Jersey: 12
  -> Final Prediction (Multi-Image): 1
  -> Result: ? INCORRECT (Ground Truth: 12)

[149/3633] Processing: okc-vs-mia-0022400375_358-track_7974 | True Jersey: 13
  -> Final Prediction (Multi-Image): 13
  -> Result: ? CORRECT

[150/3633] Processing: mil-vs-atl-0022400884_107-track_39467 | True Jersey: 10
  -> Final Prediction (Multi-Image): 7
  -> Result: ? INCORRECT (Ground Truth: 10)

[151/3633] Processing: hou-vs-okc-0022400879_299-track_56097 | True Jersey: 0
  -> Final Prediction (Multi-Image): 0
  -> Result: ? CORRECT

[152/3633] Processing: tor-vs-orl-0022400870_250-track_7620 | True Jersey: 5
  -> Final Prediction (Multi-Image): 5
  -> Result: ? CORRECT

[153/3633] Processing: lac-vs-dal-0022400368_147-track_5622 | True Jersey: 40
  -> Final Prediction (Multi-Image): 40
  -> Result: ? CORRECT

[154/3633] Processing: mil-vs-atl-0022400884_107-track_39415 | True Jersey: 3
  -> Final Prediction (Multi-Image): 3
  -> Result: ? CORRECT

[155/3633] Processing: nyk-vs-orl-0022401227_70-track_5319 | True Jersey: 1
  -> Final Prediction (Multi-Image): 1
  -> Result: ? CORRECT

[156/3633] Processing: chi-vs-tor-0022401223_140-track_24018 | True Jersey: 3
  -> Final Prediction (Multi-Image): 3
  -> Result: ? CORRECT

[157/3633] Processing: bos-vs-was-0022401217_140-track_26827 | True Jersey: 4
  -> Final Prediction (Multi-Image): 1
  -> Result: ? INCORRECT (Ground Truth: 4)

[158/3633] Processing: hou-vs-okc-0022400879_170-track_53894 | True Jersey: 0
  -> Final Prediction (Multi-Image): 0
  -> Result: ? CORRECT

[159/3633] Processing: nyk-vs-nop-0022400384_135-track_45118 | True Jersey: 2
  -> Final Prediction (Multi-Image): 1
  -> Result: ? INCORRECT (Ground Truth: 2)

[160/3633] Processing: mem-vs-atl-0022400378_208-track_30169 | True Jersey: nan
  -> Final Prediction (Multi-Image): 5
  -> Result: ? INCORRECT (Ground Truth: nan)

[161/3633] Processing: gsw-vs-bkn-0022400901_367-track_36165 | True Jersey: 21
  -> Final Prediction (Multi-Image): 21
  -> Result: ? CORRECT

[162/3633] Processing: was-vs-cha-0022400860_9-track_24582 | True Jersey: 0
  -> Final Prediction (Multi-Image): 0
  -> Result: ? CORRECT

[163/3633] Processing: bos-vs-was-0022401217_111-track_28841 | True Jersey: 7
  -> Final Prediction (Multi-Image): 10
  -> Result: ? INCORRECT (Ground Truth: 7)

[164/3633] Processing: gsw-vs-phi-0022400864_220-track_4587 | True Jersey: 0
  -> Final Prediction (Multi-Image): 0
  -> Result: ? CORRECT

[165/3633] Processing: bkn-vs-det-0022400861_393-track_57770 | True Jersey: nan
  -> Final Prediction (Multi-Image): 1
  -> Result: ? INCORRECT (Ground Truth: nan)

[166/3633] Processing: sac-vs-hou-0022400862_97-track_32432 | True Jersey: 17
  -> Final Prediction (Multi-Image): 17
  -> Result: ? CORRECT

[167/3633] Processing: mem-vs-lal-0022401220_156-track_58637 | True Jersey: 4
  -> Final Prediction (Multi-Image): 4
  -> Result: ? CORRECT

[168/3633] Processing: min-vs-den-0022400952_254-track_45657 | True Jersey: 27
  -> Final Prediction (Multi-Image): 27
  -> Result: ? CORRECT

[169/3633] Processing: phi-vs-uta-0022400433_213-track_35107 | True Jersey: 21
  -> Final Prediction (Multi-Image): 8
  -> Result: ? INCORRECT (Ground Truth: 21)

[170/3633] Processing: lac-vs-dal-0022400368_169-track_49103 | True Jersey: 26
  -> Final Prediction (Multi-Image): 26
  -> Result: ? CORRECT

[171/3633] Processing: gsw-vs-mem-0022400366_373-track_45039 | True Jersey: 10
  -> Final Prediction (Multi-Image): 10
  -> Result: ? CORRECT

[172/3633] Processing: phi-vs-uta-0022400433_140-track_61651 | True Jersey: nan
  -> Final Prediction (Multi-Image): 1
  -> Result: ? INCORRECT (Ground Truth: nan)

[173/3633] Processing: gsw-vs-mem-0022400366_373-track_45001 | True Jersey: 15
  -> Final Prediction (Multi-Image): 15
  -> Result: ? CORRECT

[174/3633] Processing: gsw-vs-phi-0022400864_220-track_4447 | True Jersey: 0
  -> Final Prediction (Multi-Image): 0
  -> Result: ? CORRECT

[175/3633] Processing: mem-vs-lal-0022401220_156-track_58520 | True Jersey: 12
  -> Final Prediction (Multi-Image): 12
  -> Result: ? CORRECT

[176/3633] Processing: den-vs-por-0022400371_210-track_13289 | True Jersey: 33
  -> Final Prediction (Multi-Image): 22
  -> Result: ? INCORRECT (Ground Truth: 33)

[177/3633] Processing: por-vs-cle-0022400867_80-track_17337 | True Jersey: 33
  -> Final Prediction (Multi-Image): 33
  -> Result: ? CORRECT

[178/3633] Processing: bkn-vs-det-0022400861_44-track_25228 | True Jersey: 18
  -> Final Prediction (Multi-Image): 1
  -> Result: ? INCORRECT (Ground Truth: 18)

[179/3633] Processing: det-vs-lac-0022400898_280-track_8211 | True Jersey: 11
  -> Final Prediction (Multi-Image): 11
  -> Result: ? CORRECT

[180/3633] Processing: det-vs-lac-0022400898_61-track_8257 | True Jersey: 17
  -> Final Prediction (Multi-Image): 17
  -> Result: ? CORRECT

[181/3633] Processing: gsw-vs-nyk-0022400885_313-track_37260 | True Jersey: 21
  -> Final Prediction (Multi-Image): 5
  -> Result: ? INCORRECT (Ground Truth: 21)

[182/3633] Processing: lac-vs-dal-0022400368_169-track_49077 | True Jersey: 1
  -> Final Prediction (Multi-Image): 1
  -> Result: ? CORRECT

[183/3633] Processing: mil-vs-chi-0022400398_82-track_18187 | True Jersey: 8
  -> Final Prediction (Multi-Image): 8
  -> Result: ? CORRECT

[184/3633] Processing: den-vs-sac-0022401225_355-track_32902 | True Jersey: 20
  -> Final Prediction (Multi-Image): 20
  -> Result: ? CORRECT

[185/3633] Processing: det-vs-lac-0022400898_280-track_8160 | True Jersey: 00
  -> Final Prediction (Multi-Image): 0
  -> Result: ? INCORRECT (Ground Truth: 00)

[186/3633] Processing: mil-vs-dal-0022400865_141-track_2419 | True Jersey: 00
  -> Final Prediction (Multi-Image): 00
  -> Result: ? CORRECT

[187/3633] Processing: bos-vs-was-0022401217_199-track_16729 | True Jersey: 40
  -> Final Prediction (Multi-Image): 40
  -> Result: ? CORRECT

[188/3633] Processing: mem-vs-atl-0022400378_124-track_21072 | True Jersey: 13
  -> Final Prediction (Multi-Image): 13
  -> Result: ? CORRECT

[189/3633] Processing: chi-vs-tor-0022401223_140-track_23991 | True Jersey: 1
  -> Final Prediction (Multi-Image): 1
  -> Result: ? CORRECT

[190/3633] Processing: uta-vs-lac-0022401226_299-track_41669 | True Jersey: nan
  -> Final Prediction (Multi-Image): 7
  -> Result: ? INCORRECT (Ground Truth: nan)

[191/3633] Processing: cle-vs-chi-0022400886_233-track_48049 | True Jersey: 30
  -> Final Prediction (Multi-Image): 3
  -> Result: ? INCORRECT (Ground Truth: 30)

[192/3633] Processing: mia-vs-det-0022401221_30-track_11845 | True Jersey: nan
  -> Final Prediction (Multi-Image): 1
  -> Result: ? INCORRECT (Ground Truth: nan)

[193/3633] Processing: gsw-vs-bkn-0022400901_282-track_48929 | True Jersey: 20
  -> Final Prediction (Multi-Image): 20
  -> Result: ? CORRECT

[194/3633] Processing: uta-vs-lac-0022401226_115-track_60811 | True Jersey: 33
  -> Final Prediction (Multi-Image): 33
  -> Result: ? CORRECT

[195/3633] Processing: hou-vs-okc-0022400879_170-track_53898 | True Jersey: 34
  -> Final Prediction (Multi-Image): 34
  -> Result: ? CORRECT

[196/3633] Processing: mem-vs-lal-0022401220_451-track_1562 | True Jersey: 3
  -> Final Prediction (Multi-Image): 28
  -> Result: ? INCORRECT (Ground Truth: 3)

[197/3633] Processing: gsw-vs-phi-0022400864_233-track_37902 | True Jersey: 1
  -> Final Prediction (Multi-Image): 6
  -> Result: ? INCORRECT (Ground Truth: 1)

[198/3633] Processing: was-vs-mil-0022400382_236-track_34893 | True Jersey: nan
  -> Final Prediction (Multi-Image): 1
  -> Result: ? INCORRECT (Ground Truth: nan)

[199/3633] Processing: dal-vs-gsw-0022401228_95-track_26450 | True Jersey: 5
  -> Final Prediction (Multi-Image): 10
  -> Result: ? INCORRECT (Ground Truth: 5)

[200/3633] Processing: bkn-vs-det-0022400861_44-track_25318 | True Jersey: 7
  -> Final Prediction (Multi-Image): 7
  -> Result: ? CORRECT

[201/3633] Processing: mem-vs-nop-0022400923_190-track_22162 | True Jersey: 24
  -> Final Prediction (Multi-Image): 1
  -> Result: ? INCORRECT (Ground Truth: 24)

[202/3633] Processing: dal-vs-gsw-0022401228_202-track_12125 | True Jersey: 22
  -> Final Prediction (Multi-Image): 2
  -> Result: ? INCORRECT (Ground Truth: 22)

[203/3633] Processing: cle-vs-chi-0022400886_352-track_22958 | True Jersey: 15
  -> Final Prediction (Multi-Image): 14
  -> Result: ? INCORRECT (Ground Truth: 15)

[204/3633] Processing: gsw-vs-bkn-0022400901_14-track_20847 | True Jersey: 2
  -> Final Prediction (Multi-Image): 7
  -> Result: ? INCORRECT (Ground Truth: 2)

[205/3633] Processing: cle-vs-chi-0022400886_13-track_31654 | True Jersey: 10
  -> Final Prediction (Multi-Image): 10
  -> Result: ? CORRECT

[206/3633] Processing: uta-vs-was-0022400894_118-track_15693 | True Jersey: 18
  -> Final Prediction (Multi-Image): 11
  -> Result: ? INCORRECT (Ground Truth: 18)

[207/3633] Processing: phi-vs-cha-0022401222_146-track_50831 | True Jersey: 1
  -> Final Prediction (Multi-Image): 10
  -> Result: ? INCORRECT (Ground Truth: 1)

[208/3633] Processing: hou-vs-okc-0022400879_329-track_47008 | True Jersey: 21
  -> Final Prediction (Multi-Image): 21
  -> Result: ? CORRECT

[209/3633] Processing: nyk-vs-mia-0022400869_318-track_33407 | True Jersey: 3
  -> Final Prediction (Multi-Image): 3
  -> Result: ? CORRECT

[210/3633] Processing: lac-vs-dal-0022400368_331-track_60462 | True Jersey: 40
  -> Final Prediction (Multi-Image): 40
  -> Result: ? CORRECT

[211/3633] Processing: chi-vs-ind-0022400868_37-track_18637 | True Jersey: 0
  -> Final Prediction (Multi-Image): 0
  -> Result: ? CORRECT

[212/3633] Processing: por-vs-phx-0022401219_266-track_44564 | True Jersey: 8
  -> Final Prediction (Multi-Image): 8
  -> Result: ? CORRECT

[213/3633] Processing: gsw-vs-bkn-0022400901_296-track_10355 | True Jersey: 21
  -> Final Prediction (Multi-Image): 21
  -> Result: ? CORRECT

[214/3633] Processing: sas-vs-mem-0022400863_109-track_29304 | True Jersey: 0
  -> Final Prediction (Multi-Image): 0
  -> Result: ? CORRECT

[215/3633] Processing: den-vs-sac-0022401225_83-track_1908 | True Jersey: 20
  -> Final Prediction (Multi-Image): 20
  -> Result: ? CORRECT

[216/3633] Processing: lac-vs-dal-0022400368_379-track_47685 | True Jersey: 25
  -> Final Prediction (Multi-Image): 25
  -> Result: ? CORRECT

[217/3633] Processing: bos-vs-was-0022401217_199-track_16741 | True Jersey: 11
  -> Final Prediction (Multi-Image): 11
  -> Result: ? CORRECT

[218/3633] Processing: lac-vs-dal-0022400368_95-track_41459 | True Jersey: 33
  -> Final Prediction (Multi-Image): 33
  -> Result: ? CORRECT

[219/3633] Processing: gsw-vs-nyk-0022400885_341-track_33221 | True Jersey: 3
  -> Final Prediction (Multi-Image): 3
  -> Result: ? CORRECT

[220/3633] Processing: bos-vs-was-0022401217_293-track_24335 | True Jersey: 8
  -> Final Prediction (Multi-Image): 1
  -> Result: ? INCORRECT (Ground Truth: 8)

[221/3633] Processing: chi-vs-tor-0022401223_47-track_6679 | True Jersey: 2
  -> Final Prediction (Multi-Image): 2
  -> Result: ? CORRECT

[222/3633] Processing: mia-vs-det-0022401221_30-track_11966 | True Jersey: 12
  -> Final Prediction (Multi-Image): 12
  -> Result: ? CORRECT

[223/3633] Processing: cle-vs-bkn-0022401224_377-track_40500 | True Jersey: 45
  -> Final Prediction (Multi-Image): 45
  -> Result: ? CORRECT

[224/3633] Processing: nop-vs-uta-0022400872_365-track_18530 | True Jersey: 28
  -> Final Prediction (Multi-Image): 13
  -> Result: ? INCORRECT (Ground Truth: 28)

[225/3633] Processing: nyk-vs-nop-0022400384_243-track_30627 | True Jersey: 8
  -> Final Prediction (Multi-Image): 8
  -> Result: ? CORRECT

[226/3633] Processing: lac-vs-lal-0022400874_106-track_4992 | True Jersey: 10
  -> Final Prediction (Multi-Image): 10
  -> Result: ? CORRECT

[227/3633] Processing: bos-vs-was-0022401217_140-track_26717 | True Jersey: 16
  -> Final Prediction (Multi-Image): 16
  -> Result: ? CORRECT

[228/3633] Processing: nop-vs-uta-0022400872_242-track_41036 | True Jersey: 3
  -> Final Prediction (Multi-Image): 3
  -> Result: ? CORRECT

[229/3633] Processing: cle-vs-bkn-0022401224_377-track_40507 | True Jersey: 22
  -> Final Prediction (Multi-Image): 22
  -> Result: ? CORRECT

[230/3633] Processing: sas-vs-phi-0022400394_406-track_55709 | True Jersey: 28
  -> Final Prediction (Multi-Image): 28
  -> Result: ? CORRECT

[231/3633] Processing: hou-vs-okc-0022400879_43-track_41169 | True Jersey: 5
  -> Final Prediction (Multi-Image): 1
  -> Result: ? INCORRECT (Ground Truth: 5)

[232/3633] Processing: gsw-vs-mem-0022400366_149-track_33925 | True Jersey: nan
  -> Final Prediction (Multi-Image): 1
  -> Result: ? INCORRECT (Ground Truth: nan)

[233/3633] Processing: bkn-vs-det-0022400861_162-track_43410 | True Jersey: 0
  -> Final Prediction (Multi-Image): 5
  -> Result: ? INCORRECT (Ground Truth: 0)

[234/3633] Processing: nyk-vs-mia-0022400869_318-track_33449 | True Jersey: 55
  -> Final Prediction (Multi-Image): 5
  -> Result: ? INCORRECT (Ground Truth: 55)

[235/3633] Processing: mia-vs-det-0022401221_270-track_26726 | True Jersey: 2
  -> Final Prediction (Multi-Image): 2
  -> Result: ? CORRECT

[236/3633] Processing: sas-vs-sac-0022400910_171-track_14617 | True Jersey: 10
  -> Final Prediction (Multi-Image): 11
  -> Result: ? INCORRECT (Ground Truth: 10)

[237/3633] Processing: nop-vs-uta-0022400872_365-track_18520 | True Jersey: 13
  -> Final Prediction (Multi-Image): 13
  -> Result: ? CORRECT

[238/3633] Processing: mil-vs-atl-0022400884_203-track_39977 | True Jersey: 20
  -> Final Prediction (Multi-Image): 20
  -> Result: ? CORRECT

[239/3633] Processing: uta-vs-tor-0022400905_151-track_53120 | True Jersey: 22
  -> Final Prediction (Multi-Image): 2
  -> Result: ? INCORRECT (Ground Truth: 22)

[240/3633] Processing: gsw-vs-phi-0022400864_345-track_34578 | True Jersey: nan
  -> Final Prediction (Multi-Image): 2
  -> Result: ? INCORRECT (Ground Truth: nan)

[241/3633] Processing: gsw-vs-bkn-0022400901_86-track_50279 | True Jersey: 30
  -> Final Prediction (Multi-Image): 30
  -> Result: ? CORRECT

[242/3633] Processing: phi-vs-min-0022400887_84-track_16396 | True Jersey: 16
  -> Final Prediction (Multi-Image): 16
  -> Result: ? CORRECT

[243/3633] Processing: cle-vs-bkn-0022401224_118-track_9385 | True Jersey: 9
  -> Final Prediction (Multi-Image): 1
  -> Result: ? INCORRECT (Ground Truth: 9)

[244/3633] Processing: gsw-vs-phi-0022400864_233-track_37979 | True Jersey: 23
  -> Final Prediction (Multi-Image): 23
  -> Result: ? CORRECT

[245/3633] Processing: bkn-vs-det-0022400861_145-track_55139 | True Jersey: 45
  -> Final Prediction (Multi-Image): 45
  -> Result: ? CORRECT

[246/3633] Processing: bos-vs-was-0022401217_35-track_36226 | True Jersey: 8
  -> Final Prediction (Multi-Image): 8
  -> Result: ? CORRECT

[247/3633] Processing: gsw-vs-mem-0022400366_293-track_35690 | True Jersey: 7
  -> Final Prediction (Multi-Image): 7
  -> Result: ? CORRECT

[248/3633] Processing: hou-vs-okc-0022400879_48-track_42280 | True Jersey: 7
  -> Final Prediction (Multi-Image): 7
  -> Result: ? CORRECT

[249/3633] Processing: phi-vs-min-0022400887_256-track_26069 | True Jersey: 11
  -> Final Prediction (Multi-Image): 11
  -> Result: ? CORRECT

[250/3633] Processing: chi-vs-ind-0022400868_226-track_4807 | True Jersey: 43
  -> Final Prediction (Multi-Image): 43
  -> Result: ? CORRECT

[251/3633] Processing: bos-vs-was-0022401217_41-track_293 | True Jersey: 8
  -> Final Prediction (Multi-Image): 1
  -> Result: ? INCORRECT (Ground Truth: 8)

[252/3633] Processing: gsw-vs-bkn-0022400901_296-track_10409 | True Jersey: 23
  -> Final Prediction (Multi-Image): 0
  -> Result: ? INCORRECT (Ground Truth: 23)

[253/3633] Processing: gsw-vs-nyk-0022400885_341-track_33304 | True Jersey: nan
  -> Final Prediction (Multi-Image): 1
  -> Result: ? INCORRECT (Ground Truth: nan)

[254/3633] Processing: min-vs-den-0022400952_186-track_49198 | True Jersey: 15
  -> Final Prediction (Multi-Image): 15
  -> Result: ? CORRECT

[255/3633] Processing: gsw-vs-mem-0022400366_12-track_46596 | True Jersey: 71
  -> Final Prediction (Multi-Image): 6
  -> Result: ? INCORRECT (Ground Truth: 71)

[256/3633] Processing: phi-vs-min-0022400887_256-track_26009 | True Jersey: 28
  -> Final Prediction (Multi-Image): 11
  -> Result: ? INCORRECT (Ground Truth: 28)

[257/3633] Processing: sas-vs-mem-0022400863_289-track_514 | True Jersey: 14
  -> Final Prediction (Multi-Image): 14
  -> Result: ? CORRECT

[258/3633] Processing: den-vs-sac-0022401225_355-track_33002 | True Jersey: 23
  -> Final Prediction (Multi-Image): 2
  -> Result: ? INCORRECT (Ground Truth: 23)

[259/3633] Processing: gsw-vs-phi-0022400864_75-track_50142 | True Jersey: 28
  -> Final Prediction (Multi-Image): 25
  -> Result: ? INCORRECT (Ground Truth: 28)

[260/3633] Processing: sas-vs-sac-0022400910_72-track_1710 | True Jersey: 0
  -> Final Prediction (Multi-Image): 10
  -> Result: ? INCORRECT (Ground Truth: 0)

[261/3633] Processing: den-vs-sac-0022401225_83-track_1925 | True Jersey: 23
  -> Final Prediction (Multi-Image): 23
  -> Result: ? CORRECT

[262/3633] Processing: okc-vs-mia-0022400375_358-track_7927 | True Jersey: 55
  -> Final Prediction (Multi-Image): 35
  -> Result: ? INCORRECT (Ground Truth: 55)

[263/3633] Processing: gsw-vs-mem-0022400366_388-track_54780 | True Jersey: 24
  -> Final Prediction (Multi-Image): 4
  -> Result: ? INCORRECT (Ground Truth: 24)

[264/3633] Processing: gsw-vs-mem-0022400366_169-track_601 | True Jersey: 1
  -> Final Prediction (Multi-Image): 1
  -> Result: ? CORRECT

[265/3633] Processing: sas-vs-phi-0022400394_99-track_20435 | True Jersey: nan
  -> Final Prediction (Multi-Image): 1
  -> Result: ? INCORRECT (Ground Truth: nan)

[266/3633] Processing: mil-vs-atl-0022400884_107-track_39525 | True Jersey: nan
  -> Final Prediction (Multi-Image): 11
  -> Result: ? INCORRECT (Ground Truth: nan)

[267/3633] Processing: uta-vs-tor-0022400905_151-track_53165 | True Jersey: 0
  -> Final Prediction (Multi-Image): 11
  -> Result: ? INCORRECT (Ground Truth: 0)

[268/3633] Processing: chi-vs-tor-0022401223_140-track_23983 | True Jersey: 20
  -> Final Prediction (Multi-Image): 10
  -> Result: ? INCORRECT (Ground Truth: 20)

[269/3633] Processing: chi-vs-tor-0022401223_17-track_60367 | True Jersey: 3
  -> Final Prediction (Multi-Image): 3
  -> Result: ? CORRECT

[270/3633] Processing: sac-vs-hou-0022400862_97-track_32358 | True Jersey: nan
  -> Final Prediction (Multi-Image): 10
  -> Result: ? INCORRECT (Ground Truth: nan)

[271/3633] Processing: cle-vs-bkn-0022401224_134-track_22415 | True Jersey: 35
  -> Final Prediction (Multi-Image): 35
  -> Result: ? CORRECT

[272/3633] Processing: chi-vs-ind-0022400868_37-track_18659 | True Jersey: 33
  -> Final Prediction (Multi-Image): 33
  -> Result: ? CORRECT

[273/3633] Processing: por-vs-phx-0022401219_114-track_33094 | True Jersey: 00
  -> Final Prediction (Multi-Image): 0
  -> Result: ? INCORRECT (Ground Truth: 00)

[274/3633] Processing: gsw-vs-nyk-0022400885_274-track_59579 | True Jersey: 7
  -> Final Prediction (Multi-Image): 7
  -> Result: ? CORRECT

[275/3633] Processing: nop-vs-uta-0022400872_80-track_56670 | True Jersey: 24
  -> Final Prediction (Multi-Image): 24
  -> Result: ? CORRECT

[276/3633] Processing: por-vs-phx-0022401219_266-track_44648 | True Jersey: 34
  -> Final Prediction (Multi-Image): 33
  -> Result: ? INCORRECT (Ground Truth: 34)

[277/3633] Processing: bkn-vs-det-0022400861_15-track_53378 | True Jersey: 9
  -> Final Prediction (Multi-Image): 3
  -> Result: ? INCORRECT (Ground Truth: 9)

[278/3633] Processing: min-vs-sas-0022401218_286-track_42593 | True Jersey: 10
  -> Final Prediction (Multi-Image): 10
  -> Result: ? CORRECT

[279/3633] Processing: phx-vs-den-0022400402_55-track_35050 | True Jersey: 23
  -> Final Prediction (Multi-Image): 25
  -> Result: ? INCORRECT (Ground Truth: 23)

[280/3633] Processing: okc-vs-sas-0022400871_210-track_38393 | True Jersey: 5
  -> Final Prediction (Multi-Image): 5
  -> Result: ? CORRECT

[281/3633] Processing: gsw-vs-nyk-0022400885_276-track_60439 | True Jersey: 5
  -> Final Prediction (Multi-Image): 1
  -> Result: ? INCORRECT (Ground Truth: 5)

[282/3633] Processing: sas-vs-sac-0022400910_115-track_6661 | True Jersey: 0
  -> Final Prediction (Multi-Image): 0
  -> Result: ? CORRECT

[283/3633] Processing: nop-vs-ind-0022401216_429-track_1822 | True Jersey: 00
  -> Final Prediction (Multi-Image): 3
  -> Result: ? INCORRECT (Ground Truth: 00)

[284/3633] Processing: dal-vs-gsw-0022401228_95-track_26542 | True Jersey: nan
  -> Final Prediction (Multi-Image): 11
  -> Result: ? INCORRECT (Ground Truth: nan)

[285/3633] Processing: cle-vs-chi-0022400886_187-track_62215 | True Jersey: 35
  -> Final Prediction (Multi-Image): 35
  -> Result: ? CORRECT

[286/3633] Processing: gsw-vs-mem-0022400366_411-track_26203 | True Jersey: 24
  -> Final Prediction (Multi-Image): 24
  -> Result: ? CORRECT

[287/3633] Processing: lac-vs-lal-0022400874_106-track_4994 | True Jersey: 23
  -> Final Prediction (Multi-Image): 13
  -> Result: ? INCORRECT (Ground Truth: 23)

[288/3633] Processing: gsw-vs-bkn-0022400901_265-track_32722 | True Jersey: 22
  -> Final Prediction (Multi-Image): 22
  -> Result: ? CORRECT

[289/3633] Processing: chi-vs-bos-0022400363_357-track_3332 | True Jersey: 7
  -> Final Prediction (Multi-Image): 1
  -> Result: ? INCORRECT (Ground Truth: 7)

[290/3633] Processing: lac-vs-dal-0022400368_169-track_49071 | True Jersey: 13
  -> Final Prediction (Multi-Image): 13
  -> Result: ? CORRECT

[291/3633] Processing: cle-vs-bkn-0022401224_134-track_22260 | True Jersey: 35
  -> Final Prediction (Multi-Image): 23
  -> Result: ? INCORRECT (Ground Truth: 35)

[292/3633] Processing: hou-vs-okc-0022400879_307-track_8873 | True Jersey: 3
  -> Final Prediction (Multi-Image): 3
  -> Result: ? CORRECT

[293/3633] Processing: min-vs-den-0022400952_186-track_49210 | True Jersey: 0
  -> Final Prediction (Multi-Image): 3
  -> Result: ? INCORRECT (Ground Truth: 0)

[294/3633] Processing: det-vs-gsw-0022400919_452-track_16429 | True Jersey: 21
  -> Final Prediction (Multi-Image): 21
  -> Result: ? CORRECT

[295/3633] Processing: nop-vs-ind-0022401216_23-track_40105 | True Jersey: 5
  -> Final Prediction (Multi-Image): 10
  -> Result: ? INCORRECT (Ground Truth: 5)

[296/3633] Processing: chi-vs-bos-0022400363_398-track_44558 | True Jersey: 0
  -> Final Prediction (Multi-Image): 0
  -> Result: ? CORRECT

[297/3633] Processing: chi-vs-ind-0022400868_304-track_7850 | True Jersey: 30
  -> Final Prediction (Multi-Image): 30
  -> Result: ? CORRECT

[298/3633] Processing: nyk-vs-mia-0022400869_318-track_33513 | True Jersey: 3
  -> Final Prediction (Multi-Image): 7
  -> Result: ? INCORRECT (Ground Truth: 3)

[299/3633] Processing: phi-vs-cha-0022401222_146-track_50847 | True Jersey: 24
  -> Final Prediction (Multi-Image): 24
  -> Result: ? CORRECT

[300/3633] Processing: mil-vs-chi-0022400398_47-track_45363 | True Jersey: 8
  -> Final Prediction (Multi-Image): 8
  -> Result: ? CORRECT

[301/3633] Processing: bkn-vs-det-0022400861_15-track_53512 | True Jersey: 8
  -> Final Prediction (Multi-Image): 8
  -> Result: ? CORRECT

[302/3633] Processing: chi-vs-bos-0022400363_398-track_44555 | True Jersey: 8
  -> Final Prediction (Multi-Image): 7
  -> Result: ? INCORRECT (Ground Truth: 8)

[303/3633] Processing: uta-vs-was-0022400894_186-track_13029 | True Jersey: 8
  -> Final Prediction (Multi-Image): 1
  -> Result: ? INCORRECT (Ground Truth: 8)

[304/3633] Processing: hou-vs-okc-0022400879_170-track_53917 | True Jersey: 4
  -> Final Prediction (Multi-Image): 1
  -> Result: ? INCORRECT (Ground Truth: 4)

[305/3633] Processing: mil-vs-chi-0022400398_335-track_3571 | True Jersey: 44
  -> Final Prediction (Multi-Image): 44
  -> Result: ? CORRECT

[306/3633] Processing: gsw-vs-nyk-0022400885_274-track_59599 | True Jersey: 5
  -> Final Prediction (Multi-Image): 5
  -> Result: ? CORRECT

[307/3633] Processing: phx-vs-den-0022400402_301-track_22656 | True Jersey: 4
  -> Final Prediction (Multi-Image): 4
  -> Result: ? CORRECT

[308/3633] Processing: den-vs-bos-0022400866_195-track_30866 | True Jersey: nan
  -> Final Prediction (Multi-Image): 1
  -> Result: ? INCORRECT (Ground Truth: nan)

[309/3633] Processing: cle-vs-bkn-0022401224_118-track_9386 | True Jersey: 31
  -> Final Prediction (Multi-Image): 31
  -> Result: ? CORRECT

[310/3633] Processing: mem-vs-lal-0022401220_156-track_58361 | True Jersey: 22
  -> Final Prediction (Multi-Image): 22
  -> Result: ? CORRECT

[311/3633] Processing: gsw-vs-mem-0022400366_12-track_46730 | True Jersey: 22
  -> Final Prediction (Multi-Image): 15
  -> Result: ? INCORRECT (Ground Truth: 22)

[312/3633] Processing: gsw-vs-bkn-0022400901_14-track_20916 | True Jersey: 30
  -> Final Prediction (Multi-Image): 33
  -> Result: ? INCORRECT (Ground Truth: 30)

[313/3633] Processing: gsw-vs-nyk-0022400885_353-track_13894 | True Jersey: 4
  -> Final Prediction (Multi-Image): 5
  -> Result: ? INCORRECT (Ground Truth: 4)

[314/3633] Processing: sas-vs-sac-0022400910_72-track_1636 | True Jersey: 10
  -> Final Prediction (Multi-Image): 1
  -> Result: ? INCORRECT (Ground Truth: 10)

[315/3633] Processing: sac-vs-hou-0022400862_145-track_13234 | True Jersey: 0
  -> Final Prediction (Multi-Image): 7
  -> Result: ? INCORRECT (Ground Truth: 0)

[316/3633] Processing: den-vs-sac-0022401225_393-track_24424 | True Jersey: 23
  -> Final Prediction (Multi-Image): 23
  -> Result: ? CORRECT

[317/3633] Processing: gsw-vs-bkn-0022400901_367-track_36164 | True Jersey: 24
  -> Final Prediction (Multi-Image): 24
  -> Result: ? CORRECT

[318/3633] Processing: gsw-vs-nyk-0022400885_373-track_56101 | True Jersey: 11
  -> Final Prediction (Multi-Image): 1
  -> Result: ? INCORRECT (Ground Truth: 11)

[319/3633] Processing: min-vs-sas-0022401218_175-track_39595 | True Jersey: 24
  -> Final Prediction (Multi-Image): 24
  -> Result: ? CORRECT

[320/3633] Processing: nyk-vs-mia-0022400869_368-track_57063 | True Jersey: 45
  -> Final Prediction (Multi-Image): 41
  -> Result: ? INCORRECT (Ground Truth: 45)

[321/3633] Processing: min-vs-den-0022400952_254-track_45624 | True Jersey: nan
  -> Final Prediction (Multi-Image): 10
  -> Result: ? INCORRECT (Ground Truth: nan)

[322/3633] Processing: por-vs-cle-0022400867_80-track_17273 | True Jersey: 33
  -> Final Prediction (Multi-Image): 2
  -> Result: ? INCORRECT (Ground Truth: 33)

[323/3633] Processing: mem-vs-nop-0022400923_347-track_55110 | True Jersey: 13
  -> Final Prediction (Multi-Image): 13
  -> Result: ? CORRECT

[324/3633] Processing: chi-vs-ind-0022400868_100-track_7117 | True Jersey: 0
  -> Final Prediction (Multi-Image): 0
  -> Result: ? CORRECT

[325/3633] Processing: phi-vs-cha-0022401222_146-track_50772 | True Jersey: 24
  -> Final Prediction (Multi-Image): 24
  -> Result: ? CORRECT

[326/3633] Processing: bos-vs-was-0022401217_199-track_16738 | True Jersey: 0
  -> Final Prediction (Multi-Image): 0
  -> Result: ? CORRECT

[327/3633] Processing: nyk-vs-orl-0022401227_5-track_18441 | True Jersey: 4
  -> Final Prediction (Multi-Image): 1
  -> Result: ? INCORRECT (Ground Truth: 4)

[328/3633] Processing: nyk-vs-nop-0022400384_135-track_45060 | True Jersey: 25
  -> Final Prediction (Multi-Image): 15
  -> Result: ? INCORRECT (Ground Truth: 25)

[329/3633] Processing: gsw-vs-bkn-0022400901_265-track_32892 | True Jersey: 8
  -> Final Prediction (Multi-Image): 14
  -> Result: ? INCORRECT (Ground Truth: 8)

[330/3633] Processing: nyk-vs-min-0022400367_129-track_54996 | True Jersey: 10
  -> Final Prediction (Multi-Image): 10
  -> Result: ? CORRECT

[331/3633] Processing: chi-vs-tor-0022401223_226-track_18339 | True Jersey: 3
  -> Final Prediction (Multi-Image): 3
  -> Result: ? CORRECT

[332/3633] Processing: mem-vs-lal-0022401220_174-track_51998 | True Jersey: 1
  -> Final Prediction (Multi-Image): 14
  -> Result: ? INCORRECT (Ground Truth: 1)

[333/3633] Processing: det-vs-por-0022400926_441-track_40906 | True Jersey: 17
  -> Final Prediction (Multi-Image): 17
  -> Result: ? CORRECT

[334/3633] Processing: sac-vs-hou-0022400862_261-track_8741 | True Jersey: 10
  -> Final Prediction (Multi-Image): 10
  -> Result: ? CORRECT

[335/3633] Processing: chi-vs-bos-0022400363_357-track_3321 | True Jersey: 9
  -> Final Prediction (Multi-Image): 9
  -> Result: ? CORRECT

[336/3633] Processing: nyk-vs-orl-0022401227_5-track_18474 | True Jersey: 8
  -> Final Prediction (Multi-Image): 8
  -> Result: ? CORRECT

[337/3633] Processing: chi-vs-bos-0022400363_357-track_3324 | True Jersey: 0
  -> Final Prediction (Multi-Image): 10
  -> Result: ? INCORRECT (Ground Truth: 0)

[338/3633] Processing: den-vs-bos-0022400866_195-track_30806 | True Jersey: 00
  -> Final Prediction (Multi-Image): 0
  -> Result: ? INCORRECT (Ground Truth: 00)

[339/3633] Processing: chi-vs-bos-0022400363_58-track_28674 | True Jersey: 0
  -> Final Prediction (Multi-Image): 0
  -> Result: ? CORRECT

[340/3633] Processing: min-vs-den-0022400952_254-track_45587 | True Jersey: 15
  -> Final Prediction (Multi-Image): 15
  -> Result: ? CORRECT

[341/3633] Processing: chi-vs-bos-0022400363_19-track_12430 | True Jersey: 9
  -> Final Prediction (Multi-Image): 8
  -> Result: ? INCORRECT (Ground Truth: 9)

[342/3633] Processing: cle-vs-chi-0022400886_187-track_62150 | True Jersey: 35
  -> Final Prediction (Multi-Image): 5
  -> Result: ? INCORRECT (Ground Truth: 35)

[343/3633] Processing: nop-vs-hou-0022400365_125-track_11152 | True Jersey: 12
  -> Final Prediction (Multi-Image): 12
  -> Result: ? CORRECT

[344/3633] Processing: min-vs-den-0022400952_126-track_7770 | True Jersey: 30
  -> Final Prediction (Multi-Image): 30
  -> Result: ? CORRECT

[345/3633] Processing: mil-vs-dal-0022400865_186-track_11666 | True Jersey: 34
  -> Final Prediction (Multi-Image): 3
  -> Result: ? INCORRECT (Ground Truth: 34)

[346/3633] Processing: nyk-vs-nop-0022400384_359-track_39007 | True Jersey: 3
  -> Final Prediction (Multi-Image): 3
  -> Result: ? CORRECT

[347/3633] Processing: bos-vs-was-0022401217_41-track_253 | True Jersey: 8
  -> Final Prediction (Multi-Image): 8
  -> Result: ? CORRECT

[348/3633] Processing: chi-vs-bos-0022400363_19-track_12433 | True Jersey: 9
  -> Final Prediction (Multi-Image): 9
  -> Result: ? CORRECT

[349/3633] Processing: gsw-vs-nyk-0022400885_353-track_13892 | True Jersey: 25
  -> Final Prediction (Multi-Image): 25
  -> Result: ? CORRECT

[350/3633] Processing: uta-vs-tor-0022400905_434-track_50540 | True Jersey: 77
  -> Final Prediction (Multi-Image): 11
  -> Result: ? INCORRECT (Ground Truth: 77)

[351/3633] Processing: chi-vs-bos-0022400363_205-track_3126 | True Jersey: 4
  -> Final Prediction (Multi-Image): 10
  -> Result: ? INCORRECT (Ground Truth: 4)

[352/3633] Processing: nop-vs-ind-0022401216_429-track_1767 | True Jersey: 11
  -> Final Prediction (Multi-Image): 11
  -> Result: ? CORRECT

[353/3633] Processing: uta-vs-lac-0022401226_115-track_60902 | True Jersey: 11
  -> Final Prediction (Multi-Image): 11
  -> Result: ? CORRECT

[354/3633] Processing: nyk-vs-nop-0022400384_135-track_45062 | True Jersey: 8
  -> Final Prediction (Multi-Image): 0
  -> Result: ? INCORRECT (Ground Truth: 8)

[355/3633] Processing: chi-vs-bos-0022400363_19-track_12464 | True Jersey: 8
  -> Final Prediction (Multi-Image): 8
  -> Result: ? CORRECT

[356/3633] Processing: det-vs-gsw-0022400919_47-track_9632 | True Jersey: 30
  -> Final Prediction (Multi-Image): 30
  -> Result: ? CORRECT

[357/3633] Processing: gsw-vs-nyk-0022400885_213-track_48026 | True Jersey: 10
  -> Final Prediction (Multi-Image): 12
  -> Result: ? INCORRECT (Ground Truth: 10)

[358/3633] Processing: den-vs-bos-0022400866_307-track_21360 | True Jersey: 27
  -> Final Prediction (Multi-Image): 27
  -> Result: ? CORRECT

[359/3633] Processing: cle-vs-chi-0022400886_13-track_31667 | True Jersey: 31
  -> Final Prediction (Multi-Image): 21
  -> Result: ? INCORRECT (Ground Truth: 31)

[360/3633] Processing: mil-vs-dal-0022400865_316-track_2051 | True Jersey: 18
  -> Final Prediction (Multi-Image): 14
  -> Result: ? INCORRECT (Ground Truth: 18)

[361/3633] Processing: sas-vs-sac-0022400910_72-track_1731 | True Jersey: 20
  -> Final Prediction (Multi-Image): 30
  -> Result: ? INCORRECT (Ground Truth: 20)

[362/3633] Processing: por-vs-phx-0022401219_114-track_33049 | True Jersey: 5
  -> Final Prediction (Multi-Image): 5
  -> Result: ? CORRECT

[363/3633] Processing: nop-vs-uta-0022400872_80-track_56756 | True Jersey: 15
  -> Final Prediction (Multi-Image): 15
  -> Result: ? CORRECT

[364/3633] Processing: hou-vs-okc-0022400879_1-track_33925 | True Jersey: 10
  -> Final Prediction (Multi-Image): 1
  -> Result: ? INCORRECT (Ground Truth: 10)

[365/3633] Processing: tor-vs-orl-0022400870_282-track_41695 | True Jersey: 35
  -> Final Prediction (Multi-Image): 55
  -> Result: ? INCORRECT (Ground Truth: 35)

[366/3633] Processing: sas-vs-phi-0022400394_94-track_54341 | True Jersey: 5
  -> Final Prediction (Multi-Image): 5
  -> Result: ? CORRECT

[367/3633] Processing: mia-vs-det-0022401221_241-track_14848 | True Jersey: 13
  -> Final Prediction (Multi-Image): 13
  -> Result: ? CORRECT

[368/3633] Processing: gsw-vs-mem-0022400366_411-track_26305 | True Jersey: 10
  -> Final Prediction (Multi-Image): 10
  -> Result: ? CORRECT

[369/3633] Processing: mil-vs-chi-0022400398_335-track_3481 | True Jersey: 8
  -> Final Prediction (Multi-Image): 8
  -> Result: ? CORRECT

[370/3633] Processing: hou-vs-okc-0022400879_170-track_53892 | True Jersey: 2
  -> Final Prediction (Multi-Image): 2
  -> Result: ? CORRECT

[371/3633] Processing: hou-vs-okc-0022400879_1-track_33961 | True Jersey: 7
  -> Final Prediction (Multi-Image): 5
  -> Result: ? INCORRECT (Ground Truth: 7)

[372/3633] Processing: gsw-vs-mem-0022400366_12-track_46701 | True Jersey: 22
  -> Final Prediction (Multi-Image): 22
  -> Result: ? CORRECT

[373/3633] Processing: mem-vs-atl-0022400378_321-track_10725 | True Jersey: 46
  -> Final Prediction (Multi-Image): 14
  -> Result: ? INCORRECT (Ground Truth: 46)

[374/3633] Processing: bkn-vs-det-0022400861_109-track_59095 | True Jersey: 2
  -> Final Prediction (Multi-Image): 7
  -> Result: ? INCORRECT (Ground Truth: 2)

[375/3633] Processing: lac-vs-lal-0022400874_374-track_54128 | True Jersey: 77
  -> Final Prediction (Multi-Image): 77
  -> Result: ? CORRECT

[376/3633] Processing: cle-vs-chi-0022400886_352-track_23163 | True Jersey: 32
  -> Final Prediction (Multi-Image): 10
  -> Result: ? INCORRECT (Ground Truth: 32)

[377/3633] Processing: chi-vs-bos-0022400363_205-track_3040 | True Jersey: 0
  -> Final Prediction (Multi-Image): 0
  -> Result: ? CORRECT

[378/3633] Processing: mem-vs-lal-0022401220_156-track_58690 | True Jersey: 13
  -> Final Prediction (Multi-Image): 15
  -> Result: ? INCORRECT (Ground Truth: 13)

[379/3633] Processing: det-vs-gsw-0022400919_452-track_16436 | True Jersey: 30
  -> Final Prediction (Multi-Image): 12
  -> Result: ? INCORRECT (Ground Truth: 30)

[380/3633] Processing: mil-vs-dal-0022400865_286-track_16832 | True Jersey: 7
  -> Final Prediction (Multi-Image): 7
  -> Result: ? CORRECT

[381/3633] Processing: mil-vs-dal-0022400865_316-track_1989 | True Jersey: 26
  -> Final Prediction (Multi-Image): 26
  -> Result: ? CORRECT

[382/3633] Processing: mem-vs-lal-0022401220_343-track_52553 | True Jersey: 4
  -> Final Prediction (Multi-Image): 4
  -> Result: ? CORRECT

[383/3633] Processing: cle-vs-chi-0022400886_364-track_44849 | True Jersey: 0
  -> Final Prediction (Multi-Image): 0
  -> Result: ? CORRECT

[384/3633] Processing: gsw-vs-bkn-0022400901_14-track_20845 | True Jersey: 1
  -> Final Prediction (Multi-Image): 1
  -> Result: ? CORRECT

[385/3633] Processing: uta-vs-was-0022400894_215-track_1403 | True Jersey: 99
  -> Final Prediction (Multi-Image): 99
  -> Result: ? CORRECT

[386/3633] Processing: chi-vs-ind-0022400868_255-track_47240 | True Jersey: 15
  -> Final Prediction (Multi-Image): 15
  -> Result: ? CORRECT

[387/3633] Processing: bkn-vs-det-0022400861_210-track_6088 | True Jersey: 28
  -> Final Prediction (Multi-Image): 28
  -> Result: ? CORRECT

[388/3633] Processing: nop-vs-ind-0022401216_293-track_16627 | True Jersey: 5
  -> Final Prediction (Multi-Image): 5
  -> Result: ? CORRECT

[389/3633] Processing: phx-vs-den-0022400402_55-track_34967 | True Jersey: 1
  -> Final Prediction (Multi-Image): 7
  -> Result: ? INCORRECT (Ground Truth: 1)

[390/3633] Processing: bos-vs-was-0022401217_41-track_279 | True Jersey: 13
  -> Final Prediction (Multi-Image): 12
  -> Result: ? INCORRECT (Ground Truth: 13)

[391/3633] Processing: chi-vs-ind-0022400868_304-track_7615 | True Jersey: 9
  -> Final Prediction (Multi-Image): 9
  -> Result: ? CORRECT

[392/3633] Processing: nop-vs-uta-0022400872_348-track_29725 | True Jersey: 21
  -> Final Prediction (Multi-Image): 21
  -> Result: ? CORRECT

[393/3633] Processing: mil-vs-atl-0022400884_203-track_40047 | True Jersey: 5
  -> Final Prediction (Multi-Image): 5
  -> Result: ? CORRECT

[394/3633] Processing: chi-vs-bos-0022400363_51-track_17362 | True Jersey: 7
  -> Final Prediction (Multi-Image): 7
  -> Result: ? CORRECT

[395/3633] Processing: gsw-vs-bkn-0022400901_296-track_10389 | True Jersey: 23
  -> Final Prediction (Multi-Image): 23
  -> Result: ? CORRECT

[396/3633] Processing: mil-vs-cle-0022400374_316-track_29910 | True Jersey: 5
  -> Final Prediction (Multi-Image): 5
  -> Result: ? CORRECT

[397/3633] Processing: chi-vs-bos-0022400363_11-track_57152 | True Jersey: nan
  -> Final Prediction (Multi-Image): 10
  -> Result: ? INCORRECT (Ground Truth: nan)

[398/3633] Processing: den-vs-bos-0022400866_195-track_30714 | True Jersey: 0
  -> Final Prediction (Multi-Image): 0
  -> Result: ? CORRECT

[399/3633] Processing: uta-vs-was-0022400894_186-track_13094 | True Jersey: nan
  -> Final Prediction (Multi-Image): 1
  -> Result: ? INCORRECT (Ground Truth: nan)

[400/3633] Processing: cle-vs-bkn-0022401224_22-track_2184 | True Jersey: 31
  -> Final Prediction (Multi-Image): 45
  -> Result: ? INCORRECT (Ground Truth: 31)

[401/3633] Processing: mil-vs-chi-0022400398_130-track_25596 | True Jersey: 11
  -> Final Prediction (Multi-Image): 11
  -> Result: ? CORRECT

[402/3633] Processing: por-vs-phx-0022401219_24-track_1009 | True Jersey: nan
  -> Final Prediction (Multi-Image): 1
  -> Result: ? INCORRECT (Ground Truth: nan)

[403/3633] Processing: hou-vs-okc-0022400879_48-track_42345 | True Jersey: 55
  -> Final Prediction (Multi-Image): 5
  -> Result: ? INCORRECT (Ground Truth: 55)

[404/3633] Processing: den-vs-por-0022400371_173-track_39720 | True Jersey: 32
  -> Final Prediction (Multi-Image): 32
  -> Result: ? CORRECT

[405/3633] Processing: gsw-vs-bkn-0022400901_282-track_48944 | True Jersey: 9
  -> Final Prediction (Multi-Image): 9
  -> Result: ? CORRECT

[406/3633] Processing: chi-vs-tor-0022401223_140-track_24038 | True Jersey: 9
  -> Final Prediction (Multi-Image): 9
  -> Result: ? CORRECT

[407/3633] Processing: hou-vs-okc-0022400879_307-track_8878 | True Jersey: 2
  -> Final Prediction (Multi-Image): 2
  -> Result: ? CORRECT

[408/3633] Processing: gsw-vs-phi-0022400864_345-track_34574 | True Jersey: 9
  -> Final Prediction (Multi-Image): 6
  -> Result: ? INCORRECT (Ground Truth: 9)

[409/3633] Processing: tor-vs-orl-0022400870_250-track_7615 | True Jersey: 13
  -> Final Prediction (Multi-Image): 13
  -> Result: ? CORRECT

[410/3633] Processing: mem-vs-lal-0022401220_174-track_51985 | True Jersey: 7
  -> Final Prediction (Multi-Image): 7
  -> Result: ? CORRECT

[411/3633] Processing: chi-vs-bos-0022400363_205-track_3111 | True Jersey: 8
  -> Final Prediction (Multi-Image): 1
  -> Result: ? INCORRECT (Ground Truth: 8)

[412/3633] Processing: chi-vs-ind-0022400868_304-track_7838 | True Jersey: 15
  -> Final Prediction (Multi-Image): 15
  -> Result: ? CORRECT

[413/3633] Processing: phx-vs-den-0022400402_301-track_22706 | True Jersey: 3
  -> Final Prediction (Multi-Image): 3
  -> Result: ? CORRECT

[414/3633] Processing: phx-vs-den-0022400402_55-track_35027 | True Jersey: 8
  -> Final Prediction (Multi-Image): 8
  -> Result: ? CORRECT

[415/3633] Processing: sac-vs-hou-0022400862_212-track_24103 | True Jersey: 0
  -> Final Prediction (Multi-Image): 0
  -> Result: ? CORRECT

[416/3633] Processing: chi-vs-bos-0022400363_11-track_57145 | True Jersey: 8
  -> Final Prediction (Multi-Image): 8
  -> Result: ? CORRECT

[417/3633] Processing: nyk-vs-orl-0022401227_49-track_21647 | True Jersey: nan
  -> Final Prediction (Multi-Image): 9
  -> Result: ? INCORRECT (Ground Truth: nan)

[418/3633] Processing: mil-vs-cle-0022400374_321-track_14675 | True Jersey: 24
  -> Final Prediction (Multi-Image): 24
  -> Result: ? CORRECT

[419/3633] Processing: mem-vs-lal-0022401220_451-track_1545 | True Jersey: 12
  -> Final Prediction (Multi-Image): 12
  -> Result: ? CORRECT

[420/3633] Processing: mia-vs-det-0022401221_241-track_14850 | True Jersey: 8
  -> Final Prediction (Multi-Image): 1
  -> Result: ? INCORRECT (Ground Truth: 8)

[421/3633] Processing: lac-vs-dal-0022400368_331-track_60469 | True Jersey: 40
  -> Final Prediction (Multi-Image): 40
  -> Result: ? CORRECT

[422/3633] Processing: mia-vs-det-0022401221_306-track_37834 | True Jersey: 42
  -> Final Prediction (Multi-Image): 42
  -> Result: ? CORRECT

[423/3633] Processing: por-vs-cle-0022400867_80-track_17293 | True Jersey: 1
  -> Final Prediction (Multi-Image): 2
  -> Result: ? INCORRECT (Ground Truth: 1)

[424/3633] Processing: chi-vs-ind-0022400868_293-track_19709 | True Jersey: 22
  -> Final Prediction (Multi-Image): 22
  -> Result: ? CORRECT

[425/3633] Processing: chi-vs-ind-0022400868_255-track_47271 | True Jersey: 5
  -> Final Prediction (Multi-Image): 5
  -> Result: ? CORRECT

[426/3633] Processing: den-vs-bos-0022400866_307-track_21373 | True Jersey: 11
  -> Final Prediction (Multi-Image): 11
  -> Result: ? CORRECT

[427/3633] Processing: mem-vs-lal-0022401220_343-track_52557 | True Jersey: 23
  -> Final Prediction (Multi-Image): 23
  -> Result: ? CORRECT

[428/3633] Processing: hou-vs-okc-0022400879_430-track_56556 | True Jersey: 9
  -> Final Prediction (Multi-Image): 11
  -> Result: ? INCORRECT (Ground Truth: 9)

[429/3633] Processing: mil-vs-dal-0022400865_142-track_52347 | True Jersey: 00
  -> Final Prediction (Multi-Image): 10
  -> Result: ? INCORRECT (Ground Truth: 00)

[430/3633] Processing: hou-vs-okc-0022400879_1-track_34023 | True Jersey: 7
  -> Final Prediction (Multi-Image): 7
  -> Result: ? CORRECT

[431/3633] Processing: gsw-vs-bkn-0022400901_2-track_40979 | True Jersey: 4
  -> Final Prediction (Multi-Image): 5
  -> Result: ? INCORRECT (Ground Truth: 4)

[432/3633] Processing: mil-vs-dal-0022400865_142-track_52346 | True Jersey: 12
  -> Final Prediction (Multi-Image): 12
  -> Result: ? CORRECT

[433/3633] Processing: nyk-vs-min-0022400367_360-track_40598 | True Jersey: 00
  -> Final Prediction (Multi-Image): 1
  -> Result: ? INCORRECT (Ground Truth: 00)

[434/3633] Processing: nyk-vs-min-0022400367_153-track_10123 | True Jersey: 2
  -> Final Prediction (Multi-Image): 2
  -> Result: ? CORRECT

[435/3633] Processing: tor-vs-nyk-0022400397_25-track_19836 | True Jersey: 4
  -> Final Prediction (Multi-Image): 4
  -> Result: ? CORRECT

[436/3633] Processing: cle-vs-bkn-0022401224_118-track_9486 | True Jersey: 1
  -> Final Prediction (Multi-Image): 1
  -> Result: ? CORRECT

[437/3633] Processing: den-vs-sac-0022401225_393-track_24480 | True Jersey: nan
  -> Final Prediction (Multi-Image): 1
  -> Result: ? INCORRECT (Ground Truth: nan)

[438/3633] Processing: det-vs-gsw-0022400919_452-track_16455 | True Jersey: 30
  -> Final Prediction (Multi-Image): 2
  -> Result: ? INCORRECT (Ground Truth: 30)

[439/3633] Processing: mil-vs-dal-0022400865_297-track_32196 | True Jersey: 1
  -> Final Prediction (Multi-Image): 1
  -> Result: ? CORRECT

[440/3633] Processing: por-vs-phx-0022401219_266-track_44715 | True Jersey: 1
  -> Final Prediction (Multi-Image): 0
  -> Result: ? INCORRECT (Ground Truth: 1)

[441/3633] Processing: gsw-vs-mem-0022400366_373-track_44966 | True Jersey: 2
  -> Final Prediction (Multi-Image): 2
  -> Result: ? CORRECT

[442/3633] Processing: gsw-vs-bkn-0022400901_14-track_20879 | True Jersey: 2
  -> Final Prediction (Multi-Image): 2
  -> Result: ? CORRECT

[443/3633] Processing: min-vs-phx-0022400873_301-track_12639 | True Jersey: 00
  -> Final Prediction (Multi-Image): 00
  -> Result: ? CORRECT

[444/3633] Processing: chi-vs-tor-0022401223_253-track_27273 | True Jersey: nan
  -> Final Prediction (Multi-Image): 25
  -> Result: ? INCORRECT (Ground Truth: nan)

[445/3633] Processing: gsw-vs-phi-0022400864_220-track_4566 | True Jersey: 30
  -> Final Prediction (Multi-Image): 10
  -> Result: ? INCORRECT (Ground Truth: 30)

[446/3633] Processing: bos-vs-was-0022401217_112-track_4127 | True Jersey: 8
  -> Final Prediction (Multi-Image): 8
  -> Result: ? CORRECT

[447/3633] Processing: chi-vs-bos-0022400363_357-track_3316 | True Jersey: 8
  -> Final Prediction (Multi-Image): 1
  -> Result: ? INCORRECT (Ground Truth: 8)

[448/3633] Processing: det-vs-lac-0022400898_61-track_8262 | True Jersey: 19
  -> Final Prediction (Multi-Image): 10
  -> Result: ? INCORRECT (Ground Truth: 19)

[449/3633] Processing: chi-vs-bos-0022400363_205-track_3041 | True Jersey: 11
  -> Final Prediction (Multi-Image): 10
  -> Result: ? INCORRECT (Ground Truth: 11)

[450/3633] Processing: phi-vs-cha-0022401222_92-track_44295 | True Jersey: 10
  -> Final Prediction (Multi-Image): 10
  -> Result: ? CORRECT

[451/3633] Processing: sas-vs-sac-0022400910_190-track_25076 | True Jersey: 3
  -> Final Prediction (Multi-Image): 3
  -> Result: ? CORRECT

[452/3633] Processing: chi-vs-bos-0022400363_376-track_49783 | True Jersey: 00
  -> Final Prediction (Multi-Image): 0
  -> Result: ? INCORRECT (Ground Truth: 00)

[453/3633] Processing: bkn-vs-det-0022400861_15-track_53373 | True Jersey: 0
  -> Final Prediction (Multi-Image): 0
  -> Result: ? CORRECT

[454/3633] Processing: tor-vs-orl-0022400870_282-track_41706 | True Jersey: nan
  -> Final Prediction (Multi-Image): 1
  -> Result: ? INCORRECT (Ground Truth: nan)

[455/3633] Processing: nyk-vs-orl-0022401227_208-track_54432 | True Jersey: 3
  -> Final Prediction (Multi-Image): 1
  -> Result: ? INCORRECT (Ground Truth: 3)

[456/3633] Processing: det-vs-por-0022400926_162-track_7512 | True Jersey: 5
  -> Final Prediction (Multi-Image): 5
  -> Result: ? CORRECT

[457/3633] Processing: nop-vs-uta-0022400872_365-track_18616 | True Jersey: 3
  -> Final Prediction (Multi-Image): 1
  -> Result: ? INCORRECT (Ground Truth: 3)

[458/3633] Processing: nyk-vs-orl-0022401227_192-track_19603 | True Jersey: 4
  -> Final Prediction (Multi-Image): 4
  -> Result: ? CORRECT

[459/3633] Processing: bkn-vs-det-0022400861_393-track_57786 | True Jersey: 5
  -> Final Prediction (Multi-Image): 5
  -> Result: ? CORRECT

[460/3633] Processing: gsw-vs-phi-0022400864_255-track_43654 | True Jersey: 0
  -> Final Prediction (Multi-Image): 10
  -> Result: ? INCORRECT (Ground Truth: 0)

[461/3633] Processing: chi-vs-bos-0022400363_330-track_57931 | True Jersey: 11
  -> Final Prediction (Multi-Image): 11
  -> Result: ? CORRECT

[462/3633] Processing: det-vs-lac-0022400898_328-track_40183 | True Jersey: 1
  -> Final Prediction (Multi-Image): 1
  -> Result: ? CORRECT

[463/3633] Processing: gsw-vs-bkn-0022400901_282-track_48926 | True Jersey: 8
  -> Final Prediction (Multi-Image): 2
  -> Result: ? INCORRECT (Ground Truth: 8)

[464/3633] Processing: chi-vs-tor-0022401223_253-track_27147 | True Jersey: 23
  -> Final Prediction (Multi-Image): 1
  -> Result: ? INCORRECT (Ground Truth: 23)

[465/3633] Processing: mil-vs-chi-0022400398_250-track_37630 | True Jersey: 11
  -> Final Prediction (Multi-Image): 11
  -> Result: ? CORRECT

[466/3633] Processing: min-vs-phx-0022400873_351-track_25687 | True Jersey: 2
  -> Final Prediction (Multi-Image): 2
  -> Result: ? CORRECT

[467/3633] Processing: mil-vs-atl-0022400884_127-track_43029 | True Jersey: 15
  -> Final Prediction (Multi-Image): 15
  -> Result: ? CORRECT

[468/3633] Processing: lac-vs-lal-0022400874_172-track_28994 | True Jersey: 77
  -> Final Prediction (Multi-Image): 77
  -> Result: ? CORRECT

[469/3633] Processing: uta-vs-lac-0022401226_115-track_60907 | True Jersey: nan
  -> Final Prediction (Multi-Image): 20
  -> Result: ? INCORRECT (Ground Truth: nan)

[470/3633] Processing: sac-vs-hou-0022400862_212-track_24067 | True Jersey: 8
  -> Final Prediction (Multi-Image): 8
  -> Result: ? CORRECT

[471/3633] Processing: mem-vs-lal-0022401220_156-track_58550 | True Jersey: 15
  -> Final Prediction (Multi-Image): 15
  -> Result: ? CORRECT

[472/3633] Processing: gsw-vs-nyk-0022400885_353-track_13841 | True Jersey: 5
  -> Final Prediction (Multi-Image): 1
  -> Result: ? INCORRECT (Ground Truth: 5)

[473/3633] Processing: sas-vs-sac-0022400910_220-track_21626 | True Jersey: 10
  -> Final Prediction (Multi-Image): 10
  -> Result: ? CORRECT

[474/3633] Processing: den-vs-sac-0022401225_355-track_32925 | True Jersey: 5
  -> Final Prediction (Multi-Image): 1
  -> Result: ? INCORRECT (Ground Truth: 5)

[475/3633] Processing: sas-vs-phi-0022400394_288-track_30573 | True Jersey: 28
  -> Final Prediction (Multi-Image): 28
  -> Result: ? CORRECT

[476/3633] Processing: tor-vs-orl-0022400870_282-track_41690 | True Jersey: 2
  -> Final Prediction (Multi-Image): 2
  -> Result: ? CORRECT

[477/3633] Processing: uta-vs-was-0022400894_338-track_12523 | True Jersey: 28
  -> Final Prediction (Multi-Image): 23
  -> Result: ? INCORRECT (Ground Truth: 28)

[478/3633] Processing: nop-vs-ind-0022401216_293-track_16543 | True Jersey: 5
  -> Final Prediction (Multi-Image): 5
  -> Result: ? CORRECT

[479/3633] Processing: det-vs-gsw-0022400919_112-track_14810 | True Jersey: 0
  -> Final Prediction (Multi-Image): 0
  -> Result: ? CORRECT

[480/3633] Processing: mia-vs-det-0022401221_241-track_14849 | True Jersey: 5
  -> Final Prediction (Multi-Image): 1
  -> Result: ? INCORRECT (Ground Truth: 5)

[481/3633] Processing: okc-vs-mia-0022400375_385-track_21741 | True Jersey: 11
  -> Final Prediction (Multi-Image): 11
  -> Result: ? CORRECT

[482/3633] Processing: min-vs-sas-0022401218_286-track_42503 | True Jersey: 28
  -> Final Prediction (Multi-Image): 28
  -> Result: ? CORRECT

[483/3633] Processing: gsw-vs-mem-0022400366_12-track_46670 | True Jersey: 13
  -> Final Prediction (Multi-Image): 13
  -> Result: ? CORRECT

[484/3633] Processing: cle-vs-chi-0022400886_364-track_44837 | True Jersey: 30
  -> Final Prediction (Multi-Image): 30
  -> Result: ? CORRECT

[485/3633] Processing: nop-vs-uta-0022400872_348-track_29663 | True Jersey: 25
  -> Final Prediction (Multi-Image): 25
  -> Result: ? CORRECT

[486/3633] Processing: mil-vs-dal-0022400865_186-track_11566 | True Jersey: 12
  -> Final Prediction (Multi-Image): 12
  -> Result: ? CORRECT

[487/3633] Processing: por-vs-cle-0022400867_80-track_17335 | True Jersey: 33
  -> Final Prediction (Multi-Image): 33
  -> Result: ? CORRECT

[488/3633] Processing: chi-vs-tor-0022401223_47-track_6690 | True Jersey: 2
  -> Final Prediction (Multi-Image): 2
  -> Result: ? CORRECT

[489/3633] Processing: chi-vs-tor-0022401223_273-track_45676 | True Jersey: 22
  -> Final Prediction (Multi-Image): 22
  -> Result: ? CORRECT

[490/3633] Processing: was-vs-cha-0022400860_189-track_54347 | True Jersey: 8
  -> Final Prediction (Multi-Image): 3
  -> Result: ? INCORRECT (Ground Truth: 8)

[491/3633] Processing: nop-vs-hou-0022400365_125-track_11237 | True Jersey: 25
  -> Final Prediction (Multi-Image): 25
  -> Result: ? CORRECT

[492/3633] Processing: uta-vs-was-0022400894_75-track_2545 | True Jersey: 33
  -> Final Prediction (Multi-Image): 33
  -> Result: ? CORRECT

[493/3633] Processing: chi-vs-bos-0022400363_357-track_3352 | True Jersey: 9
  -> Final Prediction (Multi-Image): 0
  -> Result: ? INCORRECT (Ground Truth: 9)

[494/3633] Processing: bos-vs-was-0022401217_41-track_310 | True Jersey: nan
  -> Final Prediction (Multi-Image): 10
  -> Result: ? INCORRECT (Ground Truth: nan)

[495/3633] Processing: mil-vs-dal-0022400865_316-track_2048 | True Jersey: 00
  -> Final Prediction (Multi-Image): 00
  -> Result: ? CORRECT

[496/3633] Processing: uta-vs-lac-0022401226_110-track_27148 | True Jersey: 20
  -> Final Prediction (Multi-Image): 20
  -> Result: ? CORRECT

[497/3633] Processing: chi-vs-ind-0022400868_171-track_51894 | True Jersey: 14
  -> Final Prediction (Multi-Image): 3
  -> Result: ? INCORRECT (Ground Truth: 14)

[498/3633] Processing: por-vs-cle-0022400867_132-track_28477 | True Jersey: nan
  -> Final Prediction (Multi-Image): 1
  -> Result: ? INCORRECT (Ground Truth: nan)

[499/3633] Processing: nop-vs-ind-0022401216_23-track_40096 | True Jersey: nan
  -> Final Prediction (Multi-Image): 2
  -> Result: ? INCORRECT (Ground Truth: nan)

[500/3633] Processing: gsw-vs-bkn-0022400901_161-track_10763 | True Jersey: 22
  -> Final Prediction (Multi-Image): 7
  -> Result: ? INCORRECT (Ground Truth: 22)

[501/3633] Processing: chi-vs-bos-0022400363_19-track_12436 | True Jersey: 44
  -> Final Prediction (Multi-Image): 11
  -> Result: ? INCORRECT (Ground Truth: 44)

[502/3633] Processing: gsw-vs-bkn-0022400901_161-track_10687 | True Jersey: 33
  -> Final Prediction (Multi-Image): 33
  -> Result: ? CORRECT

[503/3633] Processing: gsw-vs-nyk-0022400885_341-track_33212 | True Jersey: 4
  -> Final Prediction (Multi-Image): 4
  -> Result: ? CORRECT

[504/3633] Processing: hou-vs-okc-0022400879_43-track_41241 | True Jersey: 7
  -> Final Prediction (Multi-Image): 1
  -> Result: ? INCORRECT (Ground Truth: 7)

[505/3633] Processing: gsw-vs-bkn-0022400901_296-track_10344 | True Jersey: nan
  -> Final Prediction (Multi-Image): 1
  -> Result: ? INCORRECT (Ground Truth: nan)

[506/3633] Processing: lac-vs-dal-0022400368_95-track_41381 | True Jersey: 21
  -> Final Prediction (Multi-Image): 21
  -> Result: ? CORRECT

[507/3633] Processing: chi-vs-tor-0022401223_145-track_11020 | True Jersey: 3
  -> Final Prediction (Multi-Image): 3
  -> Result: ? CORRECT

[508/3633] Processing: bkn-vs-det-0022400861_393-track_57669 | True Jersey: 5
  -> Final Prediction (Multi-Image): 1
  -> Result: ? INCORRECT (Ground Truth: 5)

[509/3633] Processing: mil-vs-dal-0022400865_316-track_2109 | True Jersey: 26
  -> Final Prediction (Multi-Image): 5
  -> Result: ? INCORRECT (Ground Truth: 26)

[510/3633] Processing: gsw-vs-phi-0022400864_15-track_32257 | True Jersey: 9
  -> Final Prediction (Multi-Image): 23
  -> Result: ? INCORRECT (Ground Truth: 9)

[511/3633] Processing: nyk-vs-orl-0022401227_70-track_5419 | True Jersey: 25
  -> Final Prediction (Multi-Image): 1
  -> Result: ? INCORRECT (Ground Truth: 25)

[512/3633] Processing: bkn-vs-det-0022400861_109-track_59019 | True Jersey: 5
  -> Final Prediction (Multi-Image): 15
  -> Result: ? INCORRECT (Ground Truth: 5)

[513/3633] Processing: nop-vs-hou-0022400365_125-track_11145 | True Jersey: 11
  -> Final Prediction (Multi-Image): 11
  -> Result: ? CORRECT

[514/3633] Processing: was-vs-mil-0022400382_331-track_48259 | True Jersey: 9
  -> Final Prediction (Multi-Image): 0
  -> Result: ? INCORRECT (Ground Truth: 9)

[515/3633] Processing: nop-vs-ind-0022401216_293-track_16544 | True Jersey: 0
  -> Final Prediction (Multi-Image): 0
  -> Result: ? CORRECT

[516/3633] Processing: cle-vs-chi-0022400886_265-track_8450 | True Jersey: 31
  -> Final Prediction (Multi-Image): 31
  -> Result: ? CORRECT

[517/3633] Processing: uta-vs-was-0022400894_75-track_2596 | True Jersey: 34
  -> Final Prediction (Multi-Image): 25
  -> Result: ? INCORRECT (Ground Truth: 34)

[518/3633] Processing: lac-vs-lal-0022400874_247-track_35171 | True Jersey: 55
  -> Final Prediction (Multi-Image): 55
  -> Result: ? CORRECT

[519/3633] Processing: mil-vs-dal-0022400865_21-track_6737 | True Jersey: nan
  -> Final Prediction (Multi-Image): 12
  -> Result: ? INCORRECT (Ground Truth: nan)

[520/3633] Processing: uta-vs-lac-0022401226_366-track_49285 | True Jersey: nan
  -> Final Prediction (Multi-Image): 2
  -> Result: ? INCORRECT (Ground Truth: nan)

[521/3633] Processing: okc-vs-sas-0022400871_13-track_3965 | True Jersey: 23
  -> Final Prediction (Multi-Image): 2
  -> Result: ? INCORRECT (Ground Truth: 23)

[522/3633] Processing: lac-vs-lal-0022400874_247-track_35169 | True Jersey: nan
  -> Final Prediction (Multi-Image): 1
  -> Result: ? INCORRECT (Ground Truth: nan)

[523/3633] Processing: phi-vs-uta-0022400433_140-track_61715 | True Jersey: 24
  -> Final Prediction (Multi-Image): 24
  -> Result: ? CORRECT

[524/3633] Processing: gsw-vs-nyk-0022400885_274-track_59530 | True Jersey: 2
  -> Final Prediction (Multi-Image): 2
  -> Result: ? CORRECT

[525/3633] Processing: phi-vs-cha-0022401222_405-track_7053 | True Jersey: 9
  -> Final Prediction (Multi-Image): 9
  -> Result: ? CORRECT

[526/3633] Processing: chi-vs-ind-0022400868_87-track_44960 | True Jersey: 8
  -> Final Prediction (Multi-Image): 9
  -> Result: ? INCORRECT (Ground Truth: 8)

[527/3633] Processing: min-vs-den-0022400952_254-track_45584 | True Jersey: 5
  -> Final Prediction (Multi-Image): 1
  -> Result: ? INCORRECT (Ground Truth: 5)

[528/3633] Processing: dal-vs-gsw-0022401228_202-track_12200 | True Jersey: 77
  -> Final Prediction (Multi-Image): 77
  -> Result: ? CORRECT

[529/3633] Processing: uta-vs-was-0022400894_75-track_2585 | True Jersey: 36
  -> Final Prediction (Multi-Image): 14
  -> Result: ? INCORRECT (Ground Truth: 36)

[530/3633] Processing: min-vs-den-0022400952_126-track_7615 | True Jersey: 0
  -> Final Prediction (Multi-Image): 0
  -> Result: ? CORRECT

[531/3633] Processing: gsw-vs-mem-0022400366_12-track_46585 | True Jersey: 13
  -> Final Prediction (Multi-Image): 9
  -> Result: ? INCORRECT (Ground Truth: 13)

[532/3633] Processing: tor-vs-nyk-0022400397_109-track_17440 | True Jersey: 41
  -> Final Prediction (Multi-Image): 1
  -> Result: ? INCORRECT (Ground Truth: 41)

[533/3633] Processing: tor-vs-nyk-0022400397_25-track_19801 | True Jersey: 1
  -> Final Prediction (Multi-Image): 10
  -> Result: ? INCORRECT (Ground Truth: 1)

[534/3633] Processing: bkn-vs-det-0022400861_145-track_55138 | True Jersey: 19
  -> Final Prediction (Multi-Image): 19
  -> Result: ? CORRECT

[535/3633] Processing: mil-vs-chi-0022400398_335-track_3387 | True Jersey: 55
  -> Final Prediction (Multi-Image): 1
  -> Result: ? INCORRECT (Ground Truth: 55)

[536/3633] Processing: cle-vs-chi-0022400886_187-track_62217 | True Jersey: 14
  -> Final Prediction (Multi-Image): 14
  -> Result: ? CORRECT

[537/3633] Processing: mil-vs-atl-0022400884_107-track_39427 | True Jersey: 20
  -> Final Prediction (Multi-Image): 2
  -> Result: ? INCORRECT (Ground Truth: 20)

[538/3633] Processing: gsw-vs-nyk-0022400885_102-track_39694 | True Jersey: 21
  -> Final Prediction (Multi-Image): 21
  -> Result: ? CORRECT

[539/3633] Processing: hou-vs-okc-0022400879_48-track_42235 | True Jersey: nan
  -> Final Prediction (Multi-Image): 1
  -> Result: ? INCORRECT (Ground Truth: nan)

[540/3633] Processing: sas-vs-sac-0022400910_220-track_21502 | True Jersey: nan
  -> Final Prediction (Multi-Image): 1
  -> Result: ? INCORRECT (Ground Truth: nan)

[541/3633] Processing: phi-vs-uta-0022400433_213-track_35069 | True Jersey: 23
  -> Final Prediction (Multi-Image): 2
  -> Result: ? INCORRECT (Ground Truth: 23)

[542/3633] Processing: was-vs-cha-0022400860_266-track_59245 | True Jersey: 14
  -> Final Prediction (Multi-Image): 14
  -> Result: ? CORRECT

[543/3633] Processing: gsw-vs-mem-0022400366_12-track_46758 | True Jersey: 22
  -> Final Prediction (Multi-Image): 2
  -> Result: ? INCORRECT (Ground Truth: 22)

[544/3633] Processing: uta-vs-was-0022400894_118-track_15739 | True Jersey: 28
  -> Final Prediction (Multi-Image): 22
  -> Result: ? INCORRECT (Ground Truth: 28)

[545/3633] Processing: nop-vs-ind-0022401216_23-track_40092 | True Jersey: 25
  -> Final Prediction (Multi-Image): 25
  -> Result: ? CORRECT

[546/3633] Processing: sas-vs-mem-0022400863_109-track_29303 | True Jersey: 4
  -> Final Prediction (Multi-Image): 4
  -> Result: ? CORRECT

[547/3633] Processing: chi-vs-tor-0022401223_17-track_60338 | True Jersey: 19
  -> Final Prediction (Multi-Image): 13
  -> Result: ? INCORRECT (Ground Truth: 19)

[548/3633] Processing: tor-vs-nyk-0022400397_109-track_17454 | True Jersey: 8
  -> Final Prediction (Multi-Image): 1
  -> Result: ? INCORRECT (Ground Truth: 8)

[549/3633] Processing: sas-vs-mem-0022400863_109-track_29189 | True Jersey: 1
  -> Final Prediction (Multi-Image): 7
  -> Result: ? INCORRECT (Ground Truth: 1)

[550/3633] Processing: bkn-vs-det-0022400861_162-track_43485 | True Jersey: 7
  -> Final Prediction (Multi-Image): 1
  -> Result: ? INCORRECT (Ground Truth: 7)

[551/3633] Processing: nop-vs-uta-0022400872_365-track_18550 | True Jersey: 25
  -> Final Prediction (Multi-Image): 25
  -> Result: ? CORRECT

[552/3633] Processing: gsw-vs-bkn-0022400901_296-track_10416 | True Jersey: 5
  -> Final Prediction (Multi-Image): 5
  -> Result: ? CORRECT

[553/3633] Processing: min-vs-sas-0022401218_286-track_42594 | True Jersey: 30
  -> Final Prediction (Multi-Image): 10
  -> Result: ? INCORRECT (Ground Truth: 30)

[554/3633] Processing: mil-vs-cle-0022400374_321-track_14727 | True Jersey: 13
  -> Final Prediction (Multi-Image): 13
  -> Result: ? CORRECT

[555/3633] Processing: nyk-vs-orl-0022401227_70-track_5311 | True Jersey: 8
  -> Final Prediction (Multi-Image): 0
  -> Result: ? INCORRECT (Ground Truth: 8)

[556/3633] Processing: mem-vs-atl-0022400378_124-track_21030 | True Jersey: 1
  -> Final Prediction (Multi-Image): 1
  -> Result: ? CORRECT

[557/3633] Processing: mem-vs-atl-0022400378_124-track_21140 | True Jersey: 3
  -> Final Prediction (Multi-Image): 3
  -> Result: ? CORRECT

[558/3633] Processing: chi-vs-bos-0022400363_330-track_57912 | True Jersey: 11
  -> Final Prediction (Multi-Image): 11
  -> Result: ? CORRECT

[559/3633] Processing: nyk-vs-orl-0022401227_70-track_5317 | True Jersey: 2
  -> Final Prediction (Multi-Image): 2
  -> Result: ? CORRECT

[560/3633] Processing: mia-vs-det-0022401221_153-track_19314 | True Jersey: 9
  -> Final Prediction (Multi-Image): 9
  -> Result: ? CORRECT

[561/3633] Processing: sas-vs-mem-0022400863_109-track_29191 | True Jersey: 30
  -> Final Prediction (Multi-Image): 3
  -> Result: ? INCORRECT (Ground Truth: 30)

[562/3633] Processing: hou-vs-okc-0022400879_219-track_57538 | True Jersey: 8
  -> Final Prediction (Multi-Image): 2
  -> Result: ? INCORRECT (Ground Truth: 8)

[563/3633] Processing: cle-vs-chi-0022400886_233-track_48052 | True Jersey: 12
  -> Final Prediction (Multi-Image): 12
  -> Result: ? CORRECT

[564/3633] Processing: phi-vs-cha-0022401222_92-track_44185 | True Jersey: 8
  -> Final Prediction (Multi-Image): 8
  -> Result: ? CORRECT

[565/3633] Processing: cle-vs-bkn-0022401224_63-track_23727 | True Jersey: 5
  -> Final Prediction (Multi-Image): 5
  -> Result: ? CORRECT

[566/3633] Processing: chi-vs-tor-0022401223_140-track_24055 | True Jersey: 15
  -> Final Prediction (Multi-Image): 15
  -> Result: ? CORRECT

[567/3633] Processing: bos-vs-was-0022401217_370-track_8027 | True Jersey: 40
  -> Final Prediction (Multi-Image): 41
  -> Result: ? INCORRECT (Ground Truth: 40)

[568/3633] Processing: uta-vs-was-0022400894_338-track_12527 | True Jersey: 9
  -> Final Prediction (Multi-Image): 9
  -> Result: ? CORRECT

[569/3633] Processing: chi-vs-ind-0022400868_226-track_4725 | True Jersey: 23
  -> Final Prediction (Multi-Image): 1
  -> Result: ? INCORRECT (Ground Truth: 23)

[570/3633] Processing: mil-vs-okc-0062400001_4-track_20200 | True Jersey: 12
  -> Final Prediction (Multi-Image): 1
  -> Result: ? INCORRECT (Ground Truth: 12)

[571/3633] Processing: min-vs-den-0022400952_254-track_45663 | True Jersey: 9
  -> Final Prediction (Multi-Image): 27
  -> Result: ? INCORRECT (Ground Truth: 9)

[572/3633] Processing: cle-vs-bkn-0022401224_22-track_2144 | True Jersey: 31
  -> Final Prediction (Multi-Image): 21
  -> Result: ? INCORRECT (Ground Truth: 31)

[573/3633] Processing: det-vs-gsw-0022400919_54-track_37345 | True Jersey: 0
  -> Final Prediction (Multi-Image): 13
  -> Result: ? INCORRECT (Ground Truth: 0)

[574/3633] Processing: lac-vs-dal-0022400368_95-track_41347 | True Jersey: 7
  -> Final Prediction (Multi-Image): 7
  -> Result: ? CORRECT

[575/3633] Processing: mem-vs-lal-0022401220_156-track_58584 | True Jersey: 28
  -> Final Prediction (Multi-Image): 8
  -> Result: ? INCORRECT (Ground Truth: 28)

[576/3633] Processing: nyk-vs-nop-0022400384_359-track_39005 | True Jersey: 25
  -> Final Prediction (Multi-Image): 21
  -> Result: ? INCORRECT (Ground Truth: 25)

[577/3633] Processing: mia-vs-det-0022401221_30-track_11886 | True Jersey: 2
  -> Final Prediction (Multi-Image): 2
  -> Result: ? CORRECT

[578/3633] Processing: nyk-vs-nop-0022400384_359-track_39017 | True Jersey: 32
  -> Final Prediction (Multi-Image): 2
  -> Result: ? INCORRECT (Ground Truth: 32)

[579/3633] Processing: uta-vs-tor-0022400905_434-track_50515 | True Jersey: 24
  -> Final Prediction (Multi-Image): 24
  -> Result: ? CORRECT

[580/3633] Processing: gsw-vs-mem-0022400366_12-track_46463 | True Jersey: 14
  -> Final Prediction (Multi-Image): 16
  -> Result: ? INCORRECT (Ground Truth: 14)

[581/3633] Processing: nop-vs-ind-0022401216_293-track_16438 | True Jersey: 25
  -> Final Prediction (Multi-Image): 23
  -> Result: ? INCORRECT (Ground Truth: 25)

[582/3633] Processing: nyk-vs-mia-0022400869_318-track_33461 | True Jersey: 3
  -> Final Prediction (Multi-Image): 3
  -> Result: ? CORRECT

[583/3633] Processing: uta-vs-tor-0022400905_242-track_14351 | True Jersey: 13
  -> Final Prediction (Multi-Image): 24
  -> Result: ? INCORRECT (Ground Truth: 13)

[584/3633] Processing: gsw-vs-bkn-0022400901_282-track_48844 | True Jersey: 7
  -> Final Prediction (Multi-Image): 7
  -> Result: ? CORRECT

[585/3633] Processing: was-vs-mil-0022400382_236-track_34839 | True Jersey: nan
  -> Final Prediction (Multi-Image): 1
  -> Result: ? INCORRECT (Ground Truth: nan)

[586/3633] Processing: gsw-vs-mem-0022400366_12-track_46631 | True Jersey: 23
  -> Final Prediction (Multi-Image): 10
  -> Result: ? INCORRECT (Ground Truth: 23)

[587/3633] Processing: cle-vs-bkn-0022401224_257-track_15370 | True Jersey: 20
  -> Final Prediction (Multi-Image): 20
  -> Result: ? CORRECT

[588/3633] Processing: mil-vs-chi-0022400398_47-track_45376 | True Jersey: 22
  -> Final Prediction (Multi-Image): 2
  -> Result: ? INCORRECT (Ground Truth: 22)

[589/3633] Processing: phi-vs-uta-0022400433_414-track_21031 | True Jersey: 23
  -> Final Prediction (Multi-Image): 23
  -> Result: ? CORRECT

[590/3633] Processing: mem-vs-atl-0022400378_36-track_41534 | True Jersey: 13
  -> Final Prediction (Multi-Image): 13
  -> Result: ? CORRECT

[591/3633] Processing: mil-vs-okc-0062400001_71-track_9865 | True Jersey: 44
  -> Final Prediction (Multi-Image): 1
  -> Result: ? INCORRECT (Ground Truth: 44)

[592/3633] Processing: por-vs-cle-0022400867_132-track_28450 | True Jersey: 9
  -> Final Prediction (Multi-Image): 8
  -> Result: ? INCORRECT (Ground Truth: 9)

[593/3633] Processing: det-vs-gsw-0022400919_112-track_14837 | True Jersey: 4
  -> Final Prediction (Multi-Image): 1
  -> Result: ? INCORRECT (Ground Truth: 4)

[594/3633] Processing: gsw-vs-nyk-0022400885_353-track_13896 | True Jersey: 11
  -> Final Prediction (Multi-Image): 11
  -> Result: ? CORRECT

[595/3633] Processing: sas-vs-sac-0022400910_72-track_1717 | True Jersey: 20
  -> Final Prediction (Multi-Image): 0
  -> Result: ? INCORRECT (Ground Truth: 20)

[596/3633] Processing: nyk-vs-mia-0022400869_368-track_57106 | True Jersey: 13
  -> Final Prediction (Multi-Image): 13
  -> Result: ? CORRECT

[597/3633] Processing: det-vs-gsw-0022400919_112-track_14779 | True Jersey: 15
  -> Final Prediction (Multi-Image): 15
  -> Result: ? CORRECT

[598/3633] Processing: chi-vs-bos-0022400363_35-track_15605 | True Jersey: 9
  -> Final Prediction (Multi-Image): 10
  -> Result: ? INCORRECT (Ground Truth: 9)

[599/3633] Processing: gsw-vs-mem-0022400366_127-track_25937 | True Jersey: 32
  -> Final Prediction (Multi-Image): 32
  -> Result: ? CORRECT

[600/3633] Processing: mem-vs-lal-0022401220_156-track_58693 | True Jersey: 15
  -> Final Prediction (Multi-Image): 15
  -> Result: ? CORRECT

[601/3633] Processing: gsw-vs-nyk-0022400885_353-track_13915 | True Jersey: 11
  -> Final Prediction (Multi-Image): 11
  -> Result: ? CORRECT

[602/3633] Processing: hou-vs-okc-0022400879_329-track_47115 | True Jersey: 9
  -> Final Prediction (Multi-Image): 2
  -> Result: ? INCORRECT (Ground Truth: 9)

[603/3633] Processing: bos-vs-was-0022401217_112-track_4135 | True Jersey: 13
  -> Final Prediction (Multi-Image): 13
  -> Result: ? CORRECT

[604/3633] Processing: cle-vs-chi-0022400886_422-track_24155 | True Jersey: nan
  -> Final Prediction (Multi-Image): 1
  -> Result: ? INCORRECT (Ground Truth: nan)

[605/3633] Processing: det-vs-lac-0022400898_61-track_8324 | True Jersey: 17
  -> Final Prediction (Multi-Image): 13
  -> Result: ? INCORRECT (Ground Truth: 17)

[606/3633] Processing: chi-vs-bos-0022400363_11-track_57194 | True Jersey: 44
  -> Final Prediction (Multi-Image): 7
  -> Result: ? INCORRECT (Ground Truth: 44)

[607/3633] Processing: was-vs-mil-0022400382_236-track_34810 | True Jersey: 15
  -> Final Prediction (Multi-Image): 15
  -> Result: ? CORRECT

[608/3633] Processing: was-vs-cha-0022400860_266-track_59242 | True Jersey: 31
  -> Final Prediction (Multi-Image): 31
  -> Result: ? CORRECT

[609/3633] Processing: mia-vs-det-0022401221_153-track_19176 | True Jersey: nan
  -> Final Prediction (Multi-Image): 1
  -> Result: ? INCORRECT (Ground Truth: nan)

[610/3633] Processing: gsw-vs-phi-0022400864_15-track_32258 | True Jersey: 8
  -> Final Prediction (Multi-Image): 8
  -> Result: ? CORRECT

[611/3633] Processing: sas-vs-mem-0022400863_289-track_405 | True Jersey: 30
  -> Final Prediction (Multi-Image): 30
  -> Result: ? CORRECT

[612/3633] Processing: det-vs-gsw-0022400919_54-track_37348 | True Jersey: 2
  -> Final Prediction (Multi-Image): 2
  -> Result: ? CORRECT

[613/3633] Processing: nyk-vs-mia-0022400869_124-track_20697 | True Jersey: 24
  -> Final Prediction (Multi-Image): 24
  -> Result: ? CORRECT

[614/3633] Processing: sas-vs-phi-0022400394_288-track_30436 | True Jersey: 33
  -> Final Prediction (Multi-Image): 1
  -> Result: ? INCORRECT (Ground Truth: 33)

[615/3633] Processing: phi-vs-uta-0022400433_213-track_35057 | True Jersey: 5
  -> Final Prediction (Multi-Image): 5
  -> Result: ? CORRECT

[616/3633] Processing: gsw-vs-mem-0022400366_149-track_34116 | True Jersey: 2
  -> Final Prediction (Multi-Image): 2
  -> Result: ? CORRECT

[617/3633] Processing: lac-vs-lal-0022400874_374-track_54130 | True Jersey: 40
  -> Final Prediction (Multi-Image): 40
  -> Result: ? CORRECT

[618/3633] Processing: mil-vs-cle-0022400374_316-track_29909 | True Jersey: 13
  -> Final Prediction (Multi-Image): 13
  -> Result: ? CORRECT

[619/3633] Processing: cle-vs-chi-0022400886_352-track_23090 | True Jersey: 22
  -> Final Prediction (Multi-Image): 12
  -> Result: ? INCORRECT (Ground Truth: 22)

[620/3633] Processing: gsw-vs-bkn-0022400901_265-track_32838 | True Jersey: 15
  -> Final Prediction (Multi-Image): 15
  -> Result: ? CORRECT

[621/3633] Processing: tor-vs-orl-0022400870_250-track_7678 | True Jersey: 5
  -> Final Prediction (Multi-Image): 1
  -> Result: ? INCORRECT (Ground Truth: 5)

[622/3633] Processing: nop-vs-hou-0022400365_307-track_45843 | True Jersey: 10
  -> Final Prediction (Multi-Image): 1
  -> Result: ? INCORRECT (Ground Truth: 10)

[623/3633] Processing: cle-vs-chi-0022400886_422-track_24156 | True Jersey: 13
  -> Final Prediction (Multi-Image): 1
  -> Result: ? INCORRECT (Ground Truth: 13)

[624/3633] Processing: phi-vs-min-0022400887_256-track_26085 | True Jersey: 11
  -> Final Prediction (Multi-Image): 11
  -> Result: ? CORRECT

[625/3633] Processing: okc-vs-sas-0022400871_210-track_38029 | True Jersey: 40
  -> Final Prediction (Multi-Image): 40
  -> Result: ? CORRECT

[626/3633] Processing: chi-vs-bos-0022400363_376-track_49871 | True Jersey: 8
  -> Final Prediction (Multi-Image): 8
  -> Result: ? CORRECT

[627/3633] Processing: phx-vs-den-0022400402_352-track_11449 | True Jersey: 23
  -> Final Prediction (Multi-Image): 13
  -> Result: ? INCORRECT (Ground Truth: 23)

[628/3633] Processing: sas-vs-mem-0022400863_286-track_30710 | True Jersey: 10
  -> Final Prediction (Multi-Image): 10
  -> Result: ? CORRECT

[629/3633] Processing: sas-vs-sac-0022400910_115-track_6579 | True Jersey: 17
  -> Final Prediction (Multi-Image): 17
  -> Result: ? CORRECT

[630/3633] Processing: gsw-vs-mem-0022400366_127-track_25933 | True Jersey: 1
  -> Final Prediction (Multi-Image): 1
  -> Result: ? CORRECT

[631/3633] Processing: sac-vs-hou-0022400862_145-track_13240 | True Jersey: 5
  -> Final Prediction (Multi-Image): 7
  -> Result: ? INCORRECT (Ground Truth: 5)

[632/3633] Processing: den-vs-sac-0022401225_83-track_1891 | True Jersey: 99
  -> Final Prediction (Multi-Image): 99
  -> Result: ? CORRECT

[633/3633] Processing: lac-vs-dal-0022400368_331-track_60508 | True Jersey: 25
  -> Final Prediction (Multi-Image): 25
  -> Result: ? CORRECT

[634/3633] Processing: lac-vs-lal-0022400874_106-track_5045 | True Jersey: 20
  -> Final Prediction (Multi-Image): 20
  -> Result: ? CORRECT

[635/3633] Processing: cle-vs-chi-0022400886_352-track_23017 | True Jersey: 5
  -> Final Prediction (Multi-Image): 5
  -> Result: ? CORRECT

[636/3633] Processing: lac-vs-lal-0022400874_0-track_12929 | True Jersey: 2
  -> Final Prediction (Multi-Image): 2
  -> Result: ? CORRECT

[637/3633] Processing: gsw-vs-nyk-0022400885_341-track_33264 | True Jersey: nan
  -> Final Prediction (Multi-Image): 11
  -> Result: ? INCORRECT (Ground Truth: nan)

[638/3633] Processing: phi-vs-min-0022400887_84-track_16329 | True Jersey: 30
  -> Final Prediction (Multi-Image): 30
  -> Result: ? CORRECT

[639/3633] Processing: mil-vs-chi-0022400398_335-track_3319 | True Jersey: 11
  -> Final Prediction (Multi-Image): 11
  -> Result: ? CORRECT

[640/3633] Processing: sas-vs-sac-0022400910_190-track_25064 | True Jersey: nan
  -> Final Prediction (Multi-Image): 10
  -> Result: ? INCORRECT (Ground Truth: nan)

[641/3633] Processing: sas-vs-mem-0022400863_109-track_29245 | True Jersey: nan
  -> Final Prediction (Multi-Image): 10
  -> Result: ? INCORRECT (Ground Truth: nan)

[642/3633] Processing: chi-vs-ind-0022400868_304-track_7885 | True Jersey: 23
  -> Final Prediction (Multi-Image): 23
  -> Result: ? CORRECT

[643/3633] Processing: det-vs-por-0022400926_211-track_1311 | True Jersey: 1
  -> Final Prediction (Multi-Image): 10
  -> Result: ? INCORRECT (Ground Truth: 1)

[644/3633] Processing: nop-vs-uta-0022400872_242-track_41168 | True Jersey: nan
  -> Final Prediction (Multi-Image): 1
  -> Result: ? INCORRECT (Ground Truth: nan)

[645/3633] Processing: chi-vs-bos-0022400363_58-track_28630 | True Jersey: 2
  -> Final Prediction (Multi-Image): 8
  -> Result: ? INCORRECT (Ground Truth: 2)

[646/3633] Processing: gsw-vs-mem-0022400366_77-track_35377 | True Jersey: 71
  -> Final Prediction (Multi-Image): 1
  -> Result: ? INCORRECT (Ground Truth: 71)

[647/3633] Processing: was-vs-cha-0022400860_297-track_26956 | True Jersey: 24
  -> Final Prediction (Multi-Image): 23
  -> Result: ? INCORRECT (Ground Truth: 24)

[648/3633] Processing: det-vs-lac-0022400898_61-track_8258 | True Jersey: 28
  -> Final Prediction (Multi-Image): 28
  -> Result: ? CORRECT

[649/3633] Processing: por-vs-phx-0022401219_114-track_33023 | True Jersey: 2
  -> Final Prediction (Multi-Image): 2
  -> Result: ? CORRECT

[650/3633] Processing: bos-vs-was-0022401217_35-track_36331 | True Jersey: 9
  -> Final Prediction (Multi-Image): 9
  -> Result: ? CORRECT

[651/3633] Processing: chi-vs-bos-0022400363_357-track_3370 | True Jersey: 22
  -> Final Prediction (Multi-Image): 22
  -> Result: ? CORRECT

[652/3633] Processing: sas-vs-sac-0022400910_171-track_14597 | True Jersey: 10
  -> Final Prediction (Multi-Image): 10
  -> Result: ? CORRECT

[653/3633] Processing: den-vs-por-0022400371_173-track_39765 | True Jersey: 4
  -> Final Prediction (Multi-Image): 4
  -> Result: ? CORRECT

[654/3633] Processing: nyk-vs-nop-0022400384_116-track_61017 | True Jersey: 11
  -> Final Prediction (Multi-Image): 11
  -> Result: ? CORRECT

[655/3633] Processing: lac-vs-dal-0022400368_95-track_41297 | True Jersey: 25
  -> Final Prediction (Multi-Image): 25
  -> Result: ? CORRECT

[656/3633] Processing: okc-vs-mia-0022400375_144-track_4420 | True Jersey: nan
  -> Final Prediction (Multi-Image): 3
  -> Result: ? INCORRECT (Ground Truth: nan)

[657/3633] Processing: phi-vs-cha-0022401222_146-track_50768 | True Jersey: 28
  -> Final Prediction (Multi-Image): 28
  -> Result: ? CORRECT

[658/3633] Processing: phi-vs-cha-0022401222_92-track_44193 | True Jersey: 14
  -> Final Prediction (Multi-Image): 14
  -> Result: ? CORRECT

[659/3633] Processing: det-vs-lac-0022400898_280-track_8146 | True Jersey: nan
  -> Final Prediction (Multi-Image): 1
  -> Result: ? INCORRECT (Ground Truth: nan)

[660/3633] Processing: gsw-vs-nyk-0022400885_102-track_39667 | True Jersey: 21
  -> Final Prediction (Multi-Image): 21
  -> Result: ? CORRECT

[661/3633] Processing: nop-vs-uta-0022400872_365-track_18523 | True Jersey: 22
  -> Final Prediction (Multi-Image): 22
  -> Result: ? CORRECT

[662/3633] Processing: chi-vs-bos-0022400363_58-track_28607 | True Jersey: 22
  -> Final Prediction (Multi-Image): 22
  -> Result: ? CORRECT

[663/3633] Processing: lac-vs-lal-0022400874_374-track_54123 | True Jersey: 2
  -> Final Prediction (Multi-Image): 2
  -> Result: ? CORRECT

[664/3633] Processing: chi-vs-tor-0022401223_263-track_14177 | True Jersey: 45
  -> Final Prediction (Multi-Image): 15
  -> Result: ? INCORRECT (Ground Truth: 45)

[665/3633] Processing: nop-vs-hou-0022400365_307-track_45959 | True Jersey: 24
  -> Final Prediction (Multi-Image): 24
  -> Result: ? CORRECT

[666/3633] Processing: mil-vs-chi-0022400398_47-track_45403 | True Jersey: 11
  -> Final Prediction (Multi-Image): 11
  -> Result: ? CORRECT

[667/3633] Processing: tor-vs-orl-0022400870_282-track_41689 | True Jersey: 1
  -> Final Prediction (Multi-Image): 1
  -> Result: ? CORRECT

[668/3633] Processing: bos-vs-was-0022401217_293-track_24367 | True Jersey: 11
  -> Final Prediction (Multi-Image): 11
  -> Result: ? CORRECT

[669/3633] Processing: hou-vs-okc-0022400879_43-track_41256 | True Jersey: 2
  -> Final Prediction (Multi-Image): 2
  -> Result: ? CORRECT

[670/3633] Processing: gsw-vs-mem-0022400366_12-track_46616 | True Jersey: 30
  -> Final Prediction (Multi-Image): 1
  -> Result: ? INCORRECT (Ground Truth: 30)

[671/3633] Processing: okc-vs-mia-0022400375_144-track_4440 | True Jersey: 24
  -> Final Prediction (Multi-Image): 10
  -> Result: ? INCORRECT (Ground Truth: 24)

[672/3633] Processing: gsw-vs-phi-0022400864_83-track_30435 | True Jersey: 0
  -> Final Prediction (Multi-Image): 10
  -> Result: ? INCORRECT (Ground Truth: 0)

[673/3633] Processing: mil-vs-dal-0022400865_297-track_32202 | True Jersey: nan
  -> Final Prediction (Multi-Image): 1
  -> Result: ? INCORRECT (Ground Truth: nan)

[674/3633] Processing: lac-vs-dal-0022400368_379-track_47747 | True Jersey: 5
  -> Final Prediction (Multi-Image): 5
  -> Result: ? CORRECT

[675/3633] Processing: chi-vs-ind-0022400868_293-track_19708 | True Jersey: 3
  -> Final Prediction (Multi-Image): 3
  -> Result: ? CORRECT

[676/3633] Processing: lac-vs-lal-0022400874_374-track_54135 | True Jersey: 8
  -> Final Prediction (Multi-Image): 1
  -> Result: ? INCORRECT (Ground Truth: 8)

[677/3633] Processing: chi-vs-ind-0022400868_226-track_4813 | True Jersey: 23
  -> Final Prediction (Multi-Image): 23
  -> Result: ? CORRECT

[678/3633] Processing: chi-vs-ind-0022400868_37-track_18634 | True Jersey: 5
  -> Final Prediction (Multi-Image): 5
  -> Result: ? CORRECT

[679/3633] Processing: gsw-vs-phi-0022400864_255-track_43617 | True Jersey: 5
  -> Final Prediction (Multi-Image): 5
  -> Result: ? CORRECT

[680/3633] Processing: was-vs-cha-0022400860_13-track_49894 | True Jersey: 5
  -> Final Prediction (Multi-Image): 5
  -> Result: ? CORRECT

[681/3633] Processing: det-vs-gsw-0022400919_452-track_16513 | True Jersey: 21
  -> Final Prediction (Multi-Image): 21
  -> Result: ? CORRECT

[682/3633] Processing: cle-vs-chi-0022400886_13-track_31687 | True Jersey: 14
  -> Final Prediction (Multi-Image): 2
  -> Result: ? INCORRECT (Ground Truth: 14)

[683/3633] Processing: gsw-vs-mem-0022400366_293-track_35738 | True Jersey: 1
  -> Final Prediction (Multi-Image): 1
  -> Result: ? CORRECT

[684/3633] Processing: gsw-vs-phi-0022400864_345-track_34599 | True Jersey: 7
  -> Final Prediction (Multi-Image): 7
  -> Result: ? CORRECT

[685/3633] Processing: mia-vs-det-0022401221_241-track_14847 | True Jersey: 14
  -> Final Prediction (Multi-Image): 14
  -> Result: ? CORRECT

[686/3633] Processing: sas-vs-phi-0022400394_99-track_20360 | True Jersey: 0
  -> Final Prediction (Multi-Image): 2
  -> Result: ? INCORRECT (Ground Truth: 0)

[687/3633] Processing: cle-vs-chi-0022400886_233-track_48049 | True Jersey: 30
  -> Final Prediction (Multi-Image): 3
  -> Result: ? INCORRECT (Ground Truth: 30)

[688/3633] Processing: hou-vs-okc-0022400879_43-track_41171 | True Jersey: 7
  -> Final Prediction (Multi-Image): 1
  -> Result: ? INCORRECT (Ground Truth: 7)

[689/3633] Processing: uta-vs-was-0022400894_75-track_2493 | True Jersey: 00
  -> Final Prediction (Multi-Image): 1
  -> Result: ? INCORRECT (Ground Truth: 00)

[690/3633] Processing: bkn-vs-det-0022400861_15-track_53239 | True Jersey: 45
  -> Final Prediction (Multi-Image): 45
  -> Result: ? CORRECT

[691/3633] Processing: phx-vs-den-0022400402_301-track_22738 | True Jersey: nan
  -> Final Prediction (Multi-Image): 1
  -> Result: ? INCORRECT (Ground Truth: nan)

[692/3633] Processing: hou-vs-okc-0022400879_430-track_56599 | True Jersey: 58
  -> Final Prediction (Multi-Image): 5
  -> Result: ? INCORRECT (Ground Truth: 58)

[693/3633] Processing: gsw-vs-mem-0022400366_373-track_44963 | True Jersey: 24
  -> Final Prediction (Multi-Image): 24
  -> Result: ? CORRECT

[694/3633] Processing: nyk-vs-orl-0022401227_208-track_54481 | True Jersey: 25
  -> Final Prediction (Multi-Image): 1
  -> Result: ? INCORRECT (Ground Truth: 25)

[695/3633] Processing: mil-vs-chi-0022400398_130-track_25600 | True Jersey: 0
  -> Final Prediction (Multi-Image): 0
  -> Result: ? CORRECT

[696/3633] Processing: det-vs-gsw-0022400919_54-track_37403 | True Jersey: 8
  -> Final Prediction (Multi-Image): 0
  -> Result: ? INCORRECT (Ground Truth: 8)

[697/3633] Processing: mem-vs-nop-0022400923_347-track_55114 | True Jersey: 17
  -> Final Prediction (Multi-Image): 17
  -> Result: ? CORRECT

[698/3633] Processing: nop-vs-uta-0022400872_242-track_40933 | True Jersey: 25
  -> Final Prediction (Multi-Image): 25
  -> Result: ? CORRECT

[699/3633] Processing: sas-vs-sac-0022400910_115-track_6576 | True Jersey: 0
  -> Final Prediction (Multi-Image): 0
  -> Result: ? CORRECT

[700/3633] Processing: phx-vs-den-0022400402_352-track_11533 | True Jersey: 21
  -> Final Prediction (Multi-Image): 21
  -> Result: ? CORRECT

[701/3633] Processing: sas-vs-sac-0022400910_72-track_1610 | True Jersey: 13
  -> Final Prediction (Multi-Image): 10
  -> Result: ? INCORRECT (Ground Truth: 13)

[702/3633] Processing: den-vs-sac-0022401225_355-track_32898 | True Jersey: 27
  -> Final Prediction (Multi-Image): 27
  -> Result: ? CORRECT

[703/3633] Processing: nyk-vs-mia-0022400869_318-track_33453 | True Jersey: 13
  -> Final Prediction (Multi-Image): 13
  -> Result: ? CORRECT

[704/3633] Processing: bkn-vs-det-0022400861_44-track_25457 | True Jersey: 45
  -> Final Prediction (Multi-Image): 45
  -> Result: ? CORRECT

[705/3633] Processing: okc-vs-mia-0022400375_144-track_4379 | True Jersey: 24
  -> Final Prediction (Multi-Image): 24
  -> Result: ? CORRECT

[706/3633] Processing: min-vs-den-0022400952_186-track_49197 | True Jersey: 24
  -> Final Prediction (Multi-Image): 24
  -> Result: ? CORRECT

[707/3633] Processing: det-vs-por-0022400926_211-track_1310 | True Jersey: 28
  -> Final Prediction (Multi-Image): 1
  -> Result: ? INCORRECT (Ground Truth: 28)

[708/3633] Processing: det-vs-gsw-0022400919_54-track_37339 | True Jersey: 12
  -> Final Prediction (Multi-Image): 12
  -> Result: ? CORRECT

[709/3633] Processing: chi-vs-ind-0022400868_255-track_47242 | True Jersey: 7
  -> Final Prediction (Multi-Image): 7
  -> Result: ? CORRECT

[710/3633] Processing: bos-vs-was-0022401217_112-track_4081 | True Jersey: 9
  -> Final Prediction (Multi-Image): 9
  -> Result: ? CORRECT

[711/3633] Processing: bos-vs-was-0022401217_112-track_4131 | True Jersey: 16
  -> Final Prediction (Multi-Image): 10
  -> Result: ? INCORRECT (Ground Truth: 16)

[712/3633] Processing: mia-vs-det-0022401221_153-track_19310 | True Jersey: 12
  -> Final Prediction (Multi-Image): 12
  -> Result: ? CORRECT

[713/3633] Processing: nyk-vs-orl-0022401227_49-track_21644 | True Jersey: 23
  -> Final Prediction (Multi-Image): 23
  -> Result: ? CORRECT

[714/3633] Processing: chi-vs-ind-0022400868_2-track_13131 | True Jersey: 43
  -> Final Prediction (Multi-Image): 43
  -> Result: ? CORRECT

[715/3633] Processing: nop-vs-uta-0022400872_242-track_41022 | True Jersey: 22
  -> Final Prediction (Multi-Image): 22
  -> Result: ? CORRECT

[716/3633] Processing: uta-vs-lac-0022401226_366-track_49386 | True Jersey: 33
  -> Final Prediction (Multi-Image): 33
  -> Result: ? CORRECT

[717/3633] Processing: sac-vs-hou-0022400862_261-track_8776 | True Jersey: 17
  -> Final Prediction (Multi-Image): 17
  -> Result: ? CORRECT

[718/3633] Processing: chi-vs-ind-0022400868_37-track_18635 | True Jersey: 43
  -> Final Prediction (Multi-Image): 43
  -> Result: ? CORRECT

[719/3633] Processing: uta-vs-lac-0022401226_115-track_60911 | True Jersey: 24
  -> Final Prediction (Multi-Image): 1
  -> Result: ? INCORRECT (Ground Truth: 24)

[720/3633] Processing: cle-vs-bkn-0022401224_22-track_2159 | True Jersey: 35
  -> Final Prediction (Multi-Image): 10
  -> Result: ? INCORRECT (Ground Truth: 35)

[721/3633] Processing: det-vs-lac-0022400898_280-track_8217 | True Jersey: 21
  -> Final Prediction (Multi-Image): 23
  -> Result: ? INCORRECT (Ground Truth: 21)

[722/3633] Processing: gsw-vs-bkn-0022400901_265-track_32839 | True Jersey: 8
  -> Final Prediction (Multi-Image): 8
  -> Result: ? CORRECT

[723/3633] Processing: gsw-vs-mem-0022400366_171-track_52888 | True Jersey: 13
  -> Final Prediction (Multi-Image): 1
  -> Result: ? INCORRECT (Ground Truth: 13)

[724/3633] Processing: uta-vs-tor-0022400905_151-track_53122 | True Jersey: 5
  -> Final Prediction (Multi-Image): 5
  -> Result: ? CORRECT

[725/3633] Processing: bkn-vs-det-0022400861_44-track_25349 | True Jersey: 33
  -> Final Prediction (Multi-Image): 33
  -> Result: ? CORRECT

[726/3633] Processing: chi-vs-tor-0022401223_142-track_30429 | True Jersey: 1
  -> Final Prediction (Multi-Image): 1
  -> Result: ? CORRECT

[727/3633] Processing: phi-vs-uta-0022400433_213-track_35055 | True Jersey: 24
  -> Final Prediction (Multi-Image): 24
  -> Result: ? CORRECT

[728/3633] Processing: mil-vs-atl-0022400884_37-track_25470 | True Jersey: 34
  -> Final Prediction (Multi-Image): 34
  -> Result: ? CORRECT

[729/3633] Processing: sas-vs-mem-0022400863_286-track_30735 | True Jersey: 18
  -> Final Prediction (Multi-Image): 18
  -> Result: ? CORRECT

[730/3633] Processing: sas-vs-sac-0022400910_274-track_46532 | True Jersey: nan
  -> Final Prediction (Multi-Image): 1
  -> Result: ? INCORRECT (Ground Truth: nan)

[731/3633] Processing: mil-vs-dal-0022400865_297-track_32151 | True Jersey: 26
  -> Final Prediction (Multi-Image): 26
  -> Result: ? CORRECT

[732/3633] Processing: min-vs-den-0022400952_126-track_7619 | True Jersey: 30
  -> Final Prediction (Multi-Image): 30
  -> Result: ? CORRECT

[733/3633] Processing: lac-vs-lal-0022400874_106-track_4960 | True Jersey: 7
  -> Final Prediction (Multi-Image): 1
  -> Result: ? INCORRECT (Ground Truth: 7)

[734/3633] Processing: hou-vs-okc-0022400879_329-track_47105 | True Jersey: 19
  -> Final Prediction (Multi-Image): 0
  -> Result: ? INCORRECT (Ground Truth: 19)

[735/3633] Processing: gsw-vs-mem-0022400366_171-track_52839 | True Jersey: 12
  -> Final Prediction (Multi-Image): 2
  -> Result: ? INCORRECT (Ground Truth: 12)

[736/3633] Processing: uta-vs-lac-0022401226_115-track_60794 | True Jersey: 22
  -> Final Prediction (Multi-Image): 22
  -> Result: ? CORRECT

[737/3633] Processing: chi-vs-bos-0022400363_51-track_17416 | True Jersey: 7
  -> Final Prediction (Multi-Image): 1
  -> Result: ? INCORRECT (Ground Truth: 7)

[738/3633] Processing: mil-vs-cle-0022400374_316-track_29911 | True Jersey: 5
  -> Final Prediction (Multi-Image): 5
  -> Result: ? CORRECT

[739/3633] Processing: mem-vs-nop-0022400923_196-track_31642 | True Jersey: 22
  -> Final Prediction (Multi-Image): 88
  -> Result: ? INCORRECT (Ground Truth: 22)

[740/3633] Processing: min-vs-den-0022400952_126-track_7730 | True Jersey: 9
  -> Final Prediction (Multi-Image): 9
  -> Result: ? CORRECT

[741/3633] Processing: tor-vs-nyk-0022400397_25-track_19907 | True Jersey: 2
  -> Final Prediction (Multi-Image): 1
  -> Result: ? INCORRECT (Ground Truth: 2)

[742/3633] Processing: min-vs-den-0022400952_186-track_49172 | True Jersey: 0
  -> Final Prediction (Multi-Image): 0
  -> Result: ? CORRECT

[743/3633] Processing: nop-vs-uta-0022400872_126-track_39831 | True Jersey: 13
  -> Final Prediction (Multi-Image): 13
  -> Result: ? CORRECT

[744/3633] Processing: phi-vs-cha-0022401222_405-track_7075 | True Jersey: 8
  -> Final Prediction (Multi-Image): 8
  -> Result: ? CORRECT

[745/3633] Processing: phx-vs-den-0022400402_55-track_34999 | True Jersey: 23
  -> Final Prediction (Multi-Image): 23
  -> Result: ? CORRECT

[746/3633] Processing: min-vs-phx-0022400873_310-track_9753 | True Jersey: nan
  -> Final Prediction (Multi-Image): 1
  -> Result: ? INCORRECT (Ground Truth: nan)

[747/3633] Processing: chi-vs-ind-0022400868_226-track_4803 | True Jersey: 43
  -> Final Prediction (Multi-Image): 43
  -> Result: ? CORRECT

[748/3633] Processing: det-vs-lac-0022400898_328-track_40229 | True Jersey: 8
  -> Final Prediction (Multi-Image): 2
  -> Result: ? INCORRECT (Ground Truth: 8)

[749/3633] Processing: hou-vs-okc-0022400879_170-track_54026 | True Jersey: 7
  -> Final Prediction (Multi-Image): 7
  -> Result: ? CORRECT

[750/3633] Processing: mil-vs-chi-0022400398_250-track_37642 | True Jersey: nan
  -> Final Prediction (Multi-Image): 1
  -> Result: ? INCORRECT (Ground Truth: nan)

[751/3633] Processing: phx-vs-den-0022400402_158-track_53609 | True Jersey: 15
  -> Final Prediction (Multi-Image): 15
  -> Result: ? CORRECT

[752/3633] Processing: min-vs-den-0022400952_186-track_49160 | True Jersey: 5
  -> Final Prediction (Multi-Image): 5
  -> Result: ? CORRECT

[753/3633] Processing: gsw-vs-phi-0022400864_233-track_37983 | True Jersey: 8
  -> Final Prediction (Multi-Image): 5
  -> Result: ? INCORRECT (Ground Truth: 8)

[754/3633] Processing: por-vs-phx-0022401219_266-track_44707 | True Jersey: nan
  -> Final Prediction (Multi-Image): 1
  -> Result: ? INCORRECT (Ground Truth: nan)

[755/3633] Processing: min-vs-phx-0022400873_310-track_9706 | True Jersey: 11
  -> Final Prediction (Multi-Image): 11
  -> Result: ? CORRECT

[756/3633] Processing: den-vs-por-0022400371_210-track_13320 | True Jersey: nan
  -> Final Prediction (Multi-Image): 2
  -> Result: ? INCORRECT (Ground Truth: nan)

[757/3633] Processing: nop-vs-hou-0022400365_307-track_45893 | True Jersey: 21
  -> Final Prediction (Multi-Image): 21
  -> Result: ? CORRECT

[758/3633] Processing: bos-vs-was-0022401217_293-track_24346 | True Jersey: 4
  -> Final Prediction (Multi-Image): 7
  -> Result: ? INCORRECT (Ground Truth: 4)

[759/3633] Processing: gsw-vs-mem-0022400366_12-track_46614 | True Jersey: 22
  -> Final Prediction (Multi-Image): 1
  -> Result: ? INCORRECT (Ground Truth: 22)

[760/3633] Processing: min-vs-phx-0022400873_132-track_51827 | True Jersey: nan
  -> Final Prediction (Multi-Image): 1
  -> Result: ? INCORRECT (Ground Truth: nan)

[761/3633] Processing: sas-vs-mem-0022400863_109-track_29193 | True Jersey: nan
  -> Final Prediction (Multi-Image): 10
  -> Result: ? INCORRECT (Ground Truth: nan)

[762/3633] Processing: lac-vs-lal-0022400874_172-track_28943 | True Jersey: nan
  -> Final Prediction (Multi-Image): 1
  -> Result: ? INCORRECT (Ground Truth: nan)

[763/3633] Processing: gsw-vs-phi-0022400864_15-track_32289 | True Jersey: 9
  -> Final Prediction (Multi-Image): 8
  -> Result: ? INCORRECT (Ground Truth: 9)

[764/3633] Processing: sas-vs-phi-0022400394_94-track_54298 | True Jersey: 16
  -> Final Prediction (Multi-Image): 10
  -> Result: ? INCORRECT (Ground Truth: 16)

[765/3633] Processing: phi-vs-min-0022400887_256-track_25974 | True Jersey: 28
  -> Final Prediction (Multi-Image): 23
  -> Result: ? INCORRECT (Ground Truth: 28)

[766/3633] Processing: uta-vs-was-0022400894_186-track_13034 | True Jersey: 28
  -> Final Prediction (Multi-Image): 25
  -> Result: ? INCORRECT (Ground Truth: 28)

[767/3633] Processing: orl-vs-mil-0022400917_170-track_10069 | True Jersey: 1
  -> Final Prediction (Multi-Image): 20
  -> Result: ? INCORRECT (Ground Truth: 1)

[768/3633] Processing: cle-vs-bkn-0022401224_31-track_18846 | True Jersey: 45
  -> Final Prediction (Multi-Image): 2
  -> Result: ? INCORRECT (Ground Truth: 45)

[769/3633] Processing: mem-vs-nop-0022400923_196-track_31572 | True Jersey: 13
  -> Final Prediction (Multi-Image): 13
  -> Result: ? CORRECT

[770/3633] Processing: gsw-vs-nyk-0022400885_274-track_59528 | True Jersey: 44
  -> Final Prediction (Multi-Image): 44
  -> Result: ? CORRECT

[771/3633] Processing: gsw-vs-mem-0022400366_77-track_35393 | True Jersey: 3
  -> Final Prediction (Multi-Image): 00
  -> Result: ? INCORRECT (Ground Truth: 3)

[772/3633] Processing: nyk-vs-nop-0022400384_359-track_39002 | True Jersey: 2
  -> Final Prediction (Multi-Image): 2
  -> Result: ? CORRECT

[773/3633] Processing: hou-vs-okc-0022400879_299-track_56290 | True Jersey: 22
  -> Final Prediction (Multi-Image): 22
  -> Result: ? CORRECT

[774/3633] Processing: sas-vs-sac-0022400910_274-track_46488 | True Jersey: 10
  -> Final Prediction (Multi-Image): 10
  -> Result: ? CORRECT

[775/3633] Processing: okc-vs-sas-0022400871_13-track_3916 | True Jersey: 18
  -> Final Prediction (Multi-Image): 10
  -> Result: ? INCORRECT (Ground Truth: 18)

[776/3633] Processing: mem-vs-atl-0022400378_36-track_41492 | True Jersey: 22
  -> Final Prediction (Multi-Image): 10
  -> Result: ? INCORRECT (Ground Truth: 22)

[777/3633] Processing: nyk-vs-min-0022400367_153-track_10092 | True Jersey: 25
  -> Final Prediction (Multi-Image): 25
  -> Result: ? CORRECT

[778/3633] Processing: okc-vs-mia-0022400375_144-track_4429 | True Jersey: nan
  -> Final Prediction (Multi-Image): 15
  -> Result: ? INCORRECT (Ground Truth: nan)

[779/3633] Processing: bkn-vs-det-0022400861_145-track_55194 | True Jersey: 0
  -> Final Prediction (Multi-Image): 15
  -> Result: ? INCORRECT (Ground Truth: 0)

[780/3633] Processing: mem-vs-lal-0022401220_156-track_58502 | True Jersey: 15
  -> Final Prediction (Multi-Image): 4
  -> Result: ? INCORRECT (Ground Truth: 15)

[781/3633] Processing: hou-vs-okc-0022400879_329-track_47012 | True Jersey: 8
  -> Final Prediction (Multi-Image): 8
  -> Result: ? CORRECT

[782/3633] Processing: mil-vs-chi-0022400398_47-track_45380 | True Jersey: 11
  -> Final Prediction (Multi-Image): 11
  -> Result: ? CORRECT

[783/3633] Processing: den-vs-sac-0022401225_222-track_60590 | True Jersey: 4
  -> Final Prediction (Multi-Image): 4
  -> Result: ? CORRECT

[784/3633] Processing: chi-vs-ind-0022400868_37-track_18626 | True Jersey: 0
  -> Final Prediction (Multi-Image): 0
  -> Result: ? CORRECT

[785/3633] Processing: nyk-vs-nop-0022400384_243-track_30618 | True Jersey: 32
  -> Final Prediction (Multi-Image): 32
  -> Result: ? CORRECT

[786/3633] Processing: nyk-vs-orl-0022401227_5-track_18334 | True Jersey: 3
  -> Final Prediction (Multi-Image): 3
  -> Result: ? CORRECT

[787/3633] Processing: mil-vs-chi-0022400398_130-track_25614 | True Jersey: 14
  -> Final Prediction (Multi-Image): 14
  -> Result: ? CORRECT

[788/3633] Processing: gsw-vs-bkn-0022400901_367-track_35992 | True Jersey: 45
  -> Final Prediction (Multi-Image): 15
  -> Result: ? INCORRECT (Ground Truth: 45)

[789/3633] Processing: mem-vs-lal-0022401220_174-track_51883 | True Jersey: 3
  -> Final Prediction (Multi-Image): 10
  -> Result: ? INCORRECT (Ground Truth: 3)

[790/3633] Processing: uta-vs-lac-0022401226_366-track_49259 | True Jersey: 4
  -> Final Prediction (Multi-Image): 10
  -> Result: ? INCORRECT (Ground Truth: 4)

[791/3633] Processing: den-vs-sac-0022401225_393-track_24481 | True Jersey: 6
  -> Final Prediction (Multi-Image): 27
  -> Result: ? INCORRECT (Ground Truth: 6)

[792/3633] Processing: mil-vs-okc-0062400001_45-track_24818 | True Jersey: nan
  -> Final Prediction (Multi-Image): 1
  -> Result: ? INCORRECT (Ground Truth: nan)

[793/3633] Processing: dal-vs-gsw-0022401228_202-track_12171 | True Jersey: nan
  -> Final Prediction (Multi-Image): 1
  -> Result: ? INCORRECT (Ground Truth: nan)

[794/3633] Processing: hou-vs-okc-0022400879_43-track_41193 | True Jersey: 5
  -> Final Prediction (Multi-Image): 3
  -> Result: ? INCORRECT (Ground Truth: 5)

[795/3633] Processing: gsw-vs-nyk-0022400885_274-track_59529 | True Jersey: 8
  -> Final Prediction (Multi-Image): 8
  -> Result: ? CORRECT

[796/3633] Processing: min-vs-phx-0022400873_301-track_12637 | True Jersey: 9
  -> Final Prediction (Multi-Image): 2
  -> Result: ? INCORRECT (Ground Truth: 9)

[797/3633] Processing: mil-vs-atl-0022400884_37-track_25546 | True Jersey: 8
  -> Final Prediction (Multi-Image): 1
  -> Result: ? INCORRECT (Ground Truth: 8)

[798/3633] Processing: gsw-vs-mem-0022400366_388-track_54798 | True Jersey: 32
  -> Final Prediction (Multi-Image): 11
  -> Result: ? INCORRECT (Ground Truth: 32)

[799/3633] Processing: mil-vs-dal-0022400865_316-track_2049 | True Jersey: 13
  -> Final Prediction (Multi-Image): 13
  -> Result: ? CORRECT

[800/3633] Processing: nop-vs-hou-0022400365_125-track_11143 | True Jersey: 9
  -> Final Prediction (Multi-Image): 9
  -> Result: ? CORRECT

[801/3633] Processing: bkn-vs-det-0022400861_145-track_55196 | True Jersey: 33
  -> Final Prediction (Multi-Image): 7
  -> Result: ? INCORRECT (Ground Truth: 33)

[802/3633] Processing: okc-vs-mia-0022400375_101-track_1505 | True Jersey: 9
  -> Final Prediction (Multi-Image): 9
  -> Result: ? CORRECT

[803/3633] Processing: lac-vs-dal-0022400368_169-track_49092 | True Jersey: 8
  -> Final Prediction (Multi-Image): 8
  -> Result: ? CORRECT

[804/3633] Processing: dal-vs-gsw-0022401228_202-track_12187 | True Jersey: 2
  -> Final Prediction (Multi-Image): 1
  -> Result: ? INCORRECT (Ground Truth: 2)

[805/3633] Processing: phi-vs-uta-0022400433_414-track_21063 | True Jersey: nan
  -> Final Prediction (Multi-Image): 2
  -> Result: ? INCORRECT (Ground Truth: nan)

[806/3633] Processing: mem-vs-nop-0022400923_347-track_54960 | True Jersey: 13
  -> Final Prediction (Multi-Image): 13
  -> Result: ? CORRECT

[807/3633] Processing: phx-vs-den-0022400402_55-track_34955 | True Jersey: nan
  -> Final Prediction (Multi-Image): 8
  -> Result: ? INCORRECT (Ground Truth: nan)

[808/3633] Processing: nop-vs-hou-0022400365_125-track_11206 | True Jersey: 25
  -> Final Prediction (Multi-Image): 25
  -> Result: ? CORRECT

[809/3633] Processing: cle-vs-chi-0022400886_422-track_24153 | True Jersey: 35
  -> Final Prediction (Multi-Image): 35
  -> Result: ? CORRECT

[810/3633] Processing: gsw-vs-mem-0022400366_373-track_45051 | True Jersey: 43
  -> Final Prediction (Multi-Image): 43
  -> Result: ? CORRECT

[811/3633] Processing: uta-vs-lac-0022401226_366-track_49254 | True Jersey: 77
  -> Final Prediction (Multi-Image): 77
  -> Result: ? CORRECT

[812/3633] Processing: was-vs-mil-0022400382_236-track_34886 | True Jersey: 13
  -> Final Prediction (Multi-Image): 13
  -> Result: ? CORRECT

[813/3633] Processing: bos-vs-was-0022401217_140-track_26720 | True Jersey: 30
  -> Final Prediction (Multi-Image): 37
  -> Result: ? INCORRECT (Ground Truth: 30)

[814/3633] Processing: tor-vs-nyk-0022400397_25-track_19833 | True Jersey: 8
  -> Final Prediction (Multi-Image): 0
  -> Result: ? INCORRECT (Ground Truth: 8)

[815/3633] Processing: uta-vs-was-0022400894_75-track_2586 | True Jersey: 00
  -> Final Prediction (Multi-Image): 00
  -> Result: ? CORRECT

[816/3633] Processing: nyk-vs-mia-0022400869_124-track_20750 | True Jersey: 55
  -> Final Prediction (Multi-Image): 2
  -> Result: ? INCORRECT (Ground Truth: 55)

[817/3633] Processing: cle-vs-chi-0022400886_352-track_23087 | True Jersey: 2
  -> Final Prediction (Multi-Image): 2
  -> Result: ? CORRECT

[818/3633] Processing: chi-vs-bos-0022400363_19-track_12439 | True Jersey: 8
  -> Final Prediction (Multi-Image): 8
  -> Result: ? CORRECT

[819/3633] Processing: gsw-vs-mem-0022400366_293-track_35732 | True Jersey: 15
  -> Final Prediction (Multi-Image): 15
  -> Result: ? CORRECT

[820/3633] Processing: mem-vs-lal-0022401220_343-track_52567 | True Jersey: 7
  -> Final Prediction (Multi-Image): 0
  -> Result: ? INCORRECT (Ground Truth: 7)

[821/3633] Processing: bkn-vs-det-0022400861_15-track_53362 | True Jersey: 33
  -> Final Prediction (Multi-Image): 33
  -> Result: ? CORRECT

[822/3633] Processing: lac-vs-dal-0022400368_169-track_49096 | True Jersey: 5
  -> Final Prediction (Multi-Image): 5
  -> Result: ? CORRECT

[823/3633] Processing: okc-vs-mia-0022400375_358-track_7926 | True Jersey: 13
  -> Final Prediction (Multi-Image): 13
  -> Result: ? CORRECT

[824/3633] Processing: gsw-vs-phi-0022400864_15-track_32160 | True Jersey: 23
  -> Final Prediction (Multi-Image): 23
  -> Result: ? CORRECT

[825/3633] Processing: den-vs-sac-0022401225_355-track_33006 | True Jersey: 3
  -> Final Prediction (Multi-Image): 3
  -> Result: ? CORRECT

[826/3633] Processing: chi-vs-tor-0022401223_140-track_24045 | True Jersey: 14
  -> Final Prediction (Multi-Image): 14
  -> Result: ? CORRECT

[827/3633] Processing: chi-vs-ind-0022400868_293-track_19697 | True Jersey: 2
  -> Final Prediction (Multi-Image): 2
  -> Result: ? CORRECT

[828/3633] Processing: det-vs-gsw-0022400919_47-track_9512 | True Jersey: 23
  -> Final Prediction (Multi-Image): 23
  -> Result: ? CORRECT

[829/3633] Processing: sas-vs-phi-0022400394_99-track_20344 | True Jersey: 28
  -> Final Prediction (Multi-Image): 28
  -> Result: ? CORRECT

[830/3633] Processing: mil-vs-dal-0022400865_141-track_2430 | True Jersey: 5
  -> Final Prediction (Multi-Image): 5
  -> Result: ? CORRECT

[831/3633] Processing: was-vs-mil-0022400382_236-track_34940 | True Jersey: 13
  -> Final Prediction (Multi-Image): 13
  -> Result: ? CORRECT

[832/3633] Processing: hou-vs-okc-0022400879_1-track_33901 | True Jersey: 2
  -> Final Prediction (Multi-Image): 2
  -> Result: ? CORRECT

[833/3633] Processing: nyk-vs-min-0022400367_284-track_13942 | True Jersey: 25
  -> Final Prediction (Multi-Image): 1
  -> Result: ? INCORRECT (Ground Truth: 25)

[834/3633] Processing: bkn-vs-det-0022400861_109-track_59012 | True Jersey: 4
  -> Final Prediction (Multi-Image): 4
  -> Result: ? CORRECT

[835/3633] Processing: sas-vs-sac-0022400910_171-track_14596 | True Jersey: 10
  -> Final Prediction (Multi-Image): 10
  -> Result: ? CORRECT

[836/3633] Processing: mem-vs-atl-0022400378_321-track_10836 | True Jersey: 5
  -> Final Prediction (Multi-Image): 5
  -> Result: ? CORRECT

[837/3633] Processing: gsw-vs-nyk-0022400885_213-track_47772 | True Jersey: 10
  -> Final Prediction (Multi-Image): 10
  -> Result: ? CORRECT

[838/3633] Processing: hou-vs-okc-0022400879_180-track_49592 | True Jersey: 22
  -> Final Prediction (Multi-Image): 10
  -> Result: ? INCORRECT (Ground Truth: 22)

[839/3633] Processing: chi-vs-ind-0022400868_100-track_7221 | True Jersey: nan
  -> Final Prediction (Multi-Image): 1
  -> Result: ? INCORRECT (Ground Truth: nan)

[840/3633] Processing: chi-vs-ind-0022400868_255-track_47291 | True Jersey: 5
  -> Final Prediction (Multi-Image): 5
  -> Result: ? CORRECT

[841/3633] Processing: nyk-vs-mia-0022400869_318-track_33474 | True Jersey: 24
  -> Final Prediction (Multi-Image): 24
  -> Result: ? CORRECT

[842/3633] Processing: por-vs-phx-0022401219_266-track_44683 | True Jersey: 22
  -> Final Prediction (Multi-Image): 22
  -> Result: ? CORRECT

[843/3633] Processing: lac-vs-lal-0022400874_106-track_4959 | True Jersey: 20
  -> Final Prediction (Multi-Image): 20
  -> Result: ? CORRECT

[844/3633] Processing: sac-vs-hou-0022400862_261-track_8773 | True Jersey: 8
  -> Final Prediction (Multi-Image): 8
  -> Result: ? CORRECT

[845/3633] Processing: sas-vs-mem-0022400863_109-track_29195 | True Jersey: 5
  -> Final Prediction (Multi-Image): 1
  -> Result: ? INCORRECT (Ground Truth: 5)

[846/3633] Processing: uta-vs-lac-0022401226_366-track_49256 | True Jersey: nan
  -> Final Prediction (Multi-Image): 10
  -> Result: ? INCORRECT (Ground Truth: nan)

[847/3633] Processing: det-vs-gsw-0022400919_47-track_9551 | True Jersey: nan
  -> Final Prediction (Multi-Image): 23
  -> Result: ? INCORRECT (Ground Truth: nan)

[848/3633] Processing: phi-vs-min-0022400887_256-track_25969 | True Jersey: 30
  -> Final Prediction (Multi-Image): 30
  -> Result: ? CORRECT

[849/3633] Processing: chi-vs-tor-0022401223_142-track_30353 | True Jersey: 15
  -> Final Prediction (Multi-Image): 15
  -> Result: ? CORRECT

[850/3633] Processing: cle-vs-bkn-0022401224_31-track_18875 | True Jersey: 35
  -> Final Prediction (Multi-Image): 35
  -> Result: ? CORRECT

[851/3633] Processing: lac-vs-lal-0022400874_0-track_12937 | True Jersey: 40
  -> Final Prediction (Multi-Image): 40
  -> Result: ? CORRECT

[852/3633] Processing: den-vs-sac-0022401225_355-track_32944 | True Jersey: 3
  -> Final Prediction (Multi-Image): 3
  -> Result: ? CORRECT

[853/3633] Processing: mil-vs-atl-0022400884_37-track_25479 | True Jersey: 11
  -> Final Prediction (Multi-Image): 11
  -> Result: ? CORRECT

[854/3633] Processing: gsw-vs-bkn-0022400901_332-track_29359 | True Jersey: 1
  -> Final Prediction (Multi-Image): 10
  -> Result: ? INCORRECT (Ground Truth: 1)

[855/3633] Processing: sas-vs-sac-0022400910_115-track_6551 | True Jersey: 33
  -> Final Prediction (Multi-Image): 33
  -> Result: ? CORRECT

[856/3633] Processing: sas-vs-mem-0022400863_109-track_29276 | True Jersey: 13
  -> Final Prediction (Multi-Image): 5
  -> Result: ? INCORRECT (Ground Truth: 13)

[857/3633] Processing: bos-vs-was-0022401217_41-track_278 | True Jersey: 13
  -> Final Prediction (Multi-Image): 13
  -> Result: ? CORRECT

[858/3633] Processing: gsw-vs-nyk-0022400885_341-track_33118 | True Jersey: 8
  -> Final Prediction (Multi-Image): 1
  -> Result: ? INCORRECT (Ground Truth: 8)

[859/3633] Processing: mem-vs-atl-0022400378_124-track_21075 | True Jersey: 27
  -> Final Prediction (Multi-Image): 27
  -> Result: ? CORRECT

[860/3633] Processing: nop-vs-uta-0022400872_80-track_56596 | True Jersey: 00
  -> Final Prediction (Multi-Image): 00
  -> Result: ? CORRECT

[861/3633] Processing: gsw-vs-bkn-0022400901_296-track_10426 | True Jersey: 23
  -> Final Prediction (Multi-Image): 23
  -> Result: ? CORRECT

[862/3633] Processing: phi-vs-uta-0022400433_414-track_21032 | True Jersey: 9
  -> Final Prediction (Multi-Image): 9
  -> Result: ? CORRECT

[863/3633] Processing: mil-vs-chi-0022400398_335-track_3478 | True Jersey: 9
  -> Final Prediction (Multi-Image): 8
  -> Result: ? INCORRECT (Ground Truth: 9)

[864/3633] Processing: hou-vs-okc-0022400879_299-track_56147 | True Jersey: 21
  -> Final Prediction (Multi-Image): 21
  -> Result: ? CORRECT

[865/3633] Processing: min-vs-phx-0022400873_301-track_12729 | True Jersey: 22
  -> Final Prediction (Multi-Image): 23
  -> Result: ? INCORRECT (Ground Truth: 22)

[866/3633] Processing: lac-vs-dal-0022400368_95-track_41244 | True Jersey: 77
  -> Final Prediction (Multi-Image): 77
  -> Result: ? CORRECT

[867/3633] Processing: orl-vs-mil-0022400917_170-track_10003 | True Jersey: nan
  -> Final Prediction (Multi-Image): 1
  -> Result: ? INCORRECT (Ground Truth: nan)

[868/3633] Processing: gsw-vs-phi-0022400864_255-track_43624 | True Jersey: 8
  -> Final Prediction (Multi-Image): 8
  -> Result: ? CORRECT

[869/3633] Processing: sas-vs-sac-0022400910_115-track_6634 | True Jersey: 22
  -> Final Prediction (Multi-Image): 1
  -> Result: ? INCORRECT (Ground Truth: 22)

[870/3633] Processing: nyk-vs-mia-0022400869_124-track_20768 | True Jersey: nan
  -> Final Prediction (Multi-Image): 1
  -> Result: ? INCORRECT (Ground Truth: nan)

[871/3633] Processing: uta-vs-was-0022400894_215-track_1408 | True Jersey: 22
  -> Final Prediction (Multi-Image): 2
  -> Result: ? INCORRECT (Ground Truth: 22)

[872/3633] Processing: dal-vs-gsw-0022401228_202-track_12142 | True Jersey: 31
  -> Final Prediction (Multi-Image): 31
  -> Result: ? CORRECT

[873/3633] Processing: gsw-vs-nyk-0022400885_102-track_39649 | True Jersey: 21
  -> Final Prediction (Multi-Image): 21
  -> Result: ? CORRECT

[874/3633] Processing: hou-vs-okc-0022400879_219-track_57571 | True Jersey: 2
  -> Final Prediction (Multi-Image): 2
  -> Result: ? CORRECT

[875/3633] Processing: mem-vs-nop-0022400923_190-track_22166 | True Jersey: 22
  -> Final Prediction (Multi-Image): 20
  -> Result: ? INCORRECT (Ground Truth: 22)

[876/3633] Processing: den-vs-sac-0022401225_222-track_60604 | True Jersey: 15
  -> Final Prediction (Multi-Image): 15
  -> Result: ? CORRECT

[877/3633] Processing: chi-vs-ind-0022400868_293-track_19714 | True Jersey: 10
  -> Final Prediction (Multi-Image): 10
  -> Result: ? CORRECT

[878/3633] Processing: nop-vs-uta-0022400872_348-track_29656 | True Jersey: 28
  -> Final Prediction (Multi-Image): 28
  -> Result: ? CORRECT

[879/3633] Processing: min-vs-phx-0022400873_310-track_9711 | True Jersey: 0
  -> Final Prediction (Multi-Image): 0
  -> Result: ? CORRECT

[880/3633] Processing: bos-vs-was-0022401217_138-track_24749 | True Jersey: 40
  -> Final Prediction (Multi-Image): 40
  -> Result: ? CORRECT

[881/3633] Processing: dal-vs-gsw-0022401228_202-track_12214 | True Jersey: 7
  -> Final Prediction (Multi-Image): 7
  -> Result: ? CORRECT

[882/3633] Processing: gsw-vs-nyk-0022400885_274-track_59596 | True Jersey: 7
  -> Final Prediction (Multi-Image): 7
  -> Result: ? CORRECT

[883/3633] Processing: phi-vs-cha-0022401222_403-track_34272 | True Jersey: 0
  -> Final Prediction (Multi-Image): 0
  -> Result: ? CORRECT

[884/3633] Processing: mil-vs-okc-0062400001_71-track_9886 | True Jersey: 44
  -> Final Prediction (Multi-Image): 9
  -> Result: ? INCORRECT (Ground Truth: 44)

[885/3633] Processing: mil-vs-chi-0022400398_130-track_25589 | True Jersey: 14
  -> Final Prediction (Multi-Image): 14
  -> Result: ? CORRECT

[886/3633] Processing: cle-vs-chi-0022400886_422-track_24264 | True Jersey: 8
  -> Final Prediction (Multi-Image): 8
  -> Result: ? CORRECT

[887/3633] Processing: chi-vs-bos-0022400363_330-track_57890 | True Jersey: 4
  -> Final Prediction (Multi-Image): 22
  -> Result: ? INCORRECT (Ground Truth: 4)

[888/3633] Processing: gsw-vs-bkn-0022400901_332-track_29348 | True Jersey: 0
  -> Final Prediction (Multi-Image): 0
  -> Result: ? CORRECT

[889/3633] Processing: nop-vs-uta-0022400872_80-track_56675 | True Jersey: 17
  -> Final Prediction (Multi-Image): 11
  -> Result: ? INCORRECT (Ground Truth: 17)

[890/3633] Processing: cle-vs-bkn-0022401224_22-track_2155 | True Jersey: 33
  -> Final Prediction (Multi-Image): 1
  -> Result: ? INCORRECT (Ground Truth: 33)

[891/3633] Processing: cle-vs-bkn-0022401224_377-track_40545 | True Jersey: 5
  -> Final Prediction (Multi-Image): 5
  -> Result: ? CORRECT

[892/3633] Processing: gsw-vs-phi-0022400864_233-track_38006 | True Jersey: nan
  -> Final Prediction (Multi-Image): 0
  -> Result: ? INCORRECT (Ground Truth: nan)

[893/3633] Processing: den-vs-sac-0022401225_222-track_60572 | True Jersey: 11
  -> Final Prediction (Multi-Image): 11
  -> Result: ? CORRECT

[894/3633] Processing: tor-vs-nyk-0022400397_25-track_19714 | True Jersey: 32
  -> Final Prediction (Multi-Image): 10
  -> Result: ? INCORRECT (Ground Truth: 32)

[895/3633] Processing: was-vs-mil-0022400382_331-track_48341 | True Jersey: 8
  -> Final Prediction (Multi-Image): 8
  -> Result: ? CORRECT

[896/3633] Processing: bkn-vs-det-0022400861_224-track_55990 | True Jersey: 13
  -> Final Prediction (Multi-Image): 13
  -> Result: ? CORRECT

[897/3633] Processing: phi-vs-cha-0022401222_146-track_50770 | True Jersey: 1
  -> Final Prediction (Multi-Image): 1
  -> Result: ? CORRECT

[898/3633] Processing: chi-vs-bos-0022400363_35-track_15610 | True Jersey: 0
  -> Final Prediction (Multi-Image): 1
  -> Result: ? INCORRECT (Ground Truth: 0)

[899/3633] Processing: cle-vs-chi-0022400886_383-track_59423 | True Jersey: 14
  -> Final Prediction (Multi-Image): 14
  -> Result: ? CORRECT

[900/3633] Processing: gsw-vs-mem-0022400366_149-track_33895 | True Jersey: 14
  -> Final Prediction (Multi-Image): 1
  -> Result: ? INCORRECT (Ground Truth: 14)

[901/3633] Processing: chi-vs-ind-0022400868_255-track_47236 | True Jersey: 2
  -> Final Prediction (Multi-Image): 1
  -> Result: ? INCORRECT (Ground Truth: 2)

[902/3633] Processing: den-vs-sac-0022401225_355-track_32928 | True Jersey: 23
  -> Final Prediction (Multi-Image): 1
  -> Result: ? INCORRECT (Ground Truth: 23)

[903/3633] Processing: por-vs-cle-0022400867_132-track_28441 | True Jersey: nan
  -> Final Prediction (Multi-Image): 15
  -> Result: ? INCORRECT (Ground Truth: nan)

[904/3633] Processing: sas-vs-mem-0022400863_109-track_29203 | True Jersey: 30
  -> Final Prediction (Multi-Image): 30
  -> Result: ? CORRECT

[905/3633] Processing: sas-vs-sac-0022400910_274-track_46566 | True Jersey: 23
  -> Final Prediction (Multi-Image): 22
  -> Result: ? INCORRECT (Ground Truth: 23)

[906/3633] Processing: bos-vs-was-0022401217_111-track_28807 | True Jersey: 9
  -> Final Prediction (Multi-Image): 9
  -> Result: ? CORRECT

[907/3633] Processing: tor-vs-orl-0022400870_250-track_7619 | True Jersey: 34
  -> Final Prediction (Multi-Image): 1
  -> Result: ? INCORRECT (Ground Truth: 34)

[908/3633] Processing: gsw-vs-mem-0022400366_388-track_54740 | True Jersey: 15
  -> Final Prediction (Multi-Image): 15
  -> Result: ? CORRECT

[909/3633] Processing: mil-vs-chi-0022400398_250-track_37658 | True Jersey: 44
  -> Final Prediction (Multi-Image): 4
  -> Result: ? INCORRECT (Ground Truth: 44)

[910/3633] Processing: okc-vs-mia-0022400375_144-track_4436 | True Jersey: 9
  -> Final Prediction (Multi-Image): 9
  -> Result: ? CORRECT

[911/3633] Processing: okc-vs-mia-0022400375_358-track_7925 | True Jersey: 55
  -> Final Prediction (Multi-Image): 55
  -> Result: ? CORRECT

[912/3633] Processing: cle-vs-bkn-0022401224_155-track_32603 | True Jersey: nan
  -> Final Prediction (Multi-Image): 10
  -> Result: ? INCORRECT (Ground Truth: nan)

[913/3633] Processing: mem-vs-nop-0022400923_190-track_22182 | True Jersey: 15
  -> Final Prediction (Multi-Image): 15
  -> Result: ? CORRECT

[914/3633] Processing: nyk-vs-min-0022400367_153-track_10130 | True Jersey: 2
  -> Final Prediction (Multi-Image): 2
  -> Result: ? CORRECT

[915/3633] Processing: gsw-vs-phi-0022400864_150-track_6340 | True Jersey: 5
  -> Final Prediction (Multi-Image): 5
  -> Result: ? CORRECT

[916/3633] Processing: sas-vs-sac-0022400910_274-track_46468 | True Jersey: 5
  -> Final Prediction (Multi-Image): 5
  -> Result: ? CORRECT

[917/3633] Processing: nop-vs-ind-0022401216_293-track_16526 | True Jersey: nan
  -> Final Prediction (Multi-Image): 1
  -> Result: ? INCORRECT (Ground Truth: nan)

[918/3633] Processing: hou-vs-okc-0022400879_299-track_56228 | True Jersey: 6
  -> Final Prediction (Multi-Image): 6
  -> Result: ? CORRECT

[919/3633] Processing: den-vs-sac-0022401225_222-track_60560 | True Jersey: 15
  -> Final Prediction (Multi-Image): 15
  -> Result: ? CORRECT

[920/3633] Processing: lac-vs-lal-0022400874_0-track_12953 | True Jersey: 24
  -> Final Prediction (Multi-Image): 24
  -> Result: ? CORRECT

[921/3633] Processing: nyk-vs-orl-0022401227_192-track_19583 | True Jersey: 8
  -> Final Prediction (Multi-Image): 8
  -> Result: ? CORRECT

[922/3633] Processing: lac-vs-dal-0022400368_331-track_60535 | True Jersey: 55
  -> Final Prediction (Multi-Image): 55
  -> Result: ? CORRECT

[923/3633] Processing: hou-vs-okc-0022400879_307-track_8891 | True Jersey: 21
  -> Final Prediction (Multi-Image): 21
  -> Result: ? CORRECT

[924/3633] Processing: hou-vs-okc-0022400879_180-track_49532 | True Jersey: 22
  -> Final Prediction (Multi-Image): 22
  -> Result: ? CORRECT

[925/3633] Processing: det-vs-lac-0022400898_280-track_8186 | True Jersey: 28
  -> Final Prediction (Multi-Image): 28
  -> Result: ? CORRECT

[926/3633] Processing: hou-vs-okc-0022400879_430-track_56563 | True Jersey: 7
  -> Final Prediction (Multi-Image): 7
  -> Result: ? CORRECT

[927/3633] Processing: was-vs-cha-0022400860_13-track_49900 | True Jersey: 1
  -> Final Prediction (Multi-Image): 1
  -> Result: ? CORRECT

[928/3633] Processing: mil-vs-okc-0062400001_288-track_57838 | True Jersey: 24
  -> Final Prediction (Multi-Image): 24
  -> Result: ? CORRECT

[929/3633] Processing: was-vs-cha-0022400860_189-track_54348 | True Jersey: 0
  -> Final Prediction (Multi-Image): 1
  -> Result: ? INCORRECT (Ground Truth: 0)

[930/3633] Processing: bkn-vs-det-0022400861_109-track_59088 | True Jersey: 28
  -> Final Prediction (Multi-Image): 28
  -> Result: ? CORRECT

[931/3633] Processing: bos-vs-was-0022401217_138-track_24748 | True Jersey: 40
  -> Final Prediction (Multi-Image): 40
  -> Result: ? CORRECT

[932/3633] Processing: bkn-vs-det-0022400861_145-track_55218 | True Jersey: 7
  -> Final Prediction (Multi-Image): 7
  -> Result: ? CORRECT

[933/3633] Processing: chi-vs-ind-0022400868_304-track_7888 | True Jersey: 22
  -> Final Prediction (Multi-Image): 2
  -> Result: ? INCORRECT (Ground Truth: 22)

[934/3633] Processing: lac-vs-lal-0022400874_172-track_28809 | True Jersey: 17
  -> Final Prediction (Multi-Image): 17
  -> Result: ? CORRECT

[935/3633] Processing: lac-vs-lal-0022400874_374-track_54036 | True Jersey: 2
  -> Final Prediction (Multi-Image): 2
  -> Result: ? CORRECT

[936/3633] Processing: por-vs-cle-0022400867_132-track_28429 | True Jersey: 4
  -> Final Prediction (Multi-Image): 4
  -> Result: ? CORRECT

[937/3633] Processing: sac-vs-hou-0022400862_261-track_8770 | True Jersey: 10
  -> Final Prediction (Multi-Image): 10
  -> Result: ? CORRECT

[938/3633] Processing: mil-vs-chi-0022400398_335-track_3510 | True Jersey: 8
  -> Final Prediction (Multi-Image): 8
  -> Result: ? CORRECT

[939/3633] Processing: sas-vs-sac-0022400910_115-track_6648 | True Jersey: 22
  -> Final Prediction (Multi-Image): 25
  -> Result: ? INCORRECT (Ground Truth: 22)

[940/3633] Processing: chi-vs-tor-0022401223_47-track_6687 | True Jersey: 19
  -> Final Prediction (Multi-Image): 19
  -> Result: ? CORRECT

[941/3633] Processing: tor-vs-orl-0022400870_282-track_41693 | True Jersey: nan
  -> Final Prediction (Multi-Image): 10
  -> Result: ? INCORRECT (Ground Truth: nan)

[942/3633] Processing: uta-vs-was-0022400894_338-track_12628 | True Jersey: 5
  -> Final Prediction (Multi-Image): 5
  -> Result: ? CORRECT

[943/3633] Processing: nyk-vs-mia-0022400869_318-track_33509 | True Jersey: 24
  -> Final Prediction (Multi-Image): 11
  -> Result: ? INCORRECT (Ground Truth: 24)

[944/3633] Processing: min-vs-sas-0022401218_286-track_42675 | True Jersey: nan
  -> Final Prediction (Multi-Image): 2
  -> Result: ? INCORRECT (Ground Truth: nan)

[945/3633] Processing: tor-vs-orl-0022400870_13-track_27917 | True Jersey: 5
  -> Final Prediction (Multi-Image): 5
  -> Result: ? CORRECT

[946/3633] Processing: cle-vs-chi-0022400886_422-track_24210 | True Jersey: 9
  -> Final Prediction (Multi-Image): 9
  -> Result: ? CORRECT

[947/3633] Processing: chi-vs-bos-0022400363_58-track_28507 | True Jersey: 14
  -> Final Prediction (Multi-Image): 14
  -> Result: ? CORRECT

[948/3633] Processing: sas-vs-mem-0022400863_286-track_30729 | True Jersey: 14
  -> Final Prediction (Multi-Image): 14
  -> Result: ? CORRECT

[949/3633] Processing: mil-vs-atl-0022400884_107-track_39447 | True Jersey: 5
  -> Final Prediction (Multi-Image): 5
  -> Result: ? CORRECT

[950/3633] Processing: uta-vs-was-0022400894_118-track_15535 | True Jersey: 28
  -> Final Prediction (Multi-Image): 28
  -> Result: ? CORRECT

[951/3633] Processing: min-vs-sas-0022401218_104-track_1292 | True Jersey: 1
  -> Final Prediction (Multi-Image): 1
  -> Result: ? CORRECT

[952/3633] Processing: mil-vs-atl-0022400884_203-track_40068 | True Jersey: 5
  -> Final Prediction (Multi-Image): 5
  -> Result: ? CORRECT

[953/3633] Processing: gsw-vs-phi-0022400864_43-track_31827 | True Jersey: 0
  -> Final Prediction (Multi-Image): 0
  -> Result: ? CORRECT

[954/3633] Processing: uta-vs-lac-0022401226_110-track_27153 | True Jersey: 3
  -> Final Prediction (Multi-Image): 3
  -> Result: ? CORRECT

[955/3633] Processing: was-vs-cha-0022400860_297-track_26885 | True Jersey: 24
  -> Final Prediction (Multi-Image): 1
  -> Result: ? INCORRECT (Ground Truth: 24)

[956/3633] Processing: okc-vs-mia-0022400375_358-track_7933 | True Jersey: 9
  -> Final Prediction (Multi-Image): 9
  -> Result: ? CORRECT

[957/3633] Processing: nyk-vs-nop-0022400384_359-track_39003 | True Jersey: 25
  -> Final Prediction (Multi-Image): 25
  -> Result: ? CORRECT

[958/3633] Processing: uta-vs-was-0022400894_118-track_15690 | True Jersey: 34
  -> Final Prediction (Multi-Image): 24
  -> Result: ? INCORRECT (Ground Truth: 34)

[959/3633] Processing: mem-vs-lal-0022401220_451-track_1498 | True Jersey: 12
  -> Final Prediction (Multi-Image): 7
  -> Result: ? INCORRECT (Ground Truth: 12)

[960/3633] Processing: bkn-vs-det-0022400861_224-track_56007 | True Jersey: 0
  -> Final Prediction (Multi-Image): 10
  -> Result: ? INCORRECT (Ground Truth: 0)

[961/3633] Processing: min-vs-phx-0022400873_226-track_2729 | True Jersey: 10
  -> Final Prediction (Multi-Image): 10
  -> Result: ? CORRECT

[962/3633] Processing: mil-vs-okc-0062400001_4-track_20152 | True Jersey: 2
  -> Final Prediction (Multi-Image): 2
  -> Result: ? CORRECT

[963/3633] Processing: lac-vs-dal-0022400368_147-track_5678 | True Jersey: 2
  -> Final Prediction (Multi-Image): 10
  -> Result: ? INCORRECT (Ground Truth: 2)

[964/3633] Processing: bkn-vs-det-0022400861_162-track_43437 | True Jersey: 8
  -> Final Prediction (Multi-Image): 8
  -> Result: ? CORRECT

[965/3633] Processing: bos-vs-was-0022401217_199-track_16757 | True Jersey: 0
  -> Final Prediction (Multi-Image): 0
  -> Result: ? CORRECT

[966/3633] Processing: nyk-vs-orl-0022401227_49-track_21660 | True Jersey: 34
  -> Final Prediction (Multi-Image): 34
  -> Result: ? CORRECT

[967/3633] Processing: hou-vs-okc-0022400879_307-track_8890 | True Jersey: 6
  -> Final Prediction (Multi-Image): 6
  -> Result: ? CORRECT

[968/3633] Processing: phi-vs-cha-0022401222_405-track_7078 | True Jersey: 1
  -> Final Prediction (Multi-Image): 1
  -> Result: ? CORRECT

[969/3633] Processing: hou-vs-okc-0022400879_170-track_53980 | True Jersey: 2
  -> Final Prediction (Multi-Image): 2
  -> Result: ? CORRECT

[970/3633] Processing: phi-vs-cha-0022401222_146-track_50866 | True Jersey: nan
  -> Final Prediction (Multi-Image): 1
  -> Result: ? INCORRECT (Ground Truth: nan)

[971/3633] Processing: bkn-vs-det-0022400861_109-track_59016 | True Jersey: nan
  -> Final Prediction (Multi-Image): 6
  -> Result: ? INCORRECT (Ground Truth: nan)

[972/3633] Processing: uta-vs-tor-0022400905_151-track_53151 | True Jersey: nan
  -> Final Prediction (Multi-Image): 10
  -> Result: ? INCORRECT (Ground Truth: nan)

[973/3633] Processing: sac-vs-hou-0022400862_212-track_24147 | True Jersey: 10
  -> Final Prediction (Multi-Image): 10
  -> Result: ? CORRECT

[974/3633] Processing: sac-vs-hou-0022400862_97-track_32359 | True Jersey: nan
  -> Final Prediction (Multi-Image): 1
  -> Result: ? INCORRECT (Ground Truth: nan)

[975/3633] Processing: phi-vs-uta-0022400433_213-track_35044 | True Jersey: nan
  -> Final Prediction (Multi-Image): 1
  -> Result: ? INCORRECT (Ground Truth: nan)

[976/3633] Processing: phi-vs-min-0022400887_256-track_25980 | True Jersey: 10
  -> Final Prediction (Multi-Image): 10
  -> Result: ? CORRECT

[977/3633] Processing: cle-vs-bkn-0022401224_22-track_2176 | True Jersey: 35
  -> Final Prediction (Multi-Image): 15
  -> Result: ? INCORRECT (Ground Truth: 35)

[978/3633] Processing: uta-vs-was-0022400894_75-track_2603 | True Jersey: 36
  -> Final Prediction (Multi-Image): 36
  -> Result: ? CORRECT

[979/3633] Processing: det-vs-gsw-0022400919_47-track_9564 | True Jersey: 0
  -> Final Prediction (Multi-Image): 0
  -> Result: ? CORRECT

[980/3633] Processing: bkn-vs-det-0022400861_15-track_53489 | True Jersey: 8
  -> Final Prediction (Multi-Image): 1
  -> Result: ? INCORRECT (Ground Truth: 8)

[981/3633] Processing: gsw-vs-bkn-0022400901_332-track_29347 | True Jersey: 33
  -> Final Prediction (Multi-Image): 33
  -> Result: ? CORRECT

[982/3633] Processing: hou-vs-okc-0022400879_299-track_56154 | True Jersey: 19
  -> Final Prediction (Multi-Image): 8
  -> Result: ? INCORRECT (Ground Truth: 19)

[983/3633] Processing: nyk-vs-min-0022400367_360-track_40607 | True Jersey: nan
  -> Final Prediction (Multi-Image): 1
  -> Result: ? INCORRECT (Ground Truth: nan)

[984/3633] Processing: chi-vs-ind-0022400868_2-track_13140 | True Jersey: 12
  -> Final Prediction (Multi-Image): 15
  -> Result: ? INCORRECT (Ground Truth: 12)

[985/3633] Processing: den-vs-por-0022400371_173-track_39623 | True Jersey: nan
  -> Final Prediction (Multi-Image): 1
  -> Result: ? INCORRECT (Ground Truth: nan)

[986/3633] Processing: mil-vs-atl-0022400884_37-track_25466 | True Jersey: 12
  -> Final Prediction (Multi-Image): 11
  -> Result: ? INCORRECT (Ground Truth: 12)

[987/3633] Processing: phi-vs-uta-0022400433_213-track_35056 | True Jersey: 2
  -> Final Prediction (Multi-Image): 2
  -> Result: ? CORRECT

[988/3633] Processing: phi-vs-min-0022400887_84-track_16322 | True Jersey: nan
  -> Final Prediction (Multi-Image): 11
  -> Result: ? INCORRECT (Ground Truth: nan)

[989/3633] Processing: nyk-vs-nop-0022400384_135-track_45046 | True Jersey: 1
  -> Final Prediction (Multi-Image): 1
  -> Result: ? CORRECT

[990/3633] Processing: nop-vs-uta-0022400872_126-track_39902 | True Jersey: 1
  -> Final Prediction (Multi-Image): 1
  -> Result: ? CORRECT

[991/3633] Processing: sas-vs-mem-0022400863_289-track_508 | True Jersey: 18
  -> Final Prediction (Multi-Image): 18
  -> Result: ? CORRECT

[992/3633] Processing: bkn-vs-det-0022400861_438-track_32619 | True Jersey: 43
  -> Final Prediction (Multi-Image): 49
  -> Result: ? INCORRECT (Ground Truth: 43)

[993/3633] Processing: uta-vs-lac-0022401226_115-track_60798 | True Jersey: 77
  -> Final Prediction (Multi-Image): 77
  -> Result: ? CORRECT

[994/3633] Processing: mil-vs-okc-0062400001_288-track_57793 | True Jersey: 9
  -> Final Prediction (Multi-Image): 9
  -> Result: ? CORRECT

[995/3633] Processing: chi-vs-bos-0022400363_58-track_28564 | True Jersey: 11
  -> Final Prediction (Multi-Image): 11
  -> Result: ? CORRECT

[996/3633] Processing: chi-vs-bos-0022400363_357-track_3178 | True Jersey: 7
  -> Final Prediction (Multi-Image): 7
  -> Result: ? CORRECT

[997/3633] Processing: chi-vs-ind-0022400868_100-track_7209 | True Jersey: 5
  -> Final Prediction (Multi-Image): 1
  -> Result: ? INCORRECT (Ground Truth: 5)

[998/3633] Processing: chi-vs-tor-0022401223_263-track_14116 | True Jersey: 1
  -> Final Prediction (Multi-Image): 1
  -> Result: ? CORRECT

[999/3633] Processing: lac-vs-dal-0022400368_331-track_60458 | True Jersey: 26
  -> Final Prediction (Multi-Image): 26
  -> Result: ? CORRECT

[1000/3633] Processing: chi-vs-bos-0022400363_35-track_15592 | True Jersey: 0
  -> Final Prediction (Multi-Image): 0
  -> Result: ? CORRECT

[1001/3633] Processing: chi-vs-ind-0022400868_100-track_7162 | True Jersey: nan
  -> Final Prediction (Multi-Image): 1
  -> Result: ? INCORRECT (Ground Truth: nan)

[1002/3633] Processing: phi-vs-cha-0022401222_146-track_50778 | True Jersey: 23
  -> Final Prediction (Multi-Image): 23
  -> Result: ? CORRECT

[1003/3633] Processing: chi-vs-bos-0022400363_51-track_17371 | True Jersey: 2
  -> Final Prediction (Multi-Image): 2
  -> Result: ? CORRECT

[1004/3633] Processing: mem-vs-atl-0022400378_124-track_21082 | True Jersey: 15
  -> Final Prediction (Multi-Image): 15
  -> Result: ? CORRECT

[1005/3633] Processing: den-vs-sac-0022401225_222-track_60579 | True Jersey: nan
  -> Final Prediction (Multi-Image): 1
  -> Result: ? INCORRECT (Ground Truth: nan)

[1006/3633] Processing: mem-vs-atl-0022400378_209-track_58802 | True Jersey: 14
  -> Final Prediction (Multi-Image): 14
  -> Result: ? CORRECT

[1007/3633] Processing: mil-vs-cle-0022400374_321-track_14718 | True Jersey: 15
  -> Final Prediction (Multi-Image): 15
  -> Result: ? CORRECT

[1008/3633] Processing: gsw-vs-phi-0022400864_233-track_37896 | True Jersey: 9
  -> Final Prediction (Multi-Image): 9
  -> Result: ? CORRECT

[1009/3633] Processing: min-vs-phx-0022400873_226-track_2728 | True Jersey: 35
  -> Final Prediction (Multi-Image): 35
  -> Result: ? CORRECT

[1010/3633] Processing: lac-vs-dal-0022400368_379-track_47683 | True Jersey: 42
  -> Final Prediction (Multi-Image): 2
  -> Result: ? INCORRECT (Ground Truth: 42)

[1011/3633] Processing: phi-vs-uta-0022400433_414-track_20993 | True Jersey: 24
  -> Final Prediction (Multi-Image): 24
  -> Result: ? CORRECT

[1012/3633] Processing: bos-vs-was-0022401217_138-track_24713 | True Jersey: 8
  -> Final Prediction (Multi-Image): 8
  -> Result: ? CORRECT

[1013/3633] Processing: nyk-vs-min-0022400367_284-track_13990 | True Jersey: 20
  -> Final Prediction (Multi-Image): 32
  -> Result: ? INCORRECT (Ground Truth: 20)

[1014/3633] Processing: cle-vs-bkn-0022401224_118-track_9281 | True Jersey: 2
  -> Final Prediction (Multi-Image): 2
  -> Result: ? CORRECT

[1015/3633] Processing: gsw-vs-nyk-0022400885_373-track_56104 | True Jersey: nan
  -> Final Prediction (Multi-Image): 1
  -> Result: ? INCORRECT (Ground Truth: nan)

[1016/3633] Processing: bos-vs-was-0022401217_41-track_244 | True Jersey: 0
  -> Final Prediction (Multi-Image): 0
  -> Result: ? CORRECT

[1017/3633] Processing: gsw-vs-bkn-0022400901_86-track_50244 | True Jersey: 22
  -> Final Prediction (Multi-Image): 22
  -> Result: ? CORRECT

[1018/3633] Processing: den-vs-bos-0022400866_307-track_21338 | True Jersey: 9
  -> Final Prediction (Multi-Image): 10
  -> Result: ? INCORRECT (Ground Truth: 9)

[1019/3633] Processing: uta-vs-was-0022400894_338-track_12624 | True Jersey: 9
  -> Final Prediction (Multi-Image): 0
  -> Result: ? INCORRECT (Ground Truth: 9)

[1020/3633] Processing: was-vs-cha-0022400860_266-track_59254 | True Jersey: 0
  -> Final Prediction (Multi-Image): 0
  -> Result: ? CORRECT

[1021/3633] Processing: gsw-vs-mem-0022400366_149-track_34112 | True Jersey: 1
  -> Final Prediction (Multi-Image): 1
  -> Result: ? CORRECT

[1022/3633] Processing: hou-vs-okc-0022400879_48-track_42164 | True Jersey: 4
  -> Final Prediction (Multi-Image): 3
  -> Result: ? INCORRECT (Ground Truth: 4)

[1023/3633] Processing: gsw-vs-bkn-0022400901_2-track_40943 | True Jersey: 33
  -> Final Prediction (Multi-Image): 24
  -> Result: ? INCORRECT (Ground Truth: 33)

[1024/3633] Processing: gsw-vs-phi-0022400864_83-track_30438 | True Jersey: 19
  -> Final Prediction (Multi-Image): 14
  -> Result: ? INCORRECT (Ground Truth: 19)

[1025/3633] Processing: mem-vs-atl-0022400378_321-track_10813 | True Jersey: 3
  -> Final Prediction (Multi-Image): 13
  -> Result: ? INCORRECT (Ground Truth: 3)

[1026/3633] Processing: min-vs-phx-0022400873_310-track_9661 | True Jersey: 9
  -> Final Prediction (Multi-Image): 9
  -> Result: ? CORRECT

[1027/3633] Processing: min-vs-sas-0022401218_104-track_1175 | True Jersey: 3
  -> Final Prediction (Multi-Image): 5
  -> Result: ? INCORRECT (Ground Truth: 3)

[1028/3633] Processing: bos-vs-was-0022401217_44-track_43917 | True Jersey: 13
  -> Final Prediction (Multi-Image): 12
  -> Result: ? INCORRECT (Ground Truth: 13)

[1029/3633] Processing: cle-vs-chi-0022400886_352-track_23088 | True Jersey: 7
  -> Final Prediction (Multi-Image): 7
  -> Result: ? CORRECT

[1030/3633] Processing: chi-vs-ind-0022400868_2-track_13132 | True Jersey: 14
  -> Final Prediction (Multi-Image): 14
  -> Result: ? CORRECT

[1031/3633] Processing: bkn-vs-det-0022400861_393-track_57671 | True Jersey: 8
  -> Final Prediction (Multi-Image): 1
  -> Result: ? INCORRECT (Ground Truth: 8)

[1032/3633] Processing: mem-vs-lal-0022401220_174-track_51983 | True Jersey: 7
  -> Final Prediction (Multi-Image): 11
  -> Result: ? INCORRECT (Ground Truth: 7)

[1033/3633] Processing: uta-vs-lac-0022401226_115-track_60909 | True Jersey: 20
  -> Final Prediction (Multi-Image): 20
  -> Result: ? CORRECT

[1034/3633] Processing: gsw-vs-phi-0022400864_255-track_43633 | True Jersey: 23
  -> Final Prediction (Multi-Image): 23
  -> Result: ? CORRECT

[1035/3633] Processing: orl-vs-mil-0022400917_237-track_46987 | True Jersey: 34
  -> Final Prediction (Multi-Image): 34
  -> Result: ? CORRECT

[1036/3633] Processing: gsw-vs-bkn-0022400901_14-track_20903 | True Jersey: 33
  -> Final Prediction (Multi-Image): 1
  -> Result: ? INCORRECT (Ground Truth: 33)

[1037/3633] Processing: mil-vs-dal-0022400865_286-track_16837 | True Jersey: 0
  -> Final Prediction (Multi-Image): 1
  -> Result: ? INCORRECT (Ground Truth: 0)

[1038/3633] Processing: mem-vs-atl-0022400378_124-track_21119 | True Jersey: 3
  -> Final Prediction (Multi-Image): 10
  -> Result: ? INCORRECT (Ground Truth: 3)

[1039/3633] Processing: nop-vs-ind-0022401216_429-track_1764 | True Jersey: 00
  -> Final Prediction (Multi-Image): 00
  -> Result: ? CORRECT

[1040/3633] Processing: phx-vs-den-0022400402_352-track_11455 | True Jersey: 2
  -> Final Prediction (Multi-Image): 2
  -> Result: ? CORRECT

[1041/3633] Processing: chi-vs-ind-0022400868_2-track_13144 | True Jersey: 25
  -> Final Prediction (Multi-Image): 25
  -> Result: ? CORRECT

[1042/3633] Processing: chi-vs-tor-0022401223_140-track_24031 | True Jersey: 3
  -> Final Prediction (Multi-Image): 13
  -> Result: ? INCORRECT (Ground Truth: 3)

[1043/3633] Processing: uta-vs-was-0022400894_186-track_13030 | True Jersey: 32
  -> Final Prediction (Multi-Image): 27
  -> Result: ? INCORRECT (Ground Truth: 32)

[1044/3633] Processing: nyk-vs-min-0022400367_284-track_13928 | True Jersey: 9
  -> Final Prediction (Multi-Image): 9
  -> Result: ? CORRECT

[1045/3633] Processing: gsw-vs-nyk-0022400885_102-track_39628 | True Jersey: 1
  -> Final Prediction (Multi-Image): 7
  -> Result: ? INCORRECT (Ground Truth: 1)

[1046/3633] Processing: gsw-vs-nyk-0022400885_353-track_13794 | True Jersey: 15
  -> Final Prediction (Multi-Image): 15
  -> Result: ? CORRECT

[1047/3633] Processing: gsw-vs-phi-0022400864_233-track_37996 | True Jersey: 23
  -> Final Prediction (Multi-Image): 23
  -> Result: ? CORRECT

[1048/3633] Processing: gsw-vs-nyk-0022400885_276-track_60372 | True Jersey: 5
  -> Final Prediction (Multi-Image): 6
  -> Result: ? INCORRECT (Ground Truth: 5)

[1049/3633] Processing: lac-vs-dal-0022400368_147-track_5771 | True Jersey: nan
  -> Final Prediction (Multi-Image): 1
  -> Result: ? INCORRECT (Ground Truth: nan)

[1050/3633] Processing: hou-vs-okc-0022400879_48-track_42221 | True Jersey: 15
  -> Final Prediction (Multi-Image): 1
  -> Result: ? INCORRECT (Ground Truth: 15)

[1051/3633] Processing: gsw-vs-mem-0022400366_149-track_34130 | True Jersey: 3
  -> Final Prediction (Multi-Image): 1
  -> Result: ? INCORRECT (Ground Truth: 3)

[1052/3633] Processing: was-vs-cha-0022400860_297-track_26886 | True Jersey: 3
  -> Final Prediction (Multi-Image): 3
  -> Result: ? CORRECT

[1053/3633] Processing: mia-vs-det-0022401221_306-track_37836 | True Jersey: 00
  -> Final Prediction (Multi-Image): 0
  -> Result: ? INCORRECT (Ground Truth: 00)

[1054/3633] Processing: por-vs-phx-0022401219_114-track_33069 | True Jersey: 5
  -> Final Prediction (Multi-Image): 23
  -> Result: ? INCORRECT (Ground Truth: 5)

[1055/3633] Processing: mil-vs-okc-0062400001_45-track_24803 | True Jersey: 44
  -> Final Prediction (Multi-Image): 14
  -> Result: ? INCORRECT (Ground Truth: 44)

[1056/3633] Processing: phi-vs-min-0022400887_256-track_25992 | True Jersey: 9
  -> Final Prediction (Multi-Image): 8
  -> Result: ? INCORRECT (Ground Truth: 9)

[1057/3633] Processing: bkn-vs-det-0022400861_224-track_55996 | True Jersey: 33
  -> Final Prediction (Multi-Image): 0
  -> Result: ? INCORRECT (Ground Truth: 33)

[1058/3633] Processing: gsw-vs-mem-0022400366_388-track_54779 | True Jersey: 2
  -> Final Prediction (Multi-Image): 11
  -> Result: ? INCORRECT (Ground Truth: 2)

[1059/3633] Processing: chi-vs-ind-0022400868_304-track_7856 | True Jersey: 22
  -> Final Prediction (Multi-Image): 10
  -> Result: ? INCORRECT (Ground Truth: 22)

[1060/3633] Processing: den-vs-bos-0022400866_307-track_21275 | True Jersey: 11
  -> Final Prediction (Multi-Image): 11
  -> Result: ? CORRECT

[1061/3633] Processing: lac-vs-dal-0022400368_95-track_41455 | True Jersey: 00
  -> Final Prediction (Multi-Image): 00
  -> Result: ? CORRECT

[1062/3633] Processing: sac-vs-hou-0022400862_261-track_8837 | True Jersey: 13
  -> Final Prediction (Multi-Image): 3
  -> Result: ? INCORRECT (Ground Truth: 13)

[1063/3633] Processing: min-vs-sas-0022401218_207-track_14444 | True Jersey: 10
  -> Final Prediction (Multi-Image): 1
  -> Result: ? INCORRECT (Ground Truth: 10)

[1064/3633] Processing: min-vs-den-0022400952_254-track_45650 | True Jersey: 1
  -> Final Prediction (Multi-Image): 1
  -> Result: ? CORRECT

[1065/3633] Processing: was-vs-cha-0022400860_297-track_26922 | True Jersey: 8
  -> Final Prediction (Multi-Image): 8
  -> Result: ? CORRECT

[1066/3633] Processing: lac-vs-dal-0022400368_169-track_49076 | True Jersey: 21
  -> Final Prediction (Multi-Image): 10
  -> Result: ? INCORRECT (Ground Truth: 21)

[1067/3633] Processing: mil-vs-atl-0022400884_203-track_40080 | True Jersey: 20
  -> Final Prediction (Multi-Image): 20
  -> Result: ? CORRECT

[1068/3633] Processing: phi-vs-uta-0022400433_213-track_35111 | True Jersey: 9
  -> Final Prediction (Multi-Image): 9
  -> Result: ? CORRECT

[1069/3633] Processing: den-vs-bos-0022400866_173-track_32069 | True Jersey: nan
  -> Final Prediction (Multi-Image): 1
  -> Result: ? INCORRECT (Ground Truth: nan)

[1070/3633] Processing: gsw-vs-phi-0022400864_43-track_31896 | True Jersey: 0
  -> Final Prediction (Multi-Image): 0
  -> Result: ? CORRECT

[1071/3633] Processing: chi-vs-tor-0022401223_273-track_45694 | True Jersey: 9
  -> Final Prediction (Multi-Image): 10
  -> Result: ? INCORRECT (Ground Truth: 9)

[1072/3633] Processing: det-vs-gsw-0022400919_452-track_16495 | True Jersey: 5
  -> Final Prediction (Multi-Image): 2
  -> Result: ? INCORRECT (Ground Truth: 5)

[1073/3633] Processing: mil-vs-okc-0062400001_4-track_20145 | True Jersey: 12
  -> Final Prediction (Multi-Image): 12
  -> Result: ? CORRECT

[1074/3633] Processing: den-vs-bos-0022400866_195-track_30783 | True Jersey: 27
  -> Final Prediction (Multi-Image): 0
  -> Result: ? INCORRECT (Ground Truth: 27)

[1075/3633] Processing: hou-vs-okc-0022400879_1-track_33921 | True Jersey: 4
  -> Final Prediction (Multi-Image): 11
  -> Result: ? INCORRECT (Ground Truth: 4)

[1076/3633] Processing: min-vs-phx-0022400873_301-track_12534 | True Jersey: 22
  -> Final Prediction (Multi-Image): 12
  -> Result: ? INCORRECT (Ground Truth: 22)

[1077/3633] Processing: gsw-vs-phi-0022400864_75-track_50224 | True Jersey: 5
  -> Final Prediction (Multi-Image): 5
  -> Result: ? CORRECT

[1078/3633] Processing: den-vs-bos-0022400866_195-track_30814 | True Jersey: 0
  -> Final Prediction (Multi-Image): 0
  -> Result: ? CORRECT

[1079/3633] Processing: sas-vs-phi-0022400394_99-track_20410 | True Jersey: nan
  -> Final Prediction (Multi-Image): 10
  -> Result: ? INCORRECT (Ground Truth: nan)

[1080/3633] Processing: was-vs-mil-0022400382_331-track_48305 | True Jersey: 22
  -> Final Prediction (Multi-Image): 0
  -> Result: ? INCORRECT (Ground Truth: 22)

[1081/3633] Processing: phx-vs-den-0022400402_352-track_11452 | True Jersey: 24
  -> Final Prediction (Multi-Image): 1
  -> Result: ? INCORRECT (Ground Truth: 24)

[1082/3633] Processing: chi-vs-tor-0022401223_47-track_6723 | True Jersey: 3
  -> Final Prediction (Multi-Image): 3
  -> Result: ? CORRECT

[1083/3633] Processing: gsw-vs-phi-0022400864_83-track_30477 | True Jersey: 5
  -> Final Prediction (Multi-Image): 5
  -> Result: ? CORRECT

[1084/3633] Processing: mia-vs-det-0022401221_241-track_14854 | True Jersey: 12
  -> Final Prediction (Multi-Image): 12
  -> Result: ? CORRECT

[1085/3633] Processing: lac-vs-dal-0022400368_331-track_60550 | True Jersey: nan
  -> Final Prediction (Multi-Image): 55
  -> Result: ? INCORRECT (Ground Truth: nan)

[1086/3633] Processing: bos-vs-was-0022401217_41-track_251 | True Jersey: 4
  -> Final Prediction (Multi-Image): 4
  -> Result: ? CORRECT

[1087/3633] Processing: chi-vs-ind-0022400868_2-track_13159 | True Jersey: 0
  -> Final Prediction (Multi-Image): 0
  -> Result: ? CORRECT

[1088/3633] Processing: chi-vs-ind-0022400868_171-track_51866 | True Jersey: 0
  -> Final Prediction (Multi-Image): 0
  -> Result: ? CORRECT

[1089/3633] Processing: nyk-vs-mia-0022400869_318-track_33544 | True Jersey: 45
  -> Final Prediction (Multi-Image): 45
  -> Result: ? CORRECT

[1090/3633] Processing: was-vs-mil-0022400382_236-track_34894 | True Jersey: nan
  -> Final Prediction (Multi-Image): 10
  -> Result: ? INCORRECT (Ground Truth: nan)

[1091/3633] Processing: nop-vs-hou-0022400365_125-track_11146 | True Jersey: 3
  -> Final Prediction (Multi-Image): 3
  -> Result: ? CORRECT

[1092/3633] Processing: sas-vs-sac-0022400910_220-track_21499 | True Jersey: 10
  -> Final Prediction (Multi-Image): 4
  -> Result: ? INCORRECT (Ground Truth: 10)

[1093/3633] Processing: hou-vs-okc-0022400879_43-track_41086 | True Jersey: 2
  -> Final Prediction (Multi-Image): 11
  -> Result: ? INCORRECT (Ground Truth: 2)

[1094/3633] Processing: min-vs-sas-0022401218_104-track_1168 | True Jersey: 54
  -> Final Prediction (Multi-Image): 54
  -> Result: ? CORRECT

[1095/3633] Processing: uta-vs-tor-0022400905_242-track_14333 | True Jersey: 21
  -> Final Prediction (Multi-Image): 21
  -> Result: ? CORRECT

[1096/3633] Processing: dal-vs-gsw-0022401228_95-track_26458 | True Jersey: 2
  -> Final Prediction (Multi-Image): 2
  -> Result: ? CORRECT

[1097/3633] Processing: chi-vs-ind-0022400868_100-track_7118 | True Jersey: 22
  -> Final Prediction (Multi-Image): 22
  -> Result: ? CORRECT

[1098/3633] Processing: gsw-vs-mem-0022400366_388-track_54873 | True Jersey: 2
  -> Final Prediction (Multi-Image): 2
  -> Result: ? CORRECT

[1099/3633] Processing: bkn-vs-det-0022400861_200-track_19078 | True Jersey: 0
  -> Final Prediction (Multi-Image): 0
  -> Result: ? CORRECT

[1100/3633] Processing: chi-vs-tor-0022401223_263-track_14080 | True Jersey: 9
  -> Final Prediction (Multi-Image): 9
  -> Result: ? CORRECT

[1101/3633] Processing: dal-vs-gsw-0022401228_202-track_12197 | True Jersey: nan
  -> Final Prediction (Multi-Image): 11
  -> Result: ? INCORRECT (Ground Truth: nan)

[1102/3633] Processing: gsw-vs-phi-0022400864_220-track_4485 | True Jersey: 9
  -> Final Prediction (Multi-Image): 9
  -> Result: ? CORRECT

[1103/3633] Processing: den-vs-por-0022400371_173-track_39797 | True Jersey: 1
  -> Final Prediction (Multi-Image): 1
  -> Result: ? CORRECT

[1104/3633] Processing: mem-vs-nop-0022400923_196-track_31618 | True Jersey: 30
  -> Final Prediction (Multi-Image): 30
  -> Result: ? CORRECT

[1105/3633] Processing: gsw-vs-mem-0022400366_169-track_545 | True Jersey: 22
  -> Final Prediction (Multi-Image): 22
  -> Result: ? CORRECT

[1106/3633] Processing: sac-vs-hou-0022400862_212-track_24063 | True Jersey: 5
  -> Final Prediction (Multi-Image): 5
  -> Result: ? CORRECT

[1107/3633] Processing: hou-vs-okc-0022400879_180-track_49654 | True Jersey: 21
  -> Final Prediction (Multi-Image): 0
  -> Result: ? INCORRECT (Ground Truth: 21)

[1108/3633] Processing: okc-vs-mia-0022400375_385-track_21742 | True Jersey: 55
  -> Final Prediction (Multi-Image): 35
  -> Result: ? INCORRECT (Ground Truth: 55)

[1109/3633] Processing: mil-vs-dal-0022400865_21-track_6807 | True Jersey: 11
  -> Final Prediction (Multi-Image): 11
  -> Result: ? CORRECT

[1110/3633] Processing: chi-vs-bos-0022400363_330-track_57894 | True Jersey: 7
  -> Final Prediction (Multi-Image): 7
  -> Result: ? CORRECT

[1111/3633] Processing: dal-vs-gsw-0022401228_202-track_12130 | True Jersey: 11
  -> Final Prediction (Multi-Image): 11
  -> Result: ? CORRECT

[1112/3633] Processing: mem-vs-lal-0022401220_156-track_58654 | True Jersey: 15
  -> Final Prediction (Multi-Image): 15
  -> Result: ? CORRECT

[1113/3633] Processing: tor-vs-nyk-0022400397_25-track_19876 | True Jersey: 30
  -> Final Prediction (Multi-Image): 30
  -> Result: ? CORRECT

[1114/3633] Processing: den-vs-sac-0022401225_355-track_32990 | True Jersey: 25
  -> Final Prediction (Multi-Image): 10
  -> Result: ? INCORRECT (Ground Truth: 25)

[1115/3633] Processing: min-vs-phx-0022400873_310-track_9763 | True Jersey: 22
  -> Final Prediction (Multi-Image): 22
  -> Result: ? CORRECT

[1116/3633] Processing: nyk-vs-nop-0022400384_243-track_30620 | True Jersey: 3
  -> Final Prediction (Multi-Image): 3
  -> Result: ? CORRECT

[1117/3633] Processing: nyk-vs-orl-0022401227_49-track_21645 | True Jersey: 25
  -> Final Prediction (Multi-Image): 25
  -> Result: ? CORRECT

[1118/3633] Processing: okc-vs-sas-0022400871_13-track_3884 | True Jersey: nan
  -> Final Prediction (Multi-Image): 1
  -> Result: ? INCORRECT (Ground Truth: nan)

[1119/3633] Processing: gsw-vs-mem-0022400366_12-track_46753 | True Jersey: 22
  -> Final Prediction (Multi-Image): 22
  -> Result: ? CORRECT

[1120/3633] Processing: chi-vs-ind-0022400868_2-track_13169 | True Jersey: 25
  -> Final Prediction (Multi-Image): 2
  -> Result: ? INCORRECT (Ground Truth: 25)

[1121/3633] Processing: nyk-vs-min-0022400367_153-track_10121 | True Jersey: nan
  -> Final Prediction (Multi-Image): 10
  -> Result: ? INCORRECT (Ground Truth: nan)

[1122/3633] Processing: det-vs-lac-0022400898_328-track_40255 | True Jersey: 17
  -> Final Prediction (Multi-Image): 7
  -> Result: ? INCORRECT (Ground Truth: 17)

[1123/3633] Processing: tor-vs-nyk-0022400397_25-track_19827 | True Jersey: 3
  -> Final Prediction (Multi-Image): 3
  -> Result: ? CORRECT

[1124/3633] Processing: bos-vs-was-0022401217_112-track_4082 | True Jersey: 13
  -> Final Prediction (Multi-Image): 13
  -> Result: ? CORRECT

[1125/3633] Processing: lac-vs-lal-0022400874_0-track_12977 | True Jersey: 11
  -> Final Prediction (Multi-Image): 11
  -> Result: ? CORRECT

[1126/3633] Processing: sac-vs-hou-0022400862_261-track_8767 | True Jersey: 41
  -> Final Prediction (Multi-Image): 41
  -> Result: ? CORRECT

[1127/3633] Processing: min-vs-den-0022400952_126-track_7731 | True Jersey: 30
  -> Final Prediction (Multi-Image): 30
  -> Result: ? CORRECT

[1128/3633] Processing: mem-vs-nop-0022400923_293-track_27519 | True Jersey: 12
  -> Final Prediction (Multi-Image): 12
  -> Result: ? CORRECT

[1129/3633] Processing: chi-vs-bos-0022400363_376-track_49784 | True Jersey: nan
  -> Final Prediction (Multi-Image): 1
  -> Result: ? INCORRECT (Ground Truth: nan)

[1130/3633] Processing: sas-vs-mem-0022400863_289-track_406 | True Jersey: 14
  -> Final Prediction (Multi-Image): 14
  -> Result: ? CORRECT

[1131/3633] Processing: bkn-vs-det-0022400861_15-track_53476 | True Jersey: 2
  -> Final Prediction (Multi-Image): 2
  -> Result: ? CORRECT

[1132/3633] Processing: cle-vs-bkn-0022401224_155-track_32590 | True Jersey: 2
  -> Final Prediction (Multi-Image): 2
  -> Result: ? CORRECT

[1133/3633] Processing: lac-vs-lal-0022400874_374-track_54192 | True Jersey: nan
  -> Final Prediction (Multi-Image): 1
  -> Result: ? INCORRECT (Ground Truth: nan)

[1134/3633] Processing: gsw-vs-bkn-0022400901_265-track_32846 | True Jersey: 8
  -> Final Prediction (Multi-Image): 15
  -> Result: ? INCORRECT (Ground Truth: 8)

[1135/3633] Processing: gsw-vs-mem-0022400366_149-track_34075 | True Jersey: 30
  -> Final Prediction (Multi-Image): 1
  -> Result: ? INCORRECT (Ground Truth: 30)

[1136/3633] Processing: orl-vs-mil-0022400917_237-track_46997 | True Jersey: 34
  -> Final Prediction (Multi-Image): 14
  -> Result: ? INCORRECT (Ground Truth: 34)

[1137/3633] Processing: mil-vs-dal-0022400865_141-track_2440 | True Jersey: nan
  -> Final Prediction (Multi-Image): 8
  -> Result: ? INCORRECT (Ground Truth: nan)

[1138/3633] Processing: sas-vs-phi-0022400394_406-track_55758 | True Jersey: 8
  -> Final Prediction (Multi-Image): 8
  -> Result: ? CORRECT

[1139/3633] Processing: mem-vs-atl-0022400378_36-track_41470 | True Jersey: 0
  -> Final Prediction (Multi-Image): 0
  -> Result: ? CORRECT

[1140/3633] Processing: mil-vs-atl-0022400884_37-track_25472 | True Jersey: 18
  -> Final Prediction (Multi-Image): 18
  -> Result: ? CORRECT

[1141/3633] Processing: cle-vs-bkn-0022401224_345-track_10555 | True Jersey: 32
  -> Final Prediction (Multi-Image): 32
  -> Result: ? CORRECT

[1142/3633] Processing: tor-vs-orl-0022400870_13-track_28027 | True Jersey: 50
  -> Final Prediction (Multi-Image): 50
  -> Result: ? CORRECT

[1143/3633] Processing: hou-vs-okc-0022400879_43-track_41200 | True Jersey: nan
  -> Final Prediction (Multi-Image): 1
  -> Result: ? INCORRECT (Ground Truth: nan)

[1144/3633] Processing: cle-vs-bkn-0022401224_134-track_22423 | True Jersey: 10
  -> Final Prediction (Multi-Image): 10
  -> Result: ? CORRECT

[1145/3633] Processing: phx-vs-den-0022400402_158-track_53642 | True Jersey: 4
  -> Final Prediction (Multi-Image): 4
  -> Result: ? CORRECT

[1146/3633] Processing: por-vs-cle-0022400867_80-track_17205 | True Jersey: 5
  -> Final Prediction (Multi-Image): 5
  -> Result: ? CORRECT

[1147/3633] Processing: gsw-vs-nyk-0022400885_353-track_13913 | True Jersey: 5
  -> Final Prediction (Multi-Image): 5
  -> Result: ? CORRECT

[1148/3633] Processing: mem-vs-atl-0022400378_209-track_58750 | True Jersey: 1
  -> Final Prediction (Multi-Image): 7
  -> Result: ? INCORRECT (Ground Truth: 1)

[1149/3633] Processing: min-vs-den-0022400952_186-track_49164 | True Jersey: 15
  -> Final Prediction (Multi-Image): 15
  -> Result: ? CORRECT

[1150/3633] Processing: bos-vs-was-0022401217_41-track_247 | True Jersey: 0
  -> Final Prediction (Multi-Image): 0
  -> Result: ? CORRECT

[1151/3633] Processing: gsw-vs-nyk-0022400885_313-track_37274 | True Jersey: 1
  -> Final Prediction (Multi-Image): 5
  -> Result: ? INCORRECT (Ground Truth: 1)

[1152/3633] Processing: gsw-vs-bkn-0022400901_325-track_25788 | True Jersey: 24
  -> Final Prediction (Multi-Image): 14
  -> Result: ? INCORRECT (Ground Truth: 24)

[1153/3633] Processing: cle-vs-chi-0022400886_13-track_31756 | True Jersey: 14
  -> Final Prediction (Multi-Image): 14
  -> Result: ? CORRECT

[1154/3633] Processing: min-vs-phx-0022400873_301-track_12633 | True Jersey: 0
  -> Final Prediction (Multi-Image): 8
  -> Result: ? INCORRECT (Ground Truth: 0)

[1155/3633] Processing: nyk-vs-nop-0022400384_135-track_45080 | True Jersey: 5
  -> Final Prediction (Multi-Image): 12
  -> Result: ? INCORRECT (Ground Truth: 5)

[1156/3633] Processing: mil-vs-dal-0022400865_316-track_2142 | True Jersey: 1
  -> Final Prediction (Multi-Image): 1
  -> Result: ? CORRECT

[1157/3633] Processing: chi-vs-tor-0022401223_198-track_52416 | True Jersey: 44
  -> Final Prediction (Multi-Image): 23
  -> Result: ? INCORRECT (Ground Truth: 44)

[1158/3633] Processing: mem-vs-lal-0022401220_451-track_1506 | True Jersey: 10
  -> Final Prediction (Multi-Image): 10
  -> Result: ? CORRECT

[1159/3633] Processing: cle-vs-chi-0022400886_364-track_44883 | True Jersey: 30
  -> Final Prediction (Multi-Image): 3
  -> Result: ? INCORRECT (Ground Truth: 30)

[1160/3633] Processing: okc-vs-sas-0022400871_13-track_3921 | True Jersey: 18
  -> Final Prediction (Multi-Image): 8
  -> Result: ? INCORRECT (Ground Truth: 18)

[1161/3633] Processing: uta-vs-lac-0022401226_366-track_49252 | True Jersey: 28
  -> Final Prediction (Multi-Image): 28
  -> Result: ? CORRECT

[1162/3633] Processing: gsw-vs-bkn-0022400901_265-track_32885 | True Jersey: 4
  -> Final Prediction (Multi-Image): 7
  -> Result: ? INCORRECT (Ground Truth: 4)

[1163/3633] Processing: phx-vs-den-0022400402_55-track_34983 | True Jersey: 3
  -> Final Prediction (Multi-Image): 1
  -> Result: ? INCORRECT (Ground Truth: 3)

[1164/3633] Processing: lac-vs-lal-0022400874_172-track_28929 | True Jersey: 21
  -> Final Prediction (Multi-Image): 21
  -> Result: ? CORRECT

[1165/3633] Processing: min-vs-den-0022400952_254-track_45638 | True Jersey: 0
  -> Final Prediction (Multi-Image): 0
  -> Result: ? CORRECT

[1166/3633] Processing: mem-vs-atl-0022400378_208-track_30196 | True Jersey: 22
  -> Final Prediction (Multi-Image): 22
  -> Result: ? CORRECT

[1167/3633] Processing: bos-vs-was-0022401217_199-track_16732 | True Jersey: 9
  -> Final Prediction (Multi-Image): 9
  -> Result: ? CORRECT

[1168/3633] Processing: sas-vs-sac-0022400910_274-track_46543 | True Jersey: 10
  -> Final Prediction (Multi-Image): 10
  -> Result: ? CORRECT

[1169/3633] Processing: nop-vs-uta-0022400872_80-track_56764 | True Jersey: 5
  -> Final Prediction (Multi-Image): 34
  -> Result: ? INCORRECT (Ground Truth: 5)

[1170/3633] Processing: mil-vs-dal-0022400865_21-track_6797 | True Jersey: 00
  -> Final Prediction (Multi-Image): 00
  -> Result: ? CORRECT

[1171/3633] Processing: nyk-vs-nop-0022400384_116-track_61018 | True Jersey: 4
  -> Final Prediction (Multi-Image): 4
  -> Result: ? CORRECT

[1172/3633] Processing: phi-vs-uta-0022400433_140-track_61646 | True Jersey: 13
  -> Final Prediction (Multi-Image): 13
  -> Result: ? CORRECT

[1173/3633] Processing: lac-vs-lal-0022400874_106-track_4828 | True Jersey: 7
  -> Final Prediction (Multi-Image): 7
  -> Result: ? CORRECT

[1174/3633] Processing: tor-vs-nyk-0022400397_109-track_17546 | True Jersey: 77
  -> Final Prediction (Multi-Image): 77
  -> Result: ? CORRECT

[1175/3633] Processing: phx-vs-den-0022400402_352-track_11500 | True Jersey: 2
  -> Final Prediction (Multi-Image): 2
  -> Result: ? CORRECT

[1176/3633] Processing: chi-vs-ind-0022400868_100-track_7115 | True Jersey: 30
  -> Final Prediction (Multi-Image): 30
  -> Result: ? CORRECT

[1177/3633] Processing: den-vs-sac-0022401225_83-track_1852 | True Jersey: 44
  -> Final Prediction (Multi-Image): 15
  -> Result: ? INCORRECT (Ground Truth: 44)

[1178/3633] Processing: cle-vs-chi-0022400886_13-track_31697 | True Jersey: 1
  -> Final Prediction (Multi-Image): 11
  -> Result: ? INCORRECT (Ground Truth: 1)

[1179/3633] Processing: cle-vs-chi-0022400886_233-track_48046 | True Jersey: 12
  -> Final Prediction (Multi-Image): 12
  -> Result: ? CORRECT

[1180/3633] Processing: gsw-vs-phi-0022400864_75-track_50208 | True Jersey: 5
  -> Final Prediction (Multi-Image): 0
  -> Result: ? INCORRECT (Ground Truth: 5)

[1181/3633] Processing: phi-vs-cha-0022401222_92-track_44276 | True Jersey: 31
  -> Final Prediction (Multi-Image): 31
  -> Result: ? CORRECT

[1182/3633] Processing: gsw-vs-mem-0022400366_411-track_26310 | True Jersey: 15
  -> Final Prediction (Multi-Image): 15
  -> Result: ? CORRECT

[1183/3633] Processing: gsw-vs-bkn-0022400901_367-track_36150 | True Jersey: 24
  -> Final Prediction (Multi-Image): 24
  -> Result: ? CORRECT

[1184/3633] Processing: mem-vs-atl-0022400378_321-track_10803 | True Jersey: 1
  -> Final Prediction (Multi-Image): 1
  -> Result: ? CORRECT

[1185/3633] Processing: sas-vs-sac-0022400910_274-track_46540 | True Jersey: 30
  -> Final Prediction (Multi-Image): 30
  -> Result: ? CORRECT

[1186/3633] Processing: uta-vs-lac-0022401226_299-track_41670 | True Jersey: 00
  -> Final Prediction (Multi-Image): 00
  -> Result: ? CORRECT

[1187/3633] Processing: mil-vs-atl-0022400884_127-track_42991 | True Jersey: 5
  -> Final Prediction (Multi-Image): 5
  -> Result: ? CORRECT

[1188/3633] Processing: okc-vs-mia-0022400375_101-track_1585 | True Jersey: 13
  -> Final Prediction (Multi-Image): 1
  -> Result: ? INCORRECT (Ground Truth: 13)

[1189/3633] Processing: bos-vs-was-0022401217_293-track_24334 | True Jersey: 11
  -> Final Prediction (Multi-Image): 11
  -> Result: ? CORRECT

[1190/3633] Processing: hou-vs-okc-0022400879_48-track_42245 | True Jersey: 2
  -> Final Prediction (Multi-Image): 1
  -> Result: ? INCORRECT (Ground Truth: 2)

[1191/3633] Processing: sas-vs-sac-0022400910_171-track_14664 | True Jersey: 10
  -> Final Prediction (Multi-Image): 10
  -> Result: ? CORRECT

[1192/3633] Processing: bos-vs-was-0022401217_140-track_26820 | True Jersey: 17
  -> Final Prediction (Multi-Image): 17
  -> Result: ? CORRECT

[1193/3633] Processing: gsw-vs-bkn-0022400901_367-track_36163 | True Jersey: 22
  -> Final Prediction (Multi-Image): 7
  -> Result: ? INCORRECT (Ground Truth: 22)

[1194/3633] Processing: uta-vs-tor-0022400905_434-track_50513 | True Jersey: 24
  -> Final Prediction (Multi-Image): 24
  -> Result: ? CORRECT

[1195/3633] Processing: hou-vs-okc-0022400879_219-track_57635 | True Jersey: 2
  -> Final Prediction (Multi-Image): 7
  -> Result: ? INCORRECT (Ground Truth: 2)

[1196/3633] Processing: det-vs-gsw-0022400919_47-track_9622 | True Jersey: 9
  -> Final Prediction (Multi-Image): 1
  -> Result: ? INCORRECT (Ground Truth: 9)

[1197/3633] Processing: chi-vs-tor-0022401223_47-track_6695 | True Jersey: 4
  -> Final Prediction (Multi-Image): 1
  -> Result: ? INCORRECT (Ground Truth: 4)

[1198/3633] Processing: chi-vs-bos-0022400363_51-track_17358 | True Jersey: 11
  -> Final Prediction (Multi-Image): 11
  -> Result: ? CORRECT

[1199/3633] Processing: det-vs-gsw-0022400919_112-track_14673 | True Jersey: 5
  -> Final Prediction (Multi-Image): 5
  -> Result: ? CORRECT

[1200/3633] Processing: sas-vs-mem-0022400863_286-track_30709 | True Jersey: 0
  -> Final Prediction (Multi-Image): 0
  -> Result: ? CORRECT

[1201/3633] Processing: cle-vs-bkn-0022401224_118-track_9372 | True Jersey: 9
  -> Final Prediction (Multi-Image): 8
  -> Result: ? INCORRECT (Ground Truth: 9)

[1202/3633] Processing: mil-vs-chi-0022400398_82-track_18190 | True Jersey: 12
  -> Final Prediction (Multi-Image): 12
  -> Result: ? CORRECT

[1203/3633] Processing: hou-vs-okc-0022400879_307-track_8939 | True Jersey: 34
  -> Final Prediction (Multi-Image): 1
  -> Result: ? INCORRECT (Ground Truth: 34)

[1204/3633] Processing: nop-vs-hou-0022400365_307-track_45854 | True Jersey: 24
  -> Final Prediction (Multi-Image): 1
  -> Result: ? INCORRECT (Ground Truth: 24)

[1205/3633] Processing: was-vs-cha-0022400860_189-track_54351 | True Jersey: 35
  -> Final Prediction (Multi-Image): 1
  -> Result: ? INCORRECT (Ground Truth: 35)

[1206/3633] Processing: chi-vs-ind-0022400868_293-track_19735 | True Jersey: 3
  -> Final Prediction (Multi-Image): 3
  -> Result: ? CORRECT

[1207/3633] Processing: chi-vs-bos-0022400363_205-track_3093 | True Jersey: 44
  -> Final Prediction (Multi-Image): 25
  -> Result: ? INCORRECT (Ground Truth: 44)

[1208/3633] Processing: det-vs-por-0022400926_441-track_40829 | True Jersey: 1
  -> Final Prediction (Multi-Image): 1
  -> Result: ? CORRECT

[1209/3633] Processing: uta-vs-was-0022400894_118-track_15737 | True Jersey: 28
  -> Final Prediction (Multi-Image): 2
  -> Result: ? INCORRECT (Ground Truth: 28)

[1210/3633] Processing: bos-vs-was-0022401217_138-track_24659 | True Jersey: 17
  -> Final Prediction (Multi-Image): 17
  -> Result: ? CORRECT

[1211/3633] Processing: mem-vs-atl-0022400378_36-track_41511 | True Jersey: 13
  -> Final Prediction (Multi-Image): 13
  -> Result: ? CORRECT

[1212/3633] Processing: mem-vs-atl-0022400378_124-track_21031 | True Jersey: 36
  -> Final Prediction (Multi-Image): 36
  -> Result: ? CORRECT

[1213/3633] Processing: gsw-vs-phi-0022400864_233-track_37998 | True Jersey: nan
  -> Final Prediction (Multi-Image): 11
  -> Result: ? INCORRECT (Ground Truth: nan)

[1214/3633] Processing: nyk-vs-mia-0022400869_368-track_57097 | True Jersey: 55
  -> Final Prediction (Multi-Image): 55
  -> Result: ? CORRECT

[1215/3633] Processing: den-vs-sac-0022401225_355-track_32904 | True Jersey: 5
  -> Final Prediction (Multi-Image): 1
  -> Result: ? INCORRECT (Ground Truth: 5)

[1216/3633] Processing: dal-vs-gsw-0022401228_202-track_12182 | True Jersey: 11
  -> Final Prediction (Multi-Image): 11
  -> Result: ? CORRECT

[1217/3633] Processing: gsw-vs-nyk-0022400885_71-track_26450 | True Jersey: 5
  -> Final Prediction (Multi-Image): 5
  -> Result: ? CORRECT

[1218/3633] Processing: mil-vs-okc-0062400001_45-track_24783 | True Jersey: nan
  -> Final Prediction (Multi-Image): 1
  -> Result: ? INCORRECT (Ground Truth: nan)

[1219/3633] Processing: nop-vs-uta-0022400872_242-track_41131 | True Jersey: 24
  -> Final Prediction (Multi-Image): 24
  -> Result: ? CORRECT

[1220/3633] Processing: nyk-vs-orl-0022401227_192-track_19530 | True Jersey: 11
  -> Final Prediction (Multi-Image): 11
  -> Result: ? CORRECT

[1221/3633] Processing: lac-vs-lal-0022400874_374-track_54124 | True Jersey: 1
  -> Final Prediction (Multi-Image): 1
  -> Result: ? CORRECT

[1222/3633] Processing: gsw-vs-phi-0022400864_220-track_4454 | True Jersey: 9
  -> Final Prediction (Multi-Image): 9
  -> Result: ? CORRECT

[1223/3633] Processing: gsw-vs-mem-0022400366_171-track_52841 | True Jersey: 14
  -> Final Prediction (Multi-Image): 1
  -> Result: ? INCORRECT (Ground Truth: 14)

[1224/3633] Processing: chi-vs-bos-0022400363_35-track_15586 | True Jersey: 4
  -> Final Prediction (Multi-Image): 4
  -> Result: ? CORRECT

[1225/3633] Processing: mem-vs-atl-0022400378_321-track_10790 | True Jersey: 10
  -> Final Prediction (Multi-Image): 10
  -> Result: ? CORRECT

[1226/3633] Processing: bos-vs-was-0022401217_112-track_4083 | True Jersey: 7
  -> Final Prediction (Multi-Image): 7
  -> Result: ? CORRECT

[1227/3633] Processing: lac-vs-dal-0022400368_147-track_5742 | True Jersey: nan
  -> Final Prediction (Multi-Image): 1
  -> Result: ? INCORRECT (Ground Truth: nan)

[1228/3633] Processing: nyk-vs-mia-0022400869_318-track_33480 | True Jersey: 24
  -> Final Prediction (Multi-Image): 24
  -> Result: ? CORRECT

[1229/3633] Processing: hou-vs-okc-0022400879_430-track_56557 | True Jersey: 5
  -> Final Prediction (Multi-Image): 5
  -> Result: ? CORRECT

[1230/3633] Processing: chi-vs-ind-0022400868_226-track_4720 | True Jersey: 5
  -> Final Prediction (Multi-Image): 1
  -> Result: ? INCORRECT (Ground Truth: 5)

[1231/3633] Processing: hou-vs-okc-0022400879_180-track_49539 | True Jersey: 21
  -> Final Prediction (Multi-Image): 10
  -> Result: ? INCORRECT (Ground Truth: 21)

[1232/3633] Processing: den-vs-sac-0022401225_310-track_33590 | True Jersey: 20
  -> Final Prediction (Multi-Image): 20
  -> Result: ? CORRECT

[1233/3633] Processing: gsw-vs-nyk-0022400885_274-track_59609 | True Jersey: 5
  -> Final Prediction (Multi-Image): 5
  -> Result: ? CORRECT

[1234/3633] Processing: gsw-vs-mem-0022400366_149-track_34053 | True Jersey: 2
  -> Final Prediction (Multi-Image): 2
  -> Result: ? CORRECT

[1235/3633] Processing: cle-vs-chi-0022400886_388-track_36651 | True Jersey: 22
  -> Final Prediction (Multi-Image): 22
  -> Result: ? CORRECT

[1236/3633] Processing: mem-vs-atl-0022400378_321-track_10829 | True Jersey: 5
  -> Final Prediction (Multi-Image): 5
  -> Result: ? CORRECT

[1237/3633] Processing: bos-vs-was-0022401217_41-track_233 | True Jersey: 20
  -> Final Prediction (Multi-Image): 20
  -> Result: ? CORRECT

[1238/3633] Processing: cle-vs-bkn-0022401224_134-track_22364 | True Jersey: 31
  -> Final Prediction (Multi-Image): 31
  -> Result: ? CORRECT

[1239/3633] Processing: lac-vs-dal-0022400368_95-track_41395 | True Jersey: 00
  -> Final Prediction (Multi-Image): 10
  -> Result: ? INCORRECT (Ground Truth: 00)

[1240/3633] Processing: was-vs-cha-0022400860_13-track_49895 | True Jersey: 8
  -> Final Prediction (Multi-Image): 8
  -> Result: ? CORRECT

[1241/3633] Processing: den-vs-bos-0022400866_173-track_32133 | True Jersey: 1
  -> Final Prediction (Multi-Image): 10
  -> Result: ? INCORRECT (Ground Truth: 1)

[1242/3633] Processing: bkn-vs-det-0022400861_438-track_32623 | True Jersey: 25
  -> Final Prediction (Multi-Image): 25
  -> Result: ? CORRECT

[1243/3633] Processing: tor-vs-nyk-0022400397_109-track_17451 | True Jersey: nan
  -> Final Prediction (Multi-Image): 9
  -> Result: ? INCORRECT (Ground Truth: nan)

[1244/3633] Processing: min-vs-den-0022400952_126-track_7733 | True Jersey: 10
  -> Final Prediction (Multi-Image): 10
  -> Result: ? CORRECT

[1245/3633] Processing: gsw-vs-mem-0022400366_388-track_54885 | True Jersey: 32
  -> Final Prediction (Multi-Image): 32
  -> Result: ? CORRECT

[1246/3633] Processing: gsw-vs-mem-0022400366_293-track_35713 | True Jersey: nan
  -> Final Prediction (Multi-Image): 1
  -> Result: ? INCORRECT (Ground Truth: nan)

[1247/3633] Processing: mem-vs-lal-0022401220_343-track_52550 | True Jersey: 15
  -> Final Prediction (Multi-Image): 15
  -> Result: ? CORRECT

[1248/3633] Processing: min-vs-phx-0022400873_351-track_25688 | True Jersey: nan
  -> Final Prediction (Multi-Image): 1
  -> Result: ? INCORRECT (Ground Truth: nan)

[1249/3633] Processing: sas-vs-mem-0022400863_286-track_30706 | True Jersey: 18
  -> Final Prediction (Multi-Image): 18
  -> Result: ? CORRECT

[1250/3633] Processing: det-vs-lac-0022400898_61-track_8345 | True Jersey: 2
  -> Final Prediction (Multi-Image): 2
  -> Result: ? CORRECT

[1251/3633] Processing: mem-vs-lal-0022401220_174-track_52017 | True Jersey: 13
  -> Final Prediction (Multi-Image): 1
  -> Result: ? INCORRECT (Ground Truth: 13)

[1252/3633] Processing: mem-vs-atl-0022400378_124-track_21112 | True Jersey: 14
  -> Final Prediction (Multi-Image): 13
  -> Result: ? INCORRECT (Ground Truth: 14)

[1253/3633] Processing: mil-vs-atl-0022400884_37-track_25576 | True Jersey: 11
  -> Final Prediction (Multi-Image): 11
  -> Result: ? CORRECT

[1254/3633] Processing: chi-vs-tor-0022401223_142-track_30422 | True Jersey: 15
  -> Final Prediction (Multi-Image): 15
  -> Result: ? CORRECT

[1255/3633] Processing: por-vs-phx-0022401219_24-track_1018 | True Jersey: 1
  -> Final Prediction (Multi-Image): 4
  -> Result: ? INCORRECT (Ground Truth: 1)

[1256/3633] Processing: bkn-vs-det-0022400861_109-track_59069 | True Jersey: 2
  -> Final Prediction (Multi-Image): 2
  -> Result: ? CORRECT

[1257/3633] Processing: was-vs-cha-0022400860_297-track_26890 | True Jersey: 7
  -> Final Prediction (Multi-Image): 7
  -> Result: ? CORRECT

[1258/3633] Processing: orl-vs-mil-0022400917_170-track_9921 | True Jersey: nan
  -> Final Prediction (Multi-Image): 1
  -> Result: ? INCORRECT (Ground Truth: nan)

[1259/3633] Processing: lac-vs-lal-0022400874_172-track_28942 | True Jersey: 17
  -> Final Prediction (Multi-Image): 17
  -> Result: ? CORRECT

[1260/3633] Processing: chi-vs-bos-0022400363_58-track_28614 | True Jersey: 8
  -> Final Prediction (Multi-Image): 27
  -> Result: ? INCORRECT (Ground Truth: 8)

[1261/3633] Processing: cle-vs-bkn-0022401224_22-track_2156 | True Jersey: 45
  -> Final Prediction (Multi-Image): 2
  -> Result: ? INCORRECT (Ground Truth: 45)

[1262/3633] Processing: min-vs-sas-0022401218_175-track_39608 | True Jersey: 10
  -> Final Prediction (Multi-Image): 10
  -> Result: ? CORRECT

[1263/3633] Processing: mil-vs-dal-0022400865_186-track_11573 | True Jersey: 9
  -> Final Prediction (Multi-Image): 9
  -> Result: ? CORRECT

[1264/3633] Processing: uta-vs-was-0022400894_186-track_13032 | True Jersey: 5
  -> Final Prediction (Multi-Image): 5
  -> Result: ? CORRECT

[1265/3633] Processing: lac-vs-dal-0022400368_95-track_41296 | True Jersey: 21
  -> Final Prediction (Multi-Image): 1
  -> Result: ? INCORRECT (Ground Truth: 21)

[1266/3633] Processing: det-vs-por-0022400926_211-track_1301 | True Jersey: 00
  -> Final Prediction (Multi-Image): 0
  -> Result: ? INCORRECT (Ground Truth: 00)

[1267/3633] Processing: nyk-vs-nop-0022400384_359-track_39016 | True Jersey: 3
  -> Final Prediction (Multi-Image): 1
  -> Result: ? INCORRECT (Ground Truth: 3)

[1268/3633] Processing: chi-vs-bos-0022400363_330-track_57850 | True Jersey: 2
  -> Final Prediction (Multi-Image): 1
  -> Result: ? INCORRECT (Ground Truth: 2)

[1269/3633] Processing: min-vs-den-0022400952_254-track_45671 | True Jersey: 1
  -> Final Prediction (Multi-Image): 27
  -> Result: ? INCORRECT (Ground Truth: 1)

[1270/3633] Processing: nop-vs-uta-0022400872_242-track_41063 | True Jersey: 24
  -> Final Prediction (Multi-Image): 22
  -> Result: ? INCORRECT (Ground Truth: 24)

[1271/3633] Processing: sas-vs-mem-0022400863_109-track_29186 | True Jersey: 4
  -> Final Prediction (Multi-Image): 4
  -> Result: ? CORRECT

[1272/3633] Processing: bos-vs-was-0022401217_370-track_8017 | True Jersey: 30
  -> Final Prediction (Multi-Image): 30
  -> Result: ? CORRECT

[1273/3633] Processing: nop-vs-hou-0022400365_125-track_11190 | True Jersey: 9
  -> Final Prediction (Multi-Image): 1
  -> Result: ? INCORRECT (Ground Truth: 9)

[1274/3633] Processing: gsw-vs-mem-0022400366_388-track_54786 | True Jersey: 32
  -> Final Prediction (Multi-Image): 32
  -> Result: ? CORRECT

[1275/3633] Processing: chi-vs-ind-0022400868_2-track_13157 | True Jersey: 33
  -> Final Prediction (Multi-Image): 1
  -> Result: ? INCORRECT (Ground Truth: 33)

[1276/3633] Processing: sas-vs-sac-0022400910_220-track_21605 | True Jersey: 3
  -> Final Prediction (Multi-Image): 4
  -> Result: ? INCORRECT (Ground Truth: 3)

[1277/3633] Processing: mil-vs-chi-0022400398_47-track_45369 | True Jersey: 9
  -> Final Prediction (Multi-Image): 8
  -> Result: ? INCORRECT (Ground Truth: 9)

[1278/3633] Processing: gsw-vs-phi-0022400864_233-track_37990 | True Jersey: 9
  -> Final Prediction (Multi-Image): 3
  -> Result: ? INCORRECT (Ground Truth: 9)

[1279/3633] Processing: chi-vs-bos-0022400363_357-track_3322 | True Jersey: 22
  -> Final Prediction (Multi-Image): 22
  -> Result: ? CORRECT

[1280/3633] Processing: bkn-vs-det-0022400861_15-track_53376 | True Jersey: 2
  -> Final Prediction (Multi-Image): 2
  -> Result: ? CORRECT

[1281/3633] Processing: min-vs-den-0022400952_254-track_45619 | True Jersey: 1
  -> Final Prediction (Multi-Image): 1
  -> Result: ? CORRECT

[1282/3633] Processing: okc-vs-mia-0022400375_101-track_1584 | True Jersey: 12
  -> Final Prediction (Multi-Image): 12
  -> Result: ? CORRECT

[1283/3633] Processing: sas-vs-phi-0022400394_94-track_54276 | True Jersey: 5
  -> Final Prediction (Multi-Image): 5
  -> Result: ? CORRECT

[1284/3633] Processing: mem-vs-lal-0022401220_343-track_52591 | True Jersey: nan
  -> Final Prediction (Multi-Image): 1
  -> Result: ? INCORRECT (Ground Truth: nan)

[1285/3633] Processing: gsw-vs-mem-0022400366_171-track_52906 | True Jersey: nan
  -> Final Prediction (Multi-Image): 1
  -> Result: ? INCORRECT (Ground Truth: nan)

[1286/3633] Processing: hou-vs-okc-0022400879_430-track_56562 | True Jersey: 22
  -> Final Prediction (Multi-Image): 12
  -> Result: ? INCORRECT (Ground Truth: 22)

[1287/3633] Processing: lac-vs-lal-0022400874_0-track_12934 | True Jersey: 23
  -> Final Prediction (Multi-Image): 23
  -> Result: ? CORRECT

[1288/3633] Processing: sac-vs-hou-0022400862_212-track_24068 | True Jersey: 13
  -> Final Prediction (Multi-Image): 13
  -> Result: ? CORRECT

[1289/3633] Processing: den-vs-sac-0022401225_83-track_1921 | True Jersey: 15
  -> Final Prediction (Multi-Image): 99
  -> Result: ? INCORRECT (Ground Truth: 15)

[1290/3633] Processing: mia-vs-det-0022401221_153-track_19170 | True Jersey: 12
  -> Final Prediction (Multi-Image): 12
  -> Result: ? CORRECT

[1291/3633] Processing: mil-vs-okc-0062400001_71-track_9839 | True Jersey: 34
  -> Final Prediction (Multi-Image): 34
  -> Result: ? CORRECT

[1292/3633] Processing: gsw-vs-bkn-0022400901_161-track_10767 | True Jersey: 0
  -> Final Prediction (Multi-Image): 0
  -> Result: ? CORRECT

[1293/3633] Processing: uta-vs-was-0022400894_118-track_15744 | True Jersey: 25
  -> Final Prediction (Multi-Image): 25
  -> Result: ? CORRECT

[1294/3633] Processing: mil-vs-chi-0022400398_82-track_18185 | True Jersey: 5
  -> Final Prediction (Multi-Image): 5
  -> Result: ? CORRECT

[1295/3633] Processing: cle-vs-bkn-0022401224_134-track_22456 | True Jersey: 13
  -> Final Prediction (Multi-Image): 11
  -> Result: ? INCORRECT (Ground Truth: 13)

[1296/3633] Processing: gsw-vs-nyk-0022400885_276-track_60446 | True Jersey: 7
  -> Final Prediction (Multi-Image): 1
  -> Result: ? INCORRECT (Ground Truth: 7)

[1297/3633] Processing: nyk-vs-orl-0022401227_49-track_21711 | True Jersey: 3
  -> Final Prediction (Multi-Image): 10
  -> Result: ? INCORRECT (Ground Truth: 3)

[1298/3633] Processing: gsw-vs-phi-0022400864_150-track_6393 | True Jersey: 5
  -> Final Prediction (Multi-Image): 5
  -> Result: ? CORRECT

[1299/3633] Processing: mem-vs-lal-0022401220_174-track_52058 | True Jersey: 28
  -> Final Prediction (Multi-Image): 14
  -> Result: ? INCORRECT (Ground Truth: 28)

[1300/3633] Processing: mem-vs-lal-0022401220_451-track_1499 | True Jersey: 12
  -> Final Prediction (Multi-Image): 12
  -> Result: ? CORRECT

[1301/3633] Processing: mem-vs-lal-0022401220_156-track_58661 | True Jersey: 10
  -> Final Prediction (Multi-Image): 10
  -> Result: ? CORRECT

[1302/3633] Processing: den-vs-bos-0022400866_307-track_21280 | True Jersey: 0
  -> Final Prediction (Multi-Image): 0
  -> Result: ? CORRECT

[1303/3633] Processing: sas-vs-phi-0022400394_99-track_20417 | True Jersey: 0
  -> Final Prediction (Multi-Image): 0
  -> Result: ? CORRECT

[1304/3633] Processing: gsw-vs-nyk-0022400885_102-track_39626 | True Jersey: 4
  -> Final Prediction (Multi-Image): 4
  -> Result: ? CORRECT

[1305/3633] Processing: min-vs-sas-0022401218_207-track_14500 | True Jersey: nan
  -> Final Prediction (Multi-Image): 1
  -> Result: ? INCORRECT (Ground Truth: nan)

[1306/3633] Processing: gsw-vs-nyk-0022400885_274-track_59526 | True Jersey: 5
  -> Final Prediction (Multi-Image): 5
  -> Result: ? CORRECT

[1307/3633] Processing: mem-vs-atl-0022400378_321-track_10728 | True Jersey: 22
  -> Final Prediction (Multi-Image): 22
  -> Result: ? CORRECT

[1308/3633] Processing: gsw-vs-nyk-0022400885_353-track_13793 | True Jersey: 8
  -> Final Prediction (Multi-Image): 1
  -> Result: ? INCORRECT (Ground Truth: 8)

[1309/3633] Processing: gsw-vs-mem-0022400366_169-track_542 | True Jersey: 1
  -> Final Prediction (Multi-Image): 11
  -> Result: ? INCORRECT (Ground Truth: 1)

[1310/3633] Processing: por-vs-cle-0022400867_80-track_17281 | True Jersey: nan
  -> Final Prediction (Multi-Image): 2
  -> Result: ? INCORRECT (Ground Truth: nan)

[1311/3633] Processing: det-vs-gsw-0022400919_54-track_37391 | True Jersey: 15
  -> Final Prediction (Multi-Image): 15
  -> Result: ? CORRECT

[1312/3633] Processing: tor-vs-orl-0022400870_13-track_28025 | True Jersey: 1
  -> Final Prediction (Multi-Image): 1
  -> Result: ? CORRECT

[1313/3633] Processing: hou-vs-okc-0022400879_219-track_57541 | True Jersey: 55
  -> Final Prediction (Multi-Image): 15
  -> Result: ? INCORRECT (Ground Truth: 55)

[1314/3633] Processing: mem-vs-lal-0022401220_174-track_51993 | True Jersey: 15
  -> Final Prediction (Multi-Image): 15
  -> Result: ? CORRECT

[1315/3633] Processing: cle-vs-bkn-0022401224_257-track_15254 | True Jersey: 28
  -> Final Prediction (Multi-Image): 24
  -> Result: ? INCORRECT (Ground Truth: 28)

[1316/3633] Processing: dal-vs-gsw-0022401228_202-track_12211 | True Jersey: 31
  -> Final Prediction (Multi-Image): 3
  -> Result: ? INCORRECT (Ground Truth: 31)

[1317/3633] Processing: was-vs-cha-0022400860_297-track_26932 | True Jersey: 24
  -> Final Prediction (Multi-Image): 24
  -> Result: ? CORRECT

[1318/3633] Processing: bkn-vs-det-0022400861_162-track_43427 | True Jersey: 0
  -> Final Prediction (Multi-Image): 1
  -> Result: ? INCORRECT (Ground Truth: 0)

[1319/3633] Processing: nyk-vs-orl-0022401227_70-track_5392 | True Jersey: 8
  -> Final Prediction (Multi-Image): 1
  -> Result: ? INCORRECT (Ground Truth: 8)

[1320/3633] Processing: por-vs-phx-0022401219_266-track_44653 | True Jersey: nan
  -> Final Prediction (Multi-Image): 25
  -> Result: ? INCORRECT (Ground Truth: nan)

[1321/3633] Processing: mil-vs-chi-0022400398_335-track_3488 | True Jersey: 44
  -> Final Prediction (Multi-Image): 44
  -> Result: ? CORRECT

[1322/3633] Processing: nyk-vs-nop-0022400384_116-track_61125 | True Jersey: 3
  -> Final Prediction (Multi-Image): 5
  -> Result: ? INCORRECT (Ground Truth: 3)

[1323/3633] Processing: uta-vs-tor-0022400905_434-track_50519 | True Jersey: 99
  -> Final Prediction (Multi-Image): 0
  -> Result: ? INCORRECT (Ground Truth: 99)

[1324/3633] Processing: gsw-vs-nyk-0022400885_213-track_47969 | True Jersey: 23
  -> Final Prediction (Multi-Image): 1
  -> Result: ? INCORRECT (Ground Truth: 23)

[1325/3633] Processing: mil-vs-atl-0022400884_37-track_25577 | True Jersey: 10
  -> Final Prediction (Multi-Image): 10
  -> Result: ? CORRECT

[1326/3633] Processing: mem-vs-atl-0022400378_36-track_41526 | True Jersey: 1
  -> Final Prediction (Multi-Image): 1
  -> Result: ? CORRECT

[1327/3633] Processing: mil-vs-dal-0022400865_316-track_2100 | True Jersey: 20
  -> Final Prediction (Multi-Image): 20
  -> Result: ? CORRECT

[1328/3633] Processing: nyk-vs-nop-0022400384_359-track_39063 | True Jersey: 1
  -> Final Prediction (Multi-Image): 1
  -> Result: ? CORRECT

[1329/3633] Processing: chi-vs-tor-0022401223_226-track_18315 | True Jersey: 0
  -> Final Prediction (Multi-Image): 0
  -> Result: ? CORRECT

[1330/3633] Processing: mem-vs-atl-0022400378_208-track_30168 | True Jersey: 27
  -> Final Prediction (Multi-Image): 27
  -> Result: ? CORRECT

[1331/3633] Processing: hou-vs-okc-0022400879_430-track_56598 | True Jersey: 2
  -> Final Prediction (Multi-Image): 1
  -> Result: ? INCORRECT (Ground Truth: 2)

[1332/3633] Processing: mil-vs-chi-0022400398_250-track_37651 | True Jersey: 13
  -> Final Prediction (Multi-Image): 13
  -> Result: ? CORRECT

[1333/3633] Processing: was-vs-cha-0022400860_266-track_59325 | True Jersey: 22
  -> Final Prediction (Multi-Image): 72
  -> Result: ? INCORRECT (Ground Truth: 22)

[1334/3633] Processing: bkn-vs-det-0022400861_44-track_25180 | True Jersey: 2
  -> Final Prediction (Multi-Image): 2
  -> Result: ? CORRECT

[1335/3633] Processing: chi-vs-bos-0022400363_19-track_12431 | True Jersey: nan
  -> Final Prediction (Multi-Image): 10
  -> Result: ? INCORRECT (Ground Truth: nan)

[1336/3633] Processing: mil-vs-okc-0062400001_71-track_9705 | True Jersey: 21
  -> Final Prediction (Multi-Image): 21
  -> Result: ? CORRECT

[1337/3633] Processing: gsw-vs-bkn-0022400901_2-track_40936 | True Jersey: 2
  -> Final Prediction (Multi-Image): 1
  -> Result: ? INCORRECT (Ground Truth: 2)

[1338/3633] Processing: chi-vs-bos-0022400363_19-track_12429 | True Jersey: 8
  -> Final Prediction (Multi-Image): 8
  -> Result: ? CORRECT

[1339/3633] Processing: mia-vs-det-0022401221_30-track_11945 | True Jersey: 19
  -> Final Prediction (Multi-Image): 1
  -> Result: ? INCORRECT (Ground Truth: 19)

[1340/3633] Processing: cle-vs-bkn-0022401224_257-track_15251 | True Jersey: 10
  -> Final Prediction (Multi-Image): 10
  -> Result: ? CORRECT

[1341/3633] Processing: por-vs-phx-0022401219_24-track_1008 | True Jersey: 9
  -> Final Prediction (Multi-Image): 10
  -> Result: ? INCORRECT (Ground Truth: 9)

[1342/3633] Processing: orl-vs-mil-0022400917_237-track_46803 | True Jersey: nan
  -> Final Prediction (Multi-Image): 1
  -> Result: ? INCORRECT (Ground Truth: nan)

[1343/3633] Processing: okc-vs-mia-0022400375_385-track_21749 | True Jersey: 55
  -> Final Prediction (Multi-Image): 55
  -> Result: ? CORRECT

[1344/3633] Processing: den-vs-sac-0022401225_393-track_24373 | True Jersey: 8
  -> Final Prediction (Multi-Image): 8
  -> Result: ? CORRECT

[1345/3633] Processing: dal-vs-gsw-0022401228_202-track_12122 | True Jersey: 7
  -> Final Prediction (Multi-Image): 7
  -> Result: ? CORRECT

[1346/3633] Processing: mil-vs-cle-0022400374_316-track_29913 | True Jersey: 2
  -> Final Prediction (Multi-Image): 2
  -> Result: ? CORRECT

[1347/3633] Processing: mil-vs-dal-0022400865_21-track_6729 | True Jersey: 31
  -> Final Prediction (Multi-Image): 31
  -> Result: ? CORRECT

[1348/3633] Processing: lac-vs-dal-0022400368_95-track_41363 | True Jersey: 31
  -> Final Prediction (Multi-Image): 31
  -> Result: ? CORRECT

[1349/3633] Processing: sas-vs-mem-0022400863_289-track_413 | True Jersey: 24
  -> Final Prediction (Multi-Image): 1
  -> Result: ? INCORRECT (Ground Truth: 24)

[1350/3633] Processing: bos-vs-was-0022401217_370-track_8116 | True Jersey: 0
  -> Final Prediction (Multi-Image): 0
  -> Result: ? CORRECT

[1351/3633] Processing: gsw-vs-mem-0022400366_171-track_52893 | True Jersey: 30
  -> Final Prediction (Multi-Image): 14
  -> Result: ? INCORRECT (Ground Truth: 30)

[1352/3633] Processing: mem-vs-nop-0022400923_196-track_31555 | True Jersey: 1
  -> Final Prediction (Multi-Image): 1
  -> Result: ? CORRECT

[1353/3633] Processing: cle-vs-chi-0022400886_265-track_8453 | True Jersey: 10
  -> Final Prediction (Multi-Image): 10
  -> Result: ? CORRECT

[1354/3633] Processing: bkn-vs-det-0022400861_44-track_25303 | True Jersey: 2
  -> Final Prediction (Multi-Image): 2
  -> Result: ? CORRECT

[1355/3633] Processing: min-vs-sas-0022401218_207-track_14549 | True Jersey: 10
  -> Final Prediction (Multi-Image): 0
  -> Result: ? INCORRECT (Ground Truth: 10)

[1356/3633] Processing: cle-vs-chi-0022400886_422-track_24262 | True Jersey: nan
  -> Final Prediction (Multi-Image): 24
  -> Result: ? INCORRECT (Ground Truth: nan)

[1357/3633] Processing: gsw-vs-phi-0022400864_15-track_32348 | True Jersey: 9
  -> Final Prediction (Multi-Image): 8
  -> Result: ? INCORRECT (Ground Truth: 9)

[1358/3633] Processing: sas-vs-mem-0022400863_109-track_29315 | True Jersey: 10
  -> Final Prediction (Multi-Image): 10
  -> Result: ? CORRECT

[1359/3633] Processing: was-vs-cha-0022400860_9-track_24535 | True Jersey: 1
  -> Final Prediction (Multi-Image): 5
  -> Result: ? INCORRECT (Ground Truth: 1)

[1360/3633] Processing: gsw-vs-bkn-0022400901_282-track_48939 | True Jersey: 8
  -> Final Prediction (Multi-Image): 7
  -> Result: ? INCORRECT (Ground Truth: 8)

[1361/3633] Processing: nop-vs-hou-0022400365_307-track_45845 | True Jersey: nan
  -> Final Prediction (Multi-Image): 1
  -> Result: ? INCORRECT (Ground Truth: nan)

[1362/3633] Processing: gsw-vs-nyk-0022400885_353-track_13795 | True Jersey: 4
  -> Final Prediction (Multi-Image): 11
  -> Result: ? INCORRECT (Ground Truth: 4)

[1363/3633] Processing: den-vs-bos-0022400866_195-track_30864 | True Jersey: 4
  -> Final Prediction (Multi-Image): 1
  -> Result: ? INCORRECT (Ground Truth: 4)

[1364/3633] Processing: bkn-vs-det-0022400861_145-track_55179 | True Jersey: 33
  -> Final Prediction (Multi-Image): 33
  -> Result: ? CORRECT

[1365/3633] Processing: bkn-vs-det-0022400861_145-track_55131 | True Jersey: 27
  -> Final Prediction (Multi-Image): 27
  -> Result: ? CORRECT

[1366/3633] Processing: uta-vs-was-0022400894_75-track_2549 | True Jersey: 33
  -> Final Prediction (Multi-Image): 33
  -> Result: ? CORRECT

[1367/3633] Processing: cle-vs-bkn-0022401224_155-track_32606 | True Jersey: 21
  -> Final Prediction (Multi-Image): 21
  -> Result: ? CORRECT

[1368/3633] Processing: mil-vs-dal-0022400865_186-track_11448 | True Jersey: 11
  -> Final Prediction (Multi-Image): 11
  -> Result: ? CORRECT

[1369/3633] Processing: cle-vs-chi-0022400886_233-track_48130 | True Jersey: 14
  -> Final Prediction (Multi-Image): 1
  -> Result: ? INCORRECT (Ground Truth: 14)

[1370/3633] Processing: uta-vs-tor-0022400905_151-track_53146 | True Jersey: nan
  -> Final Prediction (Multi-Image): 23
  -> Result: ? INCORRECT (Ground Truth: nan)

[1371/3633] Processing: chi-vs-tor-0022401223_253-track_27213 | True Jersey: 44
  -> Final Prediction (Multi-Image): 44
  -> Result: ? CORRECT

[1372/3633] Processing: por-vs-cle-0022400867_80-track_17195 | True Jersey: 1
  -> Final Prediction (Multi-Image): 3
  -> Result: ? INCORRECT (Ground Truth: 1)

[1373/3633] Processing: gsw-vs-nyk-0022400885_353-track_13801 | True Jersey: 5
  -> Final Prediction (Multi-Image): 5
  -> Result: ? CORRECT

[1374/3633] Processing: sas-vs-sac-0022400910_220-track_21517 | True Jersey: 23
  -> Final Prediction (Multi-Image): 23
  -> Result: ? CORRECT

[1375/3633] Processing: lac-vs-dal-0022400368_331-track_60461 | True Jersey: 77
  -> Final Prediction (Multi-Image): 77
  -> Result: ? CORRECT

[1376/3633] Processing: por-vs-cle-0022400867_80-track_17355 | True Jersey: 33
  -> Final Prediction (Multi-Image): 33
  -> Result: ? CORRECT

[1377/3633] Processing: gsw-vs-nyk-0022400885_353-track_13881 | True Jersey: 3
  -> Final Prediction (Multi-Image): 3
  -> Result: ? CORRECT

[1378/3633] Processing: gsw-vs-bkn-0022400901_282-track_48841 | True Jersey: 23
  -> Final Prediction (Multi-Image): 1
  -> Result: ? INCORRECT (Ground Truth: 23)

[1379/3633] Processing: lac-vs-lal-0022400874_106-track_4997 | True Jersey: 20
  -> Final Prediction (Multi-Image): 20
  -> Result: ? CORRECT

[1380/3633] Processing: bkn-vs-det-0022400861_109-track_59107 | True Jersey: 2
  -> Final Prediction (Multi-Image): 13
  -> Result: ? INCORRECT (Ground Truth: 2)

[1381/3633] Processing: mil-vs-dal-0022400865_21-track_6730 | True Jersey: 34
  -> Final Prediction (Multi-Image): 34
  -> Result: ? CORRECT

[1382/3633] Processing: bkn-vs-det-0022400861_224-track_55992 | True Jersey: 2
  -> Final Prediction (Multi-Image): 1
  -> Result: ? INCORRECT (Ground Truth: 2)

[1383/3633] Processing: chi-vs-bos-0022400363_19-track_12435 | True Jersey: 4
  -> Final Prediction (Multi-Image): 8
  -> Result: ? INCORRECT (Ground Truth: 4)

[1384/3633] Processing: cle-vs-chi-0022400886_187-track_62205 | True Jersey: 14
  -> Final Prediction (Multi-Image): 14
  -> Result: ? CORRECT

[1385/3633] Processing: bos-vs-was-0022401217_138-track_24653 | True Jersey: 13
  -> Final Prediction (Multi-Image): 13
  -> Result: ? CORRECT

[1386/3633] Processing: den-vs-bos-0022400866_307-track_21273 | True Jersey: 9
  -> Final Prediction (Multi-Image): 9
  -> Result: ? CORRECT

[1387/3633] Processing: uta-vs-tor-0022400905_242-track_14318 | True Jersey: 3
  -> Final Prediction (Multi-Image): 3
  -> Result: ? CORRECT

[1388/3633] Processing: was-vs-cha-0022400860_9-track_24537 | True Jersey: nan
  -> Final Prediction (Multi-Image): 1
  -> Result: ? INCORRECT (Ground Truth: nan)

[1389/3633] Processing: gsw-vs-bkn-0022400901_86-track_50317 | True Jersey: 20
  -> Final Prediction (Multi-Image): 20
  -> Result: ? CORRECT

[1390/3633] Processing: den-vs-sac-0022401225_393-track_24462 | True Jersey: 11
  -> Final Prediction (Multi-Image): 11
  -> Result: ? CORRECT

[1391/3633] Processing: lac-vs-dal-0022400368_331-track_60468 | True Jersey: 8
  -> Final Prediction (Multi-Image): 14
  -> Result: ? INCORRECT (Ground Truth: 8)

[1392/3633] Processing: det-vs-por-0022400926_162-track_7606 | True Jersey: nan
  -> Final Prediction (Multi-Image): 1
  -> Result: ? INCORRECT (Ground Truth: nan)

[1393/3633] Processing: mil-vs-dal-0022400865_316-track_2091 | True Jersey: 5
  -> Final Prediction (Multi-Image): 5
  -> Result: ? CORRECT

[1394/3633] Processing: gsw-vs-phi-0022400864_233-track_37906 | True Jersey: 23
  -> Final Prediction (Multi-Image): 23
  -> Result: ? CORRECT

[1395/3633] Processing: den-vs-por-0022400371_173-track_39694 | True Jersey: 15
  -> Final Prediction (Multi-Image): 15
  -> Result: ? CORRECT

[1396/3633] Processing: hou-vs-okc-0022400879_299-track_56153 | True Jersey: 3
  -> Final Prediction (Multi-Image): 3
  -> Result: ? CORRECT

[1397/3633] Processing: lac-vs-lal-0022400874_374-track_54035 | True Jersey: 17
  -> Final Prediction (Multi-Image): 1
  -> Result: ? INCORRECT (Ground Truth: 17)

[1398/3633] Processing: mil-vs-chi-0022400398_335-track_3537 | True Jersey: 11
  -> Final Prediction (Multi-Image): 11
  -> Result: ? CORRECT

[1399/3633] Processing: mil-vs-atl-0022400884_37-track_25475 | True Jersey: 10
  -> Final Prediction (Multi-Image): 10
  -> Result: ? CORRECT

[1400/3633] Processing: mem-vs-lal-0022401220_174-track_52049 | True Jersey: 3
  -> Final Prediction (Multi-Image): 3
  -> Result: ? CORRECT

[1401/3633] Processing: nop-vs-hou-0022400365_125-track_11244 | True Jersey: nan
  -> Final Prediction (Multi-Image): 10
  -> Result: ? INCORRECT (Ground Truth: nan)

[1402/3633] Processing: phi-vs-min-0022400887_84-track_16326 | True Jersey: nan
  -> Final Prediction (Multi-Image): 1
  -> Result: ? INCORRECT (Ground Truth: nan)

[1403/3633] Processing: chi-vs-tor-0022401223_263-track_14016 | True Jersey: 3
  -> Final Prediction (Multi-Image): 3
  -> Result: ? CORRECT

[1404/3633] Processing: phi-vs-cha-0022401222_92-track_44245 | True Jersey: 8
  -> Final Prediction (Multi-Image): 8
  -> Result: ? CORRECT

[1405/3633] Processing: tor-vs-orl-0022400870_250-track_7613 | True Jersey: 50
  -> Final Prediction (Multi-Image): 50
  -> Result: ? CORRECT

[1406/3633] Processing: uta-vs-lac-0022401226_299-track_41681 | True Jersey: 13
  -> Final Prediction (Multi-Image): 12
  -> Result: ? INCORRECT (Ground Truth: 13)

[1407/3633] Processing: uta-vs-lac-0022401226_366-track_49280 | True Jersey: 00
  -> Final Prediction (Multi-Image): 1
  -> Result: ? INCORRECT (Ground Truth: 00)

[1408/3633] Processing: gsw-vs-nyk-0022400885_353-track_13890 | True Jersey: 10
  -> Final Prediction (Multi-Image): 10
  -> Result: ? CORRECT

[1409/3633] Processing: cle-vs-bkn-0022401224_155-track_32597 | True Jersey: 32
  -> Final Prediction (Multi-Image): 32
  -> Result: ? CORRECT

[1410/3633] Processing: lac-vs-dal-0022400368_331-track_60544 | True Jersey: 31
  -> Final Prediction (Multi-Image): 31
  -> Result: ? CORRECT

[1411/3633] Processing: min-vs-sas-0022401218_104-track_1166 | True Jersey: 27
  -> Final Prediction (Multi-Image): 1
  -> Result: ? INCORRECT (Ground Truth: 27)

[1412/3633] Processing: mem-vs-nop-0022400923_293-track_27495 | True Jersey: 22
  -> Final Prediction (Multi-Image): 22
  -> Result: ? CORRECT

[1413/3633] Processing: sas-vs-sac-0022400910_274-track_46467 | True Jersey: 10
  -> Final Prediction (Multi-Image): 11
  -> Result: ? INCORRECT (Ground Truth: 10)

[1414/3633] Processing: phi-vs-min-0022400887_84-track_16383 | True Jersey: 16
  -> Final Prediction (Multi-Image): 16
  -> Result: ? CORRECT

[1415/3633] Processing: mil-vs-atl-0022400884_203-track_39973 | True Jersey: 18
  -> Final Prediction (Multi-Image): 18
  -> Result: ? CORRECT

[1416/3633] Processing: hou-vs-okc-0022400879_180-track_49536 | True Jersey: 7
  -> Final Prediction (Multi-Image): 1
  -> Result: ? INCORRECT (Ground Truth: 7)

[1417/3633] Processing: uta-vs-tor-0022400905_434-track_50555 | True Jersey: 28
  -> Final Prediction (Multi-Image): 28
  -> Result: ? CORRECT

[1418/3633] Processing: hou-vs-okc-0022400879_180-track_49534 | True Jersey: 0
  -> Final Prediction (Multi-Image): 0
  -> Result: ? CORRECT

[1419/3633] Processing: chi-vs-ind-0022400868_87-track_44896 | True Jersey: 0
  -> Final Prediction (Multi-Image): 0
  -> Result: ? CORRECT

[1420/3633] Processing: uta-vs-tor-0022400905_151-track_53200 | True Jersey: 23
  -> Final Prediction (Multi-Image): 23
  -> Result: ? CORRECT

[1421/3633] Processing: cle-vs-bkn-0022401224_31-track_18874 | True Jersey: 2
  -> Final Prediction (Multi-Image): 2
  -> Result: ? CORRECT

[1422/3633] Processing: sas-vs-sac-0022400910_190-track_25175 | True Jersey: 8
  -> Final Prediction (Multi-Image): 8
  -> Result: ? CORRECT

[1423/3633] Processing: dal-vs-gsw-0022401228_202-track_12131 | True Jersey: 25
  -> Final Prediction (Multi-Image): 15
  -> Result: ? INCORRECT (Ground Truth: 25)

[1424/3633] Processing: gsw-vs-bkn-0022400901_14-track_20841 | True Jersey: 4
  -> Final Prediction (Multi-Image): 4
  -> Result: ? CORRECT

[1425/3633] Processing: nyk-vs-orl-0022401227_5-track_18514 | True Jersey: 8
  -> Final Prediction (Multi-Image): 8
  -> Result: ? CORRECT

[1426/3633] Processing: hou-vs-okc-0022400879_430-track_56663 | True Jersey: 22
  -> Final Prediction (Multi-Image): 22
  -> Result: ? CORRECT

[1427/3633] Processing: min-vs-sas-0022401218_104-track_1173 | True Jersey: 14
  -> Final Prediction (Multi-Image): 4
  -> Result: ? INCORRECT (Ground Truth: 14)

[1428/3633] Processing: mia-vs-det-0022401221_270-track_26722 | True Jersey: 11
  -> Final Prediction (Multi-Image): 11
  -> Result: ? CORRECT

[1429/3633] Processing: was-vs-cha-0022400860_189-track_54376 | True Jersey: 5
  -> Final Prediction (Multi-Image): 5
  -> Result: ? CORRECT

[1430/3633] Processing: chi-vs-bos-0022400363_58-track_28528 | True Jersey: 9
  -> Final Prediction (Multi-Image): 9
  -> Result: ? CORRECT

[1431/3633] Processing: den-vs-bos-0022400866_195-track_30781 | True Jersey: 0
  -> Final Prediction (Multi-Image): 0
  -> Result: ? CORRECT

[1432/3633] Processing: nyk-vs-min-0022400367_153-track_10148 | True Jersey: 10
  -> Final Prediction (Multi-Image): 1
  -> Result: ? INCORRECT (Ground Truth: 10)

[1433/3633] Processing: mia-vs-det-0022401221_153-track_19180 | True Jersey: nan
  -> Final Prediction (Multi-Image): 7
  -> Result: ? INCORRECT (Ground Truth: nan)

[1434/3633] Processing: chi-vs-tor-0022401223_198-track_52427 | True Jersey: 9
  -> Final Prediction (Multi-Image): 3
  -> Result: ? INCORRECT (Ground Truth: 9)

[1435/3633] Processing: tor-vs-nyk-0022400397_25-track_19914 | True Jersey: 9
  -> Final Prediction (Multi-Image): 9
  -> Result: ? CORRECT

[1436/3633] Processing: okc-vs-mia-0022400375_385-track_21745 | True Jersey: 13
  -> Final Prediction (Multi-Image): 13
  -> Result: ? CORRECT

[1437/3633] Processing: sas-vs-sac-0022400910_220-track_21563 | True Jersey: 17
  -> Final Prediction (Multi-Image): 23
  -> Result: ? INCORRECT (Ground Truth: 17)

[1438/3633] Processing: phx-vs-den-0022400402_55-track_34975 | True Jersey: 15
  -> Final Prediction (Multi-Image): 22
  -> Result: ? INCORRECT (Ground Truth: 15)

[1439/3633] Processing: chi-vs-ind-0022400868_226-track_4630 | True Jersey: 33
  -> Final Prediction (Multi-Image): 1
  -> Result: ? INCORRECT (Ground Truth: 33)

[1440/3633] Processing: nyk-vs-orl-0022401227_5-track_18378 | True Jersey: 32
  -> Final Prediction (Multi-Image): 32
  -> Result: ? CORRECT

[1441/3633] Processing: hou-vs-okc-0022400879_170-track_53908 | True Jersey: 22
  -> Final Prediction (Multi-Image): 1
  -> Result: ? INCORRECT (Ground Truth: 22)

[1442/3633] Processing: chi-vs-ind-0022400868_226-track_4607 | True Jersey: 26
  -> Final Prediction (Multi-Image): 26
  -> Result: ? CORRECT

[1443/3633] Processing: cle-vs-chi-0022400886_265-track_8461 | True Jersey: 30
  -> Final Prediction (Multi-Image): 10
  -> Result: ? INCORRECT (Ground Truth: 30)

[1444/3633] Processing: hou-vs-okc-0022400879_430-track_56653 | True Jersey: 8
  -> Final Prediction (Multi-Image): 8
  -> Result: ? CORRECT

[1445/3633] Processing: was-vs-mil-0022400382_236-track_34885 | True Jersey: 13
  -> Final Prediction (Multi-Image): 13
  -> Result: ? CORRECT

[1446/3633] Processing: min-vs-sas-0022401218_207-track_14495 | True Jersey: 40
  -> Final Prediction (Multi-Image): 40
  -> Result: ? CORRECT

[1447/3633] Processing: mil-vs-cle-0022400374_316-track_29919 | True Jersey: 20
  -> Final Prediction (Multi-Image): 20
  -> Result: ? CORRECT

[1448/3633] Processing: phi-vs-cha-0022401222_405-track_7048 | True Jersey: 14
  -> Final Prediction (Multi-Image): 14
  -> Result: ? CORRECT

[1449/3633] Processing: cle-vs-bkn-0022401224_155-track_32607 | True Jersey: 35
  -> Final Prediction (Multi-Image): 35
  -> Result: ? CORRECT

[1450/3633] Processing: nop-vs-hou-0022400365_307-track_45841 | True Jersey: 4
  -> Final Prediction (Multi-Image): 4
  -> Result: ? CORRECT

[1451/3633] Processing: min-vs-sas-0022401218_286-track_42519 | True Jersey: 11
  -> Final Prediction (Multi-Image): 11
  -> Result: ? CORRECT

[1452/3633] Processing: bos-vs-was-0022401217_41-track_306 | True Jersey: 7
  -> Final Prediction (Multi-Image): 7
  -> Result: ? CORRECT

[1453/3633] Processing: sac-vs-hou-0022400862_261-track_8774 | True Jersey: 28
  -> Final Prediction (Multi-Image): 28
  -> Result: ? CORRECT

[1454/3633] Processing: sas-vs-phi-0022400394_94-track_54151 | True Jersey: 33
  -> Final Prediction (Multi-Image): 33
  -> Result: ? CORRECT

[1455/3633] Processing: uta-vs-lac-0022401226_115-track_60807 | True Jersey: 11
  -> Final Prediction (Multi-Image): 11
  -> Result: ? CORRECT

[1456/3633] Processing: mem-vs-nop-0022400923_196-track_31569 | True Jersey: 25
  -> Final Prediction (Multi-Image): 25
  -> Result: ? CORRECT

[1457/3633] Processing: nyk-vs-nop-0022400384_135-track_45068 | True Jersey: 5
  -> Final Prediction (Multi-Image): 5
  -> Result: ? CORRECT

[1458/3633] Processing: nyk-vs-nop-0022400384_135-track_45116 | True Jersey: nan
  -> Final Prediction (Multi-Image): 10
  -> Result: ? INCORRECT (Ground Truth: nan)

[1459/3633] Processing: bos-vs-was-0022401217_370-track_8047 | True Jersey: 40
  -> Final Prediction (Multi-Image): 10
  -> Result: ? INCORRECT (Ground Truth: 40)

[1460/3633] Processing: mil-vs-dal-0022400865_316-track_2146 | True Jersey: 1
  -> Final Prediction (Multi-Image): 1
  -> Result: ? CORRECT

[1461/3633] Processing: bkn-vs-det-0022400861_145-track_55144 | True Jersey: 5
  -> Final Prediction (Multi-Image): 1
  -> Result: ? INCORRECT (Ground Truth: 5)

[1462/3633] Processing: gsw-vs-nyk-0022400885_313-track_37226 | True Jersey: 44
  -> Final Prediction (Multi-Image): 27
  -> Result: ? INCORRECT (Ground Truth: 44)

[1463/3633] Processing: chi-vs-ind-0022400868_100-track_7137 | True Jersey: 22
  -> Final Prediction (Multi-Image): 22
  -> Result: ? CORRECT

[1464/3633] Processing: sas-vs-phi-0022400394_288-track_30592 | True Jersey: 3
  -> Final Prediction (Multi-Image): 1
  -> Result: ? INCORRECT (Ground Truth: 3)

[1465/3633] Processing: gsw-vs-mem-0022400366_169-track_529 | True Jersey: 30
  -> Final Prediction (Multi-Image): 11
  -> Result: ? INCORRECT (Ground Truth: 30)

[1466/3633] Processing: mil-vs-okc-0062400001_4-track_20158 | True Jersey: 44
  -> Final Prediction (Multi-Image): 14
  -> Result: ? INCORRECT (Ground Truth: 44)

[1467/3633] Processing: gsw-vs-bkn-0022400901_2-track_40941 | True Jersey: 2
  -> Final Prediction (Multi-Image): 2
  -> Result: ? CORRECT

[1468/3633] Processing: gsw-vs-nyk-0022400885_71-track_26571 | True Jersey: 5
  -> Final Prediction (Multi-Image): 5
  -> Result: ? CORRECT

[1469/3633] Processing: hou-vs-okc-0022400879_219-track_57591 | True Jersey: 55
  -> Final Prediction (Multi-Image): 55
  -> Result: ? CORRECT

[1470/3633] Processing: lac-vs-lal-0022400874_172-track_28934 | True Jersey: 11
  -> Final Prediction (Multi-Image): 11
  -> Result: ? CORRECT

[1471/3633] Processing: mil-vs-dal-0022400865_142-track_52390 | True Jersey: nan
  -> Final Prediction (Multi-Image): 31
  -> Result: ? INCORRECT (Ground Truth: nan)

[1472/3633] Processing: det-vs-por-0022400926_162-track_7519 | True Jersey: 8
  -> Final Prediction (Multi-Image): 8
  -> Result: ? CORRECT

[1473/3633] Processing: bkn-vs-det-0022400861_162-track_43418 | True Jersey: 7
  -> Final Prediction (Multi-Image): 7
  -> Result: ? CORRECT

[1474/3633] Processing: uta-vs-tor-0022400905_242-track_14332 | True Jersey: 13
  -> Final Prediction (Multi-Image): 13
  -> Result: ? CORRECT

[1475/3633] Processing: cle-vs-bkn-0022401224_63-track_23641 | True Jersey: 21
  -> Final Prediction (Multi-Image): 21
  -> Result: ? CORRECT

[1476/3633] Processing: okc-vs-sas-0022400871_210-track_38375 | True Jersey: 24
  -> Final Prediction (Multi-Image): 24
  -> Result: ? CORRECT

[1477/3633] Processing: hou-vs-okc-0022400879_48-track_42223 | True Jersey: 2
  -> Final Prediction (Multi-Image): 2
  -> Result: ? CORRECT

[1478/3633] Processing: gsw-vs-bkn-0022400901_367-track_36158 | True Jersey: 24
  -> Final Prediction (Multi-Image): 13
  -> Result: ? INCORRECT (Ground Truth: 24)

[1479/3633] Processing: bkn-vs-det-0022400861_200-track_19075 | True Jersey: 12
  -> Final Prediction (Multi-Image): 12
  -> Result: ? CORRECT

[1480/3633] Processing: mil-vs-dal-0022400865_297-track_32187 | True Jersey: 13
  -> Final Prediction (Multi-Image): 13
  -> Result: ? CORRECT

[1481/3633] Processing: lac-vs-dal-0022400368_95-track_41295 | True Jersey: 8
  -> Final Prediction (Multi-Image): 0
  -> Result: ? INCORRECT (Ground Truth: 8)

[1482/3633] Processing: cle-vs-bkn-0022401224_134-track_22372 | True Jersey: 13
  -> Final Prediction (Multi-Image): 14
  -> Result: ? INCORRECT (Ground Truth: 13)

[1483/3633] Processing: bkn-vs-det-0022400861_438-track_32657 | True Jersey: 8
  -> Final Prediction (Multi-Image): 1
  -> Result: ? INCORRECT (Ground Truth: 8)

[1484/3633] Processing: sas-vs-mem-0022400863_109-track_29242 | True Jersey: nan
  -> Final Prediction (Multi-Image): 1
  -> Result: ? INCORRECT (Ground Truth: nan)

[1485/3633] Processing: phi-vs-cha-0022401222_146-track_50776 | True Jersey: 22
  -> Final Prediction (Multi-Image): 2
  -> Result: ? INCORRECT (Ground Truth: 22)

[1486/3633] Processing: mil-vs-chi-0022400398_47-track_45320 | True Jersey: 15
  -> Final Prediction (Multi-Image): 15
  -> Result: ? CORRECT

[1487/3633] Processing: lac-vs-dal-0022400368_147-track_5702 | True Jersey: 25
  -> Final Prediction (Multi-Image): 20
  -> Result: ? INCORRECT (Ground Truth: 25)

[1488/3633] Processing: chi-vs-ind-0022400868_100-track_7123 | True Jersey: 15
  -> Final Prediction (Multi-Image): 1
  -> Result: ? INCORRECT (Ground Truth: 15)

[1489/3633] Processing: was-vs-cha-0022400860_297-track_26837 | True Jersey: 18
  -> Final Prediction (Multi-Image): 18
  -> Result: ? CORRECT

[1490/3633] Processing: nop-vs-hou-0022400365_125-track_11153 | True Jersey: 21
  -> Final Prediction (Multi-Image): 12
  -> Result: ? INCORRECT (Ground Truth: 21)

[1491/3633] Processing: min-vs-sas-0022401218_175-track_39559 | True Jersey: 24
  -> Final Prediction (Multi-Image): 24
  -> Result: ? CORRECT

[1492/3633] Processing: mia-vs-det-0022401221_241-track_14872 | True Jersey: 22
  -> Final Prediction (Multi-Image): 1
  -> Result: ? INCORRECT (Ground Truth: 22)

[1493/3633] Processing: sac-vs-hou-0022400862_261-track_8680 | True Jersey: 23
  -> Final Prediction (Multi-Image): 23
  -> Result: ? CORRECT

[1494/3633] Processing: gsw-vs-phi-0022400864_150-track_6346 | True Jersey: 9
  -> Final Prediction (Multi-Image): 9
  -> Result: ? CORRECT

[1495/3633] Processing: den-vs-sac-0022401225_222-track_60647 | True Jersey: 7
  -> Final Prediction (Multi-Image): 7
  -> Result: ? CORRECT

[1496/3633] Processing: gsw-vs-nyk-0022400885_353-track_13895 | True Jersey: 3
  -> Final Prediction (Multi-Image): 3
  -> Result: ? CORRECT

[1497/3633] Processing: chi-vs-ind-0022400868_37-track_18638 | True Jersey: 3
  -> Final Prediction (Multi-Image): 3
  -> Result: ? CORRECT

[1498/3633] Processing: cle-vs-bkn-0022401224_22-track_2196 | True Jersey: 35
  -> Final Prediction (Multi-Image): 25
  -> Result: ? INCORRECT (Ground Truth: 35)

[1499/3633] Processing: phi-vs-cha-0022401222_146-track_50824 | True Jersey: 0
  -> Final Prediction (Multi-Image): 0
  -> Result: ? CORRECT

[1500/3633] Processing: mil-vs-dal-0022400865_316-track_2067 | True Jersey: 1
  -> Final Prediction (Multi-Image): 1
  -> Result: ? CORRECT

[1501/3633] Processing: mil-vs-okc-0062400001_71-track_9801 | True Jersey: 9
  -> Final Prediction (Multi-Image): 9
  -> Result: ? CORRECT

[1502/3633] Processing: dal-vs-gsw-0022401228_202-track_12124 | True Jersey: 2
  -> Final Prediction (Multi-Image): 2
  -> Result: ? CORRECT

[1503/3633] Processing: uta-vs-lac-0022401226_366-track_49257 | True Jersey: 00
  -> Final Prediction (Multi-Image): 1
  -> Result: ? INCORRECT (Ground Truth: 00)

[1504/3633] Processing: sas-vs-phi-0022400394_99-track_20396 | True Jersey: 0
  -> Final Prediction (Multi-Image): 1
  -> Result: ? INCORRECT (Ground Truth: 0)

[1505/3633] Processing: sas-vs-sac-0022400910_171-track_14604 | True Jersey: 13
  -> Final Prediction (Multi-Image): 12
  -> Result: ? INCORRECT (Ground Truth: 13)

[1506/3633] Processing: nyk-vs-min-0022400367_360-track_40408 | True Jersey: 4
  -> Final Prediction (Multi-Image): 4
  -> Result: ? CORRECT

[1507/3633] Processing: det-vs-gsw-0022400919_452-track_16526 | True Jersey: 17
  -> Final Prediction (Multi-Image): 17
  -> Result: ? CORRECT

[1508/3633] Processing: gsw-vs-mem-0022400366_77-track_35432 | True Jersey: 32
  -> Final Prediction (Multi-Image): 15
  -> Result: ? INCORRECT (Ground Truth: 32)

[1509/3633] Processing: nyk-vs-nop-0022400384_243-track_30703 | True Jersey: 25
  -> Final Prediction (Multi-Image): 25
  -> Result: ? CORRECT

[1510/3633] Processing: nyk-vs-orl-0022401227_208-track_54482 | True Jersey: nan
  -> Final Prediction (Multi-Image): 10
  -> Result: ? INCORRECT (Ground Truth: nan)

[1511/3633] Processing: phi-vs-cha-0022401222_92-track_44186 | True Jersey: 8
  -> Final Prediction (Multi-Image): 6
  -> Result: ? INCORRECT (Ground Truth: 8)

[1512/3633] Processing: cle-vs-bkn-0022401224_118-track_9266 | True Jersey: nan
  -> Final Prediction (Multi-Image): 2
  -> Result: ? INCORRECT (Ground Truth: nan)

[1513/3633] Processing: det-vs-lac-0022400898_280-track_8143 | True Jersey: 11
  -> Final Prediction (Multi-Image): 11
  -> Result: ? CORRECT

[1514/3633] Processing: chi-vs-ind-0022400868_87-track_44884 | True Jersey: 7
  -> Final Prediction (Multi-Image): 2
  -> Result: ? INCORRECT (Ground Truth: 7)

[1515/3633] Processing: nop-vs-ind-0022401216_23-track_40131 | True Jersey: 00
  -> Final Prediction (Multi-Image): 10
  -> Result: ? INCORRECT (Ground Truth: 00)

[1516/3633] Processing: lac-vs-lal-0022400874_323-track_29012 | True Jersey: 77
  -> Final Prediction (Multi-Image): 77
  -> Result: ? CORRECT

[1517/3633] Processing: cle-vs-bkn-0022401224_118-track_9388 | True Jersey: 31
  -> Final Prediction (Multi-Image): 23
  -> Result: ? INCORRECT (Ground Truth: 31)

[1518/3633] Processing: mil-vs-okc-0062400001_45-track_24776 | True Jersey: 11
  -> Final Prediction (Multi-Image): 11
  -> Result: ? CORRECT

[1519/3633] Processing: sas-vs-mem-0022400863_289-track_402 | True Jersey: 8
  -> Final Prediction (Multi-Image): 8
  -> Result: ? CORRECT

[1520/3633] Processing: tor-vs-nyk-0022400397_25-track_19890 | True Jersey: 3
  -> Final Prediction (Multi-Image): 3
  -> Result: ? CORRECT

[1521/3633] Processing: det-vs-lac-0022400898_328-track_40180 | True Jersey: 5
  -> Final Prediction (Multi-Image): 1
  -> Result: ? INCORRECT (Ground Truth: 5)

[1522/3633] Processing: bkn-vs-det-0022400861_162-track_43503 | True Jersey: 9
  -> Final Prediction (Multi-Image): 7
  -> Result: ? INCORRECT (Ground Truth: 9)

[1523/3633] Processing: sac-vs-hou-0022400862_212-track_24069 | True Jersey: 10
  -> Final Prediction (Multi-Image): 10
  -> Result: ? CORRECT

[1524/3633] Processing: cle-vs-bkn-0022401224_22-track_2157 | True Jersey: 28
  -> Final Prediction (Multi-Image): 28
  -> Result: ? CORRECT

[1525/3633] Processing: chi-vs-tor-0022401223_140-track_23981 | True Jersey: 2
  -> Final Prediction (Multi-Image): 2
  -> Result: ? CORRECT

[1526/3633] Processing: mil-vs-dal-0022400865_316-track_2050 | True Jersey: 3
  -> Final Prediction (Multi-Image): 1
  -> Result: ? INCORRECT (Ground Truth: 3)

[1527/3633] Processing: orl-vs-mil-0022400917_237-track_46906 | True Jersey: 34
  -> Final Prediction (Multi-Image): 14
  -> Result: ? INCORRECT (Ground Truth: 34)

[1528/3633] Processing: min-vs-phx-0022400873_351-track_25685 | True Jersey: 35
  -> Final Prediction (Multi-Image): 35
  -> Result: ? CORRECT

[1529/3633] Processing: lac-vs-lal-0022400874_247-track_35197 | True Jersey: 77
  -> Final Prediction (Multi-Image): 77
  -> Result: ? CORRECT

[1530/3633] Processing: nop-vs-uta-0022400872_348-track_29658 | True Jersey: 13
  -> Final Prediction (Multi-Image): 13
  -> Result: ? CORRECT

[1531/3633] Processing: lac-vs-dal-0022400368_379-track_47554 | True Jersey: 1
  -> Final Prediction (Multi-Image): 1
  -> Result: ? CORRECT

[1532/3633] Processing: lac-vs-dal-0022400368_379-track_47589 | True Jersey: 5
  -> Final Prediction (Multi-Image): 5
  -> Result: ? CORRECT

[1533/3633] Processing: nop-vs-uta-0022400872_242-track_41086 | True Jersey: nan
  -> Final Prediction (Multi-Image): 22
  -> Result: ? INCORRECT (Ground Truth: nan)

[1534/3633] Processing: tor-vs-orl-0022400870_250-track_7608 | True Jersey: nan
  -> Final Prediction (Multi-Image): 10
  -> Result: ? INCORRECT (Ground Truth: nan)

[1535/3633] Processing: chi-vs-ind-0022400868_37-track_18640 | True Jersey: 33
  -> Final Prediction (Multi-Image): 33
  -> Result: ? CORRECT

[1536/3633] Processing: lac-vs-dal-0022400368_169-track_49146 | True Jersey: 26
  -> Final Prediction (Multi-Image): 26
  -> Result: ? CORRECT

[1537/3633] Processing: mil-vs-chi-0022400398_335-track_3585 | True Jersey: 20
  -> Final Prediction (Multi-Image): 22
  -> Result: ? INCORRECT (Ground Truth: 20)

[1538/3633] Processing: den-vs-sac-0022401225_83-track_1857 | True Jersey: 1
  -> Final Prediction (Multi-Image): 1
  -> Result: ? CORRECT

[1539/3633] Processing: bos-vs-was-0022401217_138-track_24753 | True Jersey: 7
  -> Final Prediction (Multi-Image): 7
  -> Result: ? CORRECT

[1540/3633] Processing: bkn-vs-det-0022400861_15-track_53507 | True Jersey: nan
  -> Final Prediction (Multi-Image): 10
  -> Result: ? INCORRECT (Ground Truth: nan)

[1541/3633] Processing: mil-vs-chi-0022400398_82-track_18194 | True Jersey: 11
  -> Final Prediction (Multi-Image): 11
  -> Result: ? CORRECT

[1542/3633] Processing: mem-vs-nop-0022400923_196-track_31637 | True Jersey: 15
  -> Final Prediction (Multi-Image): 15
  -> Result: ? CORRECT

[1543/3633] Processing: den-vs-sac-0022401225_393-track_24435 | True Jersey: 5
  -> Final Prediction (Multi-Image): 11
  -> Result: ? INCORRECT (Ground Truth: 5)

[1544/3633] Processing: gsw-vs-nyk-0022400885_276-track_60383 | True Jersey: 30
  -> Final Prediction (Multi-Image): 15
  -> Result: ? INCORRECT (Ground Truth: 30)

[1545/3633] Processing: phx-vs-den-0022400402_352-track_11448 | True Jersey: 15
  -> Final Prediction (Multi-Image): 15
  -> Result: ? CORRECT

[1546/3633] Processing: gsw-vs-mem-0022400366_293-track_35734 | True Jersey: 13
  -> Final Prediction (Multi-Image): 13
  -> Result: ? CORRECT

[1547/3633] Processing: gsw-vs-phi-0022400864_220-track_4450 | True Jersey: 4
  -> Final Prediction (Multi-Image): 4
  -> Result: ? CORRECT

[1548/3633] Processing: gsw-vs-mem-0022400366_171-track_52840 | True Jersey: 32
  -> Final Prediction (Multi-Image): 33
  -> Result: ? INCORRECT (Ground Truth: 32)

[1549/3633] Processing: gsw-vs-nyk-0022400885_313-track_37257 | True Jersey: 5
  -> Final Prediction (Multi-Image): 1
  -> Result: ? INCORRECT (Ground Truth: 5)

[1550/3633] Processing: tor-vs-nyk-0022400397_25-track_19887 | True Jersey: 4
  -> Final Prediction (Multi-Image): 4
  -> Result: ? CORRECT

[1551/3633] Processing: chi-vs-bos-0022400363_398-track_44554 | True Jersey: 0
  -> Final Prediction (Multi-Image): 2
  -> Result: ? INCORRECT (Ground Truth: 0)

[1552/3633] Processing: nop-vs-ind-0022401216_429-track_1835 | True Jersey: 5
  -> Final Prediction (Multi-Image): 5
  -> Result: ? CORRECT

[1553/3633] Processing: bos-vs-was-0022401217_138-track_24735 | True Jersey: 13
  -> Final Prediction (Multi-Image): 13
  -> Result: ? CORRECT

[1554/3633] Processing: mem-vs-lal-0022401220_451-track_1558 | True Jersey: 12
  -> Final Prediction (Multi-Image): 28
  -> Result: ? INCORRECT (Ground Truth: 12)

[1555/3633] Processing: den-vs-por-0022400371_210-track_13374 | True Jersey: 32
  -> Final Prediction (Multi-Image): 17
  -> Result: ? INCORRECT (Ground Truth: 32)

[1556/3633] Processing: hou-vs-okc-0022400879_1-track_33911 | True Jersey: 5
  -> Final Prediction (Multi-Image): 5
  -> Result: ? CORRECT

[1557/3633] Processing: okc-vs-sas-0022400871_210-track_38406 | True Jersey: 40
  -> Final Prediction (Multi-Image): 10
  -> Result: ? INCORRECT (Ground Truth: 40)

[1558/3633] Processing: min-vs-sas-0022401218_286-track_42582 | True Jersey: 40
  -> Final Prediction (Multi-Image): 10
  -> Result: ? INCORRECT (Ground Truth: 40)

[1559/3633] Processing: hou-vs-okc-0022400879_299-track_56152 | True Jersey: 32
  -> Final Prediction (Multi-Image): 32
  -> Result: ? CORRECT

[1560/3633] Processing: sas-vs-mem-0022400863_289-track_498 | True Jersey: nan
  -> Final Prediction (Multi-Image): 1
  -> Result: ? INCORRECT (Ground Truth: nan)

[1561/3633] Processing: lac-vs-lal-0022400874_247-track_35223 | True Jersey: 77
  -> Final Prediction (Multi-Image): 27
  -> Result: ? INCORRECT (Ground Truth: 77)

[1562/3633] Processing: bkn-vs-det-0022400861_162-track_43455 | True Jersey: 8
  -> Final Prediction (Multi-Image): 8
  -> Result: ? CORRECT

[1563/3633] Processing: gsw-vs-nyk-0022400885_71-track_26567 | True Jersey: 30
  -> Final Prediction (Multi-Image): 11
  -> Result: ? INCORRECT (Ground Truth: 30)

[1564/3633] Processing: hou-vs-okc-0022400879_1-track_33949 | True Jersey: 10
  -> Final Prediction (Multi-Image): 1
  -> Result: ? INCORRECT (Ground Truth: 10)

[1565/3633] Processing: bkn-vs-det-0022400861_162-track_43504 | True Jersey: 33
  -> Final Prediction (Multi-Image): 33
  -> Result: ? CORRECT

[1566/3633] Processing: gsw-vs-bkn-0022400901_14-track_20862 | True Jersey: 7
  -> Final Prediction (Multi-Image): 1
  -> Result: ? INCORRECT (Ground Truth: 7)

[1567/3633] Processing: uta-vs-was-0022400894_186-track_13072 | True Jersey: 32
  -> Final Prediction (Multi-Image): 32
  -> Result: ? CORRECT

[1568/3633] Processing: gsw-vs-phi-0022400864_255-track_43637 | True Jersey: 9
  -> Final Prediction (Multi-Image): 9
  -> Result: ? CORRECT

[1569/3633] Processing: gsw-vs-bkn-0022400901_14-track_20900 | True Jersey: 1
  -> Final Prediction (Multi-Image): 1
  -> Result: ? CORRECT

[1570/3633] Processing: gsw-vs-nyk-0022400885_341-track_33270 | True Jersey: 4
  -> Final Prediction (Multi-Image): 1
  -> Result: ? INCORRECT (Ground Truth: 4)

[1571/3633] Processing: phi-vs-cha-0022401222_405-track_7047 | True Jersey: 1
  -> Final Prediction (Multi-Image): 11
  -> Result: ? INCORRECT (Ground Truth: 1)

[1572/3633] Processing: sac-vs-hou-0022400862_212-track_24093 | True Jersey: 4
  -> Final Prediction (Multi-Image): 4
  -> Result: ? CORRECT

[1573/3633] Processing: bkn-vs-det-0022400861_224-track_55991 | True Jersey: 5
  -> Final Prediction (Multi-Image): 5
  -> Result: ? CORRECT

[1574/3633] Processing: uta-vs-was-0022400894_215-track_1406 | True Jersey: 33
  -> Final Prediction (Multi-Image): 1
  -> Result: ? INCORRECT (Ground Truth: 33)

[1575/3633] Processing: phi-vs-uta-0022400433_140-track_61642 | True Jersey: 25
  -> Final Prediction (Multi-Image): 25
  -> Result: ? CORRECT

[1576/3633] Processing: por-vs-cle-0022400867_80-track_17352 | True Jersey: 00
  -> Final Prediction (Multi-Image): 21
  -> Result: ? INCORRECT (Ground Truth: 00)

[1577/3633] Processing: det-vs-gsw-0022400919_54-track_37405 | True Jersey: 5
  -> Final Prediction (Multi-Image): 5
  -> Result: ? CORRECT

[1578/3633] Processing: gsw-vs-bkn-0022400901_265-track_32878 | True Jersey: 10
  -> Final Prediction (Multi-Image): 10
  -> Result: ? CORRECT

[1579/3633] Processing: chi-vs-ind-0022400868_87-track_44906 | True Jersey: 1
  -> Final Prediction (Multi-Image): 14
  -> Result: ? INCORRECT (Ground Truth: 1)

[1580/3633] Processing: por-vs-cle-0022400867_80-track_17272 | True Jersey: 34
  -> Final Prediction (Multi-Image): 34
  -> Result: ? CORRECT

[1581/3633] Processing: det-vs-por-0022400926_162-track_7513 | True Jersey: 9
  -> Final Prediction (Multi-Image): 9
  -> Result: ? CORRECT

[1582/3633] Processing: det-vs-lac-0022400898_280-track_8145 | True Jersey: 7
  -> Final Prediction (Multi-Image): 7
  -> Result: ? CORRECT

[1583/3633] Processing: sas-vs-phi-0022400394_288-track_30606 | True Jersey: 8
  -> Final Prediction (Multi-Image): 8
  -> Result: ? CORRECT

[1584/3633] Processing: den-vs-por-0022400371_173-track_39719 | True Jersey: 1
  -> Final Prediction (Multi-Image): 1
  -> Result: ? CORRECT

[1585/3633] Processing: gsw-vs-nyk-0022400885_276-track_60444 | True Jersey: 5
  -> Final Prediction (Multi-Image): 1
  -> Result: ? INCORRECT (Ground Truth: 5)

[1586/3633] Processing: mil-vs-chi-0022400398_250-track_37643 | True Jersey: 44
  -> Final Prediction (Multi-Image): 44
  -> Result: ? CORRECT

[1587/3633] Processing: uta-vs-tor-0022400905_151-track_53121 | True Jersey: nan
  -> Final Prediction (Multi-Image): 1
  -> Result: ? INCORRECT (Ground Truth: nan)

[1588/3633] Processing: mil-vs-atl-0022400884_127-track_42989 | True Jersey: 12
  -> Final Prediction (Multi-Image): 12
  -> Result: ? CORRECT

[1589/3633] Processing: gsw-vs-mem-0022400366_388-track_54774 | True Jersey: 1
  -> Final Prediction (Multi-Image): 11
  -> Result: ? INCORRECT (Ground Truth: 1)

[1590/3633] Processing: nyk-vs-mia-0022400869_318-track_33470 | True Jersey: 14
  -> Final Prediction (Multi-Image): 11
  -> Result: ? INCORRECT (Ground Truth: 14)

[1591/3633] Processing: hou-vs-okc-0022400879_170-track_53947 | True Jersey: 22
  -> Final Prediction (Multi-Image): 22
  -> Result: ? CORRECT

[1592/3633] Processing: mil-vs-okc-0062400001_4-track_20174 | True Jersey: 11
  -> Final Prediction (Multi-Image): 11
  -> Result: ? CORRECT

[1593/3633] Processing: den-vs-sac-0022401225_393-track_24472 | True Jersey: 6
  -> Final Prediction (Multi-Image): 6
  -> Result: ? CORRECT

[1594/3633] Processing: uta-vs-lac-0022401226_366-track_49391 | True Jersey: 4
  -> Final Prediction (Multi-Image): 2
  -> Result: ? INCORRECT (Ground Truth: 4)

[1595/3633] Processing: cle-vs-bkn-0022401224_134-track_22362 | True Jersey: 32
  -> Final Prediction (Multi-Image): 32
  -> Result: ? CORRECT

[1596/3633] Processing: chi-vs-ind-0022400868_87-track_44945 | True Jersey: 30
  -> Final Prediction (Multi-Image): 30
  -> Result: ? CORRECT

[1597/3633] Processing: cle-vs-bkn-0022401224_155-track_32473 | True Jersey: 10
  -> Final Prediction (Multi-Image): 10
  -> Result: ? CORRECT

[1598/3633] Processing: por-vs-cle-0022400867_80-track_17279 | True Jersey: 5
  -> Final Prediction (Multi-Image): 5
  -> Result: ? CORRECT

[1599/3633] Processing: mil-vs-atl-0022400884_107-track_39372 | True Jersey: 3
  -> Final Prediction (Multi-Image): 3
  -> Result: ? CORRECT

[1600/3633] Processing: orl-vs-mil-0022400917_170-track_9886 | True Jersey: 5
  -> Final Prediction (Multi-Image): 5
  -> Result: ? CORRECT

[1601/3633] Processing: gsw-vs-nyk-0022400885_213-track_47888 | True Jersey: 3
  -> Final Prediction (Multi-Image): 3
  -> Result: ? CORRECT

[1602/3633] Processing: gsw-vs-bkn-0022400901_296-track_10431 | True Jersey: 2
  -> Final Prediction (Multi-Image): 10
  -> Result: ? INCORRECT (Ground Truth: 2)

[1603/3633] Processing: den-vs-bos-0022400866_307-track_21308 | True Jersey: 11
  -> Final Prediction (Multi-Image): 11
  -> Result: ? CORRECT

[1604/3633] Processing: det-vs-por-0022400926_441-track_40909 | True Jersey: 1
  -> Final Prediction (Multi-Image): 1
  -> Result: ? CORRECT

[1605/3633] Processing: den-vs-sac-0022401225_83-track_1860 | True Jersey: 11
  -> Final Prediction (Multi-Image): 11
  -> Result: ? CORRECT

[1606/3633] Processing: chi-vs-bos-0022400363_11-track_57178 | True Jersey: 44
  -> Final Prediction (Multi-Image): 7
  -> Result: ? INCORRECT (Ground Truth: 44)

[1607/3633] Processing: mil-vs-chi-0022400398_335-track_3503 | True Jersey: 9
  -> Final Prediction (Multi-Image): 1
  -> Result: ? INCORRECT (Ground Truth: 9)

[1608/3633] Processing: uta-vs-was-0022400894_338-track_12520 | True Jersey: nan
  -> Final Prediction (Multi-Image): 14
  -> Result: ? INCORRECT (Ground Truth: nan)

[1609/3633] Processing: nop-vs-uta-0022400872_348-track_29660 | True Jersey: 13
  -> Final Prediction (Multi-Image): 13
  -> Result: ? CORRECT

[1610/3633] Processing: gsw-vs-phi-0022400864_233-track_37915 | True Jersey: 21
  -> Final Prediction (Multi-Image): 21
  -> Result: ? CORRECT

[1611/3633] Processing: mil-vs-atl-0022400884_203-track_39975 | True Jersey: 0
  -> Final Prediction (Multi-Image): 7
  -> Result: ? INCORRECT (Ground Truth: 0)

[1612/3633] Processing: bos-vs-was-0022401217_35-track_36230 | True Jersey: 0
  -> Final Prediction (Multi-Image): 0
  -> Result: ? CORRECT

[1613/3633] Processing: nyk-vs-orl-0022401227_70-track_5380 | True Jersey: 11
  -> Final Prediction (Multi-Image): 11
  -> Result: ? CORRECT

[1614/3633] Processing: sac-vs-hou-0022400862_97-track_32352 | True Jersey: 4
  -> Final Prediction (Multi-Image): 4
  -> Result: ? CORRECT

[1615/3633] Processing: min-vs-sas-0022401218_286-track_42500 | True Jersey: 9
  -> Final Prediction (Multi-Image): 9
  -> Result: ? CORRECT

[1616/3633] Processing: nyk-vs-orl-0022401227_208-track_54594 | True Jersey: nan
  -> Final Prediction (Multi-Image): 1
  -> Result: ? INCORRECT (Ground Truth: nan)

[1617/3633] Processing: tor-vs-nyk-0022400397_25-track_19906 | True Jersey: 9
  -> Final Prediction (Multi-Image): 9
  -> Result: ? CORRECT

[1618/3633] Processing: cle-vs-bkn-0022401224_134-track_22442 | True Jersey: 15
  -> Final Prediction (Multi-Image): 1
  -> Result: ? INCORRECT (Ground Truth: 15)

[1619/3633] Processing: lac-vs-dal-0022400368_331-track_60505 | True Jersey: 40
  -> Final Prediction (Multi-Image): 40
  -> Result: ? CORRECT

[1620/3633] Processing: phi-vs-cha-0022401222_405-track_7101 | True Jersey: 1
  -> Final Prediction (Multi-Image): 1
  -> Result: ? CORRECT

[1621/3633] Processing: sas-vs-sac-0022400910_274-track_46499 | True Jersey: 22
  -> Final Prediction (Multi-Image): 12
  -> Result: ? INCORRECT (Ground Truth: 22)

[1622/3633] Processing: chi-vs-ind-0022400868_255-track_47246 | True Jersey: 5
  -> Final Prediction (Multi-Image): 1
  -> Result: ? INCORRECT (Ground Truth: 5)

[1623/3633] Processing: hou-vs-okc-0022400879_48-track_42338 | True Jersey: 7
  -> Final Prediction (Multi-Image): 10
  -> Result: ? INCORRECT (Ground Truth: 7)

[1624/3633] Processing: lac-vs-lal-0022400874_0-track_13009 | True Jersey: 23
  -> Final Prediction (Multi-Image): 2
  -> Result: ? INCORRECT (Ground Truth: 23)

[1625/3633] Processing: lac-vs-dal-0022400368_147-track_5700 | True Jersey: 13
  -> Final Prediction (Multi-Image): 13
  -> Result: ? CORRECT

[1626/3633] Processing: lac-vs-lal-0022400874_374-track_54129 | True Jersey: 7
  -> Final Prediction (Multi-Image): 7
  -> Result: ? CORRECT

[1627/3633] Processing: mem-vs-lal-0022401220_156-track_58379 | True Jersey: 4
  -> Final Prediction (Multi-Image): 4
  -> Result: ? CORRECT

[1628/3633] Processing: chi-vs-ind-0022400868_87-track_44909 | True Jersey: 26
  -> Final Prediction (Multi-Image): 22
  -> Result: ? INCORRECT (Ground Truth: 26)

[1629/3633] Processing: mil-vs-okc-0062400001_288-track_57863 | True Jersey: 9
  -> Final Prediction (Multi-Image): 9
  -> Result: ? CORRECT

[1630/3633] Processing: mia-vs-det-0022401221_30-track_11946 | True Jersey: 8
  -> Final Prediction (Multi-Image): 1
  -> Result: ? INCORRECT (Ground Truth: 8)

[1631/3633] Processing: cle-vs-chi-0022400886_233-track_48057 | True Jersey: 0
  -> Final Prediction (Multi-Image): 14
  -> Result: ? INCORRECT (Ground Truth: 0)

[1632/3633] Processing: phx-vs-den-0022400402_55-track_34962 | True Jersey: 00
  -> Final Prediction (Multi-Image): 00
  -> Result: ? CORRECT

[1633/3633] Processing: mem-vs-atl-0022400378_321-track_10687 | True Jersey: 5
  -> Final Prediction (Multi-Image): 1
  -> Result: ? INCORRECT (Ground Truth: 5)

[1634/3633] Processing: mil-vs-cle-0022400374_316-track_29987 | True Jersey: 13
  -> Final Prediction (Multi-Image): 11
  -> Result: ? INCORRECT (Ground Truth: 13)

[1635/3633] Processing: gsw-vs-nyk-0022400885_353-track_13797 | True Jersey: 25
  -> Final Prediction (Multi-Image): 2
  -> Result: ? INCORRECT (Ground Truth: 25)

[1636/3633] Processing: sas-vs-phi-0022400394_406-track_55733 | True Jersey: nan
  -> Final Prediction (Multi-Image): 11
  -> Result: ? INCORRECT (Ground Truth: nan)

[1637/3633] Processing: chi-vs-bos-0022400363_398-track_44551 | True Jersey: 7
  -> Final Prediction (Multi-Image): 7
  -> Result: ? CORRECT

[1638/3633] Processing: was-vs-mil-0022400382_236-track_34892 | True Jersey: 11
  -> Final Prediction (Multi-Image): 11
  -> Result: ? CORRECT

[1639/3633] Processing: orl-vs-mil-0022400917_170-track_10021 | True Jersey: 5
  -> Final Prediction (Multi-Image): 5
  -> Result: ? CORRECT

[1640/3633] Processing: por-vs-phx-0022401219_114-track_33031 | True Jersey: 00
  -> Final Prediction (Multi-Image): 00
  -> Result: ? CORRECT

[1641/3633] Processing: bkn-vs-det-0022400861_210-track_6090 | True Jersey: 22
  -> Final Prediction (Multi-Image): 10
  -> Result: ? INCORRECT (Ground Truth: 22)

[1642/3633] Processing: cle-vs-bkn-0022401224_155-track_32432 | True Jersey: 35
  -> Final Prediction (Multi-Image): 23
  -> Result: ? INCORRECT (Ground Truth: 35)

[1643/3633] Processing: bkn-vs-det-0022400861_210-track_6181 | True Jersey: 0
  -> Final Prediction (Multi-Image): 2
  -> Result: ? INCORRECT (Ground Truth: 0)

[1644/3633] Processing: hou-vs-okc-0022400879_299-track_56151 | True Jersey: 2
  -> Final Prediction (Multi-Image): 1
  -> Result: ? INCORRECT (Ground Truth: 2)

[1645/3633] Processing: chi-vs-ind-0022400868_171-track_51946 | True Jersey: 12
  -> Final Prediction (Multi-Image): 1
  -> Result: ? INCORRECT (Ground Truth: 12)

[1646/3633] Processing: chi-vs-ind-0022400868_87-track_44933 | True Jersey: 8
  -> Final Prediction (Multi-Image): 2
  -> Result: ? INCORRECT (Ground Truth: 8)

[1647/3633] Processing: bkn-vs-det-0022400861_162-track_43462 | True Jersey: 9
  -> Final Prediction (Multi-Image): 9
  -> Result: ? CORRECT

[1648/3633] Processing: gsw-vs-mem-0022400366_12-track_46591 | True Jersey: 5
  -> Final Prediction (Multi-Image): 5
  -> Result: ? CORRECT

[1649/3633] Processing: gsw-vs-bkn-0022400901_86-track_50341 | True Jersey: 9
  -> Final Prediction (Multi-Image): 9
  -> Result: ? CORRECT

[1650/3633] Processing: gsw-vs-bkn-0022400901_161-track_10760 | True Jersey: 15
  -> Final Prediction (Multi-Image): 5
  -> Result: ? INCORRECT (Ground Truth: 15)

[1651/3633] Processing: mil-vs-chi-0022400398_130-track_25599 | True Jersey: nan
  -> Final Prediction (Multi-Image): 7
  -> Result: ? INCORRECT (Ground Truth: nan)

[1652/3633] Processing: nyk-vs-orl-0022401227_192-track_19564 | True Jersey: 34
  -> Final Prediction (Multi-Image): 34
  -> Result: ? CORRECT

[1653/3633] Processing: hou-vs-okc-0022400879_170-track_53902 | True Jersey: 10
  -> Final Prediction (Multi-Image): 10
  -> Result: ? CORRECT

[1654/3633] Processing: uta-vs-was-0022400894_118-track_15694 | True Jersey: 19
  -> Final Prediction (Multi-Image): 19
  -> Result: ? CORRECT

[1655/3633] Processing: orl-vs-mil-0022400917_170-track_9983 | True Jersey: 5
  -> Final Prediction (Multi-Image): 5
  -> Result: ? CORRECT

[1656/3633] Processing: tor-vs-nyk-0022400397_109-track_17448 | True Jersey: 9
  -> Final Prediction (Multi-Image): 9
  -> Result: ? CORRECT

[1657/3633] Processing: phi-vs-uta-0022400433_140-track_61650 | True Jersey: 0
  -> Final Prediction (Multi-Image): 0
  -> Result: ? CORRECT

[1658/3633] Processing: gsw-vs-phi-0022400864_220-track_4462 | True Jersey: 8
  -> Final Prediction (Multi-Image): 6
  -> Result: ? INCORRECT (Ground Truth: 8)

[1659/3633] Processing: den-vs-sac-0022401225_355-track_32942 | True Jersey: 25
  -> Final Prediction (Multi-Image): 25
  -> Result: ? CORRECT

[1660/3633] Processing: mem-vs-nop-0022400923_347-track_55012 | True Jersey: nan
  -> Final Prediction (Multi-Image): 1
  -> Result: ? INCORRECT (Ground Truth: nan)

[1661/3633] Processing: uta-vs-tor-0022400905_242-track_14382 | True Jersey: 5
  -> Final Prediction (Multi-Image): 2
  -> Result: ? INCORRECT (Ground Truth: 5)

[1662/3633] Processing: uta-vs-lac-0022401226_115-track_60802 | True Jersey: 4
  -> Final Prediction (Multi-Image): 4
  -> Result: ? CORRECT

[1663/3633] Processing: bkn-vs-det-0022400861_200-track_19112 | True Jersey: 12
  -> Final Prediction (Multi-Image): 0
  -> Result: ? INCORRECT (Ground Truth: 12)

[1664/3633] Processing: phi-vs-uta-0022400433_213-track_35058 | True Jersey: 0
  -> Final Prediction (Multi-Image): 0
  -> Result: ? CORRECT

[1665/3633] Processing: phx-vs-den-0022400402_301-track_22704 | True Jersey: 6
  -> Final Prediction (Multi-Image): 1
  -> Result: ? INCORRECT (Ground Truth: 6)

[1666/3633] Processing: mil-vs-atl-0022400884_127-track_43034 | True Jersey: 00
  -> Final Prediction (Multi-Image): 2
  -> Result: ? INCORRECT (Ground Truth: 00)

[1667/3633] Processing: gsw-vs-nyk-0022400885_274-track_59523 | True Jersey: nan
  -> Final Prediction (Multi-Image): 10
  -> Result: ? INCORRECT (Ground Truth: nan)

[1668/3633] Processing: bos-vs-was-0022401217_112-track_4230 | True Jersey: 7
  -> Final Prediction (Multi-Image): 7
  -> Result: ? CORRECT

[1669/3633] Processing: sas-vs-mem-0022400863_289-track_339 | True Jersey: 18
  -> Final Prediction (Multi-Image): 18
  -> Result: ? CORRECT

[1670/3633] Processing: okc-vs-mia-0022400375_385-track_21743 | True Jersey: 5
  -> Final Prediction (Multi-Image): 5
  -> Result: ? CORRECT

[1671/3633] Processing: mil-vs-okc-0062400001_45-track_24775 | True Jersey: 8
  -> Final Prediction (Multi-Image): 6
  -> Result: ? INCORRECT (Ground Truth: 8)

[1672/3633] Processing: mem-vs-nop-0022400923_347-track_54961 | True Jersey: nan
  -> Final Prediction (Multi-Image): 10
  -> Result: ? INCORRECT (Ground Truth: nan)

[1673/3633] Processing: sas-vs-phi-0022400394_99-track_20348 | True Jersey: 5
  -> Final Prediction (Multi-Image): 5
  -> Result: ? CORRECT

[1674/3633] Processing: was-vs-cha-0022400860_266-track_59312 | True Jersey: 10
  -> Final Prediction (Multi-Image): 10
  -> Result: ? CORRECT

[1675/3633] Processing: sas-vs-phi-0022400394_406-track_55792 | True Jersey: 1
  -> Final Prediction (Multi-Image): 1
  -> Result: ? CORRECT

[1676/3633] Processing: min-vs-sas-0022401218_104-track_1282 | True Jersey: 54
  -> Final Prediction (Multi-Image): 1
  -> Result: ? INCORRECT (Ground Truth: 54)

[1677/3633] Processing: cle-vs-bkn-0022401224_31-track_18862 | True Jersey: 2
  -> Final Prediction (Multi-Image): 7
  -> Result: ? INCORRECT (Ground Truth: 2)

[1678/3633] Processing: sas-vs-phi-0022400394_288-track_30554 | True Jersey: 5
  -> Final Prediction (Multi-Image): 1
  -> Result: ? INCORRECT (Ground Truth: 5)

[1679/3633] Processing: nyk-vs-mia-0022400869_318-track_33415 | True Jersey: 2
  -> Final Prediction (Multi-Image): 2
  -> Result: ? CORRECT

[1680/3633] Processing: gsw-vs-phi-0022400864_220-track_4449 | True Jersey: 21
  -> Final Prediction (Multi-Image): 1
  -> Result: ? INCORRECT (Ground Truth: 21)

[1681/3633] Processing: bos-vs-was-0022401217_112-track_4077 | True Jersey: 1
  -> Final Prediction (Multi-Image): 1
  -> Result: ? CORRECT

[1682/3633] Processing: chi-vs-tor-0022401223_142-track_30369 | True Jersey: 30
  -> Final Prediction (Multi-Image): 3
  -> Result: ? INCORRECT (Ground Truth: 30)

[1683/3633] Processing: min-vs-sas-0022401218_175-track_39556 | True Jersey: 40
  -> Final Prediction (Multi-Image): 40
  -> Result: ? CORRECT

[1684/3633] Processing: det-vs-gsw-0022400919_452-track_16433 | True Jersey: 4
  -> Final Prediction (Multi-Image): 4
  -> Result: ? CORRECT

[1685/3633] Processing: was-vs-cha-0022400860_189-track_54346 | True Jersey: 8
  -> Final Prediction (Multi-Image): 8
  -> Result: ? CORRECT

[1686/3633] Processing: sac-vs-hou-0022400862_97-track_32353 | True Jersey: 41
  -> Final Prediction (Multi-Image): 41
  -> Result: ? CORRECT

[1687/3633] Processing: uta-vs-was-0022400894_75-track_2529 | True Jersey: 5
  -> Final Prediction (Multi-Image): 5
  -> Result: ? CORRECT

[1688/3633] Processing: cle-vs-bkn-0022401224_134-track_22413 | True Jersey: 35
  -> Final Prediction (Multi-Image): 25
  -> Result: ? INCORRECT (Ground Truth: 35)

[1689/3633] Processing: nop-vs-hou-0022400365_307-track_45900 | True Jersey: 10
  -> Final Prediction (Multi-Image): 10
  -> Result: ? CORRECT

[1690/3633] Processing: uta-vs-tor-0022400905_242-track_14461 | True Jersey: 14
  -> Final Prediction (Multi-Image): 11
  -> Result: ? INCORRECT (Ground Truth: 14)

[1691/3633] Processing: tor-vs-nyk-0022400397_25-track_19828 | True Jersey: 9
  -> Final Prediction (Multi-Image): 1
  -> Result: ? INCORRECT (Ground Truth: 9)

[1692/3633] Processing: nyk-vs-mia-0022400869_318-track_33445 | True Jersey: 45
  -> Final Prediction (Multi-Image): 45
  -> Result: ? CORRECT

[1693/3633] Processing: okc-vs-mia-0022400375_101-track_1610 | True Jersey: 13
  -> Final Prediction (Multi-Image): 13
  -> Result: ? CORRECT

[1694/3633] Processing: nop-vs-ind-0022401216_429-track_1794 | True Jersey: 0
  -> Final Prediction (Multi-Image): 0
  -> Result: ? CORRECT

[1695/3633] Processing: lac-vs-dal-0022400368_95-track_41442 | True Jersey: 21
  -> Final Prediction (Multi-Image): 21
  -> Result: ? CORRECT

[1696/3633] Processing: bos-vs-was-0022401217_111-track_28863 | True Jersey: 17
  -> Final Prediction (Multi-Image): 17
  -> Result: ? CORRECT

[1697/3633] Processing: den-vs-sac-0022401225_222-track_60610 | True Jersey: nan
  -> Final Prediction (Multi-Image): 1
  -> Result: ? INCORRECT (Ground Truth: nan)

[1698/3633] Processing: por-vs-phx-0022401219_24-track_884 | True Jersey: 21
  -> Final Prediction (Multi-Image): 21
  -> Result: ? CORRECT

[1699/3633] Processing: sas-vs-sac-0022400910_171-track_14625 | True Jersey: 41
  -> Final Prediction (Multi-Image): 41
  -> Result: ? CORRECT

[1700/3633] Processing: mia-vs-det-0022401221_336-track_47554 | True Jersey: 11
  -> Final Prediction (Multi-Image): 11
  -> Result: ? CORRECT

[1701/3633] Processing: sas-vs-mem-0022400863_109-track_29299 | True Jersey: 0
  -> Final Prediction (Multi-Image): 0
  -> Result: ? CORRECT

[1702/3633] Processing: cle-vs-bkn-0022401224_118-track_9399 | True Jersey: 2
  -> Final Prediction (Multi-Image): 45
  -> Result: ? INCORRECT (Ground Truth: 2)

[1703/3633] Processing: chi-vs-tor-0022401223_145-track_10809 | True Jersey: 9
  -> Final Prediction (Multi-Image): 9
  -> Result: ? CORRECT

[1704/3633] Processing: sac-vs-hou-0022400862_145-track_13168 | True Jersey: 10
  -> Final Prediction (Multi-Image): 10
  -> Result: ? CORRECT

[1705/3633] Processing: mil-vs-atl-0022400884_107-track_39505 | True Jersey: nan
  -> Final Prediction (Multi-Image): 10
  -> Result: ? INCORRECT (Ground Truth: nan)

[1706/3633] Processing: hou-vs-okc-0022400879_307-track_8871 | True Jersey: 0
  -> Final Prediction (Multi-Image): 0
  -> Result: ? CORRECT

[1707/3633] Processing: lac-vs-lal-0022400874_323-track_29013 | True Jersey: 5
  -> Final Prediction (Multi-Image): 5
  -> Result: ? CORRECT

[1708/3633] Processing: phx-vs-den-0022400402_158-track_53615 | True Jersey: 35
  -> Final Prediction (Multi-Image): 35
  -> Result: ? CORRECT

[1709/3633] Processing: hou-vs-okc-0022400879_170-track_53897 | True Jersey: 7
  -> Final Prediction (Multi-Image): 7
  -> Result: ? CORRECT

[1710/3633] Processing: cle-vs-chi-0022400886_187-track_62210 | True Jersey: nan
  -> Final Prediction (Multi-Image): 14
  -> Result: ? INCORRECT (Ground Truth: nan)

[1711/3633] Processing: chi-vs-bos-0022400363_330-track_57884 | True Jersey: 42
  -> Final Prediction (Multi-Image): 42
  -> Result: ? CORRECT

[1712/3633] Processing: uta-vs-tor-0022400905_242-track_14372 | True Jersey: nan
  -> Final Prediction (Multi-Image): 1
  -> Result: ? INCORRECT (Ground Truth: nan)

[1713/3633] Processing: hou-vs-okc-0022400879_170-track_53988 | True Jersey: 10
  -> Final Prediction (Multi-Image): 10
  -> Result: ? CORRECT

[1714/3633] Processing: gsw-vs-mem-0022400366_411-track_26201 | True Jersey: 32
  -> Final Prediction (Multi-Image): 3
  -> Result: ? INCORRECT (Ground Truth: 32)

[1715/3633] Processing: mem-vs-atl-0022400378_209-track_58747 | True Jersey: 5
  -> Final Prediction (Multi-Image): 5
  -> Result: ? CORRECT

[1716/3633] Processing: den-vs-sac-0022401225_355-track_32912 | True Jersey: 25
  -> Final Prediction (Multi-Image): 27
  -> Result: ? INCORRECT (Ground Truth: 25)

[1717/3633] Processing: was-vs-cha-0022400860_9-track_24596 | True Jersey: 5
  -> Final Prediction (Multi-Image): 5
  -> Result: ? CORRECT

[1718/3633] Processing: den-vs-bos-0022400866_307-track_21337 | True Jersey: 11
  -> Final Prediction (Multi-Image): 12
  -> Result: ? INCORRECT (Ground Truth: 11)

[1719/3633] Processing: gsw-vs-bkn-0022400901_325-track_25769 | True Jersey: 2
  -> Final Prediction (Multi-Image): 13
  -> Result: ? INCORRECT (Ground Truth: 2)

[1720/3633] Processing: det-vs-lac-0022400898_61-track_8259 | True Jersey: 7
  -> Final Prediction (Multi-Image): 10
  -> Result: ? INCORRECT (Ground Truth: 7)

[1721/3633] Processing: hou-vs-okc-0022400879_430-track_56661 | True Jersey: 3
  -> Final Prediction (Multi-Image): 3
  -> Result: ? CORRECT

[1722/3633] Processing: cle-vs-chi-0022400886_92-track_22521 | True Jersey: 15
  -> Final Prediction (Multi-Image): 15
  -> Result: ? CORRECT

[1723/3633] Processing: chi-vs-ind-0022400868_87-track_44838 | True Jersey: 3
  -> Final Prediction (Multi-Image): 1
  -> Result: ? INCORRECT (Ground Truth: 3)

[1724/3633] Processing: lac-vs-lal-0022400874_247-track_35227 | True Jersey: 55
  -> Final Prediction (Multi-Image): 55
  -> Result: ? CORRECT

[1725/3633] Processing: gsw-vs-phi-0022400864_233-track_37898 | True Jersey: 5
  -> Final Prediction (Multi-Image): 5
  -> Result: ? CORRECT

[1726/3633] Processing: mem-vs-nop-0022400923_190-track_22174 | True Jersey: 5
  -> Final Prediction (Multi-Image): 6
  -> Result: ? INCORRECT (Ground Truth: 5)

[1727/3633] Processing: nyk-vs-mia-0022400869_124-track_20763 | True Jersey: 2
  -> Final Prediction (Multi-Image): 2
  -> Result: ? CORRECT

[1728/3633] Processing: mil-vs-dal-0022400865_297-track_32190 | True Jersey: 0
  -> Final Prediction (Multi-Image): 0
  -> Result: ? CORRECT

[1729/3633] Processing: nop-vs-hou-0022400365_125-track_11198 | True Jersey: 4
  -> Final Prediction (Multi-Image): 4
  -> Result: ? CORRECT

[1730/3633] Processing: nyk-vs-mia-0022400869_368-track_57099 | True Jersey: 8
  -> Final Prediction (Multi-Image): 6
  -> Result: ? INCORRECT (Ground Truth: 8)

[1731/3633] Processing: gsw-vs-phi-0022400864_43-track_31889 | True Jersey: 30
  -> Final Prediction (Multi-Image): 11
  -> Result: ? INCORRECT (Ground Truth: 30)

[1732/3633] Processing: mem-vs-atl-0022400378_209-track_58768 | True Jersey: 1
  -> Final Prediction (Multi-Image): 10
  -> Result: ? INCORRECT (Ground Truth: 1)

[1733/3633] Processing: chi-vs-bos-0022400363_11-track_57156 | True Jersey: 4
  -> Final Prediction (Multi-Image): 4
  -> Result: ? CORRECT

[1734/3633] Processing: cle-vs-chi-0022400886_13-track_31566 | True Jersey: 12
  -> Final Prediction (Multi-Image): 12
  -> Result: ? CORRECT

[1735/3633] Processing: chi-vs-ind-0022400868_226-track_4802 | True Jersey: 14
  -> Final Prediction (Multi-Image): 14
  -> Result: ? CORRECT

[1736/3633] Processing: den-vs-por-0022400371_210-track_13352 | True Jersey: nan
  -> Final Prediction (Multi-Image): 11
  -> Result: ? INCORRECT (Ground Truth: nan)

[1737/3633] Processing: gsw-vs-nyk-0022400885_341-track_33178 | True Jersey: 5
  -> Final Prediction (Multi-Image): 5
  -> Result: ? CORRECT

[1738/3633] Processing: nyk-vs-mia-0022400869_368-track_57132 | True Jersey: nan
  -> Final Prediction (Multi-Image): 11
  -> Result: ? INCORRECT (Ground Truth: nan)

[1739/3633] Processing: uta-vs-was-0022400894_215-track_1405 | True Jersey: 32
  -> Final Prediction (Multi-Image): 32
  -> Result: ? CORRECT

[1740/3633] Processing: bos-vs-was-0022401217_112-track_4078 | True Jersey: 11
  -> Final Prediction (Multi-Image): 11
  -> Result: ? CORRECT

[1741/3633] Processing: gsw-vs-mem-0022400366_171-track_52867 | True Jersey: 1
  -> Final Prediction (Multi-Image): 2
  -> Result: ? INCORRECT (Ground Truth: 1)

[1742/3633] Processing: chi-vs-bos-0022400363_58-track_28501 | True Jersey: 0
  -> Final Prediction (Multi-Image): 0
  -> Result: ? CORRECT

[1743/3633] Processing: tor-vs-nyk-0022400397_109-track_17495 | True Jersey: 4
  -> Final Prediction (Multi-Image): 1
  -> Result: ? INCORRECT (Ground Truth: 4)

[1744/3633] Processing: phi-vs-cha-0022401222_146-track_50767 | True Jersey: 0
  -> Final Prediction (Multi-Image): 1
  -> Result: ? INCORRECT (Ground Truth: 0)

[1745/3633] Processing: sas-vs-sac-0022400910_274-track_46580 | True Jersey: 10
  -> Final Prediction (Multi-Image): 10
  -> Result: ? CORRECT

[1746/3633] Processing: det-vs-lac-0022400898_280-track_8246 | True Jersey: 2
  -> Final Prediction (Multi-Image): 2
  -> Result: ? CORRECT

[1747/3633] Processing: mia-vs-det-0022401221_241-track_14851 | True Jersey: 24
  -> Final Prediction (Multi-Image): 24
  -> Result: ? CORRECT

[1748/3633] Processing: chi-vs-tor-0022401223_273-track_45667 | True Jersey: 14
  -> Final Prediction (Multi-Image): 14
  -> Result: ? CORRECT

[1749/3633] Processing: cle-vs-chi-0022400886_422-track_24163 | True Jersey: 9
  -> Final Prediction (Multi-Image): 1
  -> Result: ? INCORRECT (Ground Truth: 9)

[1750/3633] Processing: chi-vs-ind-0022400868_304-track_7891 | True Jersey: 15
  -> Final Prediction (Multi-Image): 15
  -> Result: ? CORRECT

[1751/3633] Processing: gsw-vs-nyk-0022400885_353-track_13891 | True Jersey: 8
  -> Final Prediction (Multi-Image): 8
  -> Result: ? CORRECT

[1752/3633] Processing: cle-vs-chi-0022400886_13-track_31506 | True Jersey: 25
  -> Final Prediction (Multi-Image): 25
  -> Result: ? CORRECT

[1753/3633] Processing: phi-vs-min-0022400887_256-track_25984 | True Jersey: nan
  -> Final Prediction (Multi-Image): 1
  -> Result: ? INCORRECT (Ground Truth: nan)

[1754/3633] Processing: chi-vs-bos-0022400363_205-track_3042 | True Jersey: 8
  -> Final Prediction (Multi-Image): 2
  -> Result: ? INCORRECT (Ground Truth: 8)

[1755/3633] Processing: lac-vs-dal-0022400368_95-track_41293 | True Jersey: 00
  -> Final Prediction (Multi-Image): 00
  -> Result: ? CORRECT

[1756/3633] Processing: mil-vs-chi-0022400398_250-track_37570 | True Jersey: 44
  -> Final Prediction (Multi-Image): 14
  -> Result: ? INCORRECT (Ground Truth: 44)

[1757/3633] Processing: dal-vs-gsw-0022401228_95-track_26462 | True Jersey: 21
  -> Final Prediction (Multi-Image): 21
  -> Result: ? CORRECT

[1758/3633] Processing: mem-vs-nop-0022400923_190-track_22203 | True Jersey: nan
  -> Final Prediction (Multi-Image): 1
  -> Result: ? INCORRECT (Ground Truth: nan)

[1759/3633] Processing: bkn-vs-det-0022400861_145-track_55221 | True Jersey: 33
  -> Final Prediction (Multi-Image): 9
  -> Result: ? INCORRECT (Ground Truth: 33)

[1760/3633] Processing: det-vs-gsw-0022400919_54-track_37351 | True Jersey: nan
  -> Final Prediction (Multi-Image): 11
  -> Result: ? INCORRECT (Ground Truth: nan)

[1761/3633] Processing: nop-vs-hou-0022400365_307-track_45873 | True Jersey: 24
  -> Final Prediction (Multi-Image): 2
  -> Result: ? INCORRECT (Ground Truth: 24)

[1762/3633] Processing: lac-vs-lal-0022400874_247-track_35172 | True Jersey: 17
  -> Final Prediction (Multi-Image): 17
  -> Result: ? CORRECT

[1763/3633] Processing: was-vs-mil-0022400382_331-track_48263 | True Jersey: nan
  -> Final Prediction (Multi-Image): 1
  -> Result: ? INCORRECT (Ground Truth: nan)

[1764/3633] Processing: mem-vs-nop-0022400923_190-track_22173 | True Jersey: 13
  -> Final Prediction (Multi-Image): 13
  -> Result: ? CORRECT

[1765/3633] Processing: uta-vs-lac-0022401226_115-track_60904 | True Jersey: 77
  -> Final Prediction (Multi-Image): 11
  -> Result: ? INCORRECT (Ground Truth: 77)

[1766/3633] Processing: cle-vs-bkn-0022401224_118-track_9383 | True Jersey: 33
  -> Final Prediction (Multi-Image): 13
  -> Result: ? INCORRECT (Ground Truth: 33)

[1767/3633] Processing: mem-vs-lal-0022401220_156-track_58532 | True Jersey: nan
  -> Final Prediction (Multi-Image): 1
  -> Result: ? INCORRECT (Ground Truth: nan)

[1768/3633] Processing: min-vs-den-0022400952_254-track_45665 | True Jersey: 9
  -> Final Prediction (Multi-Image): 1
  -> Result: ? INCORRECT (Ground Truth: 9)

[1769/3633] Processing: cle-vs-chi-0022400886_265-track_8451 | True Jersey: 22
  -> Final Prediction (Multi-Image): 23
  -> Result: ? INCORRECT (Ground Truth: 22)

[1770/3633] Processing: gsw-vs-mem-0022400366_388-track_54772 | True Jersey: 46
  -> Final Prediction (Multi-Image): 46
  -> Result: ? CORRECT

[1771/3633] Processing: chi-vs-bos-0022400363_357-track_3463 | True Jersey: 11
  -> Final Prediction (Multi-Image): 10
  -> Result: ? INCORRECT (Ground Truth: 11)

[1772/3633] Processing: was-vs-cha-0022400860_297-track_26783 | True Jersey: 0
  -> Final Prediction (Multi-Image): 0
  -> Result: ? CORRECT

[1773/3633] Processing: bos-vs-was-0022401217_370-track_8057 | True Jersey: 9
  -> Final Prediction (Multi-Image): 9
  -> Result: ? CORRECT

[1774/3633] Processing: phi-vs-cha-0022401222_405-track_7094 | True Jersey: 11
  -> Final Prediction (Multi-Image): 11
  -> Result: ? CORRECT

[1775/3633] Processing: phx-vs-den-0022400402_55-track_34953 | True Jersey: 35
  -> Final Prediction (Multi-Image): 35
  -> Result: ? CORRECT

[1776/3633] Processing: was-vs-mil-0022400382_236-track_34896 | True Jersey: 9
  -> Final Prediction (Multi-Image): 8
  -> Result: ? INCORRECT (Ground Truth: 9)

[1777/3633] Processing: tor-vs-orl-0022400870_282-track_41691 | True Jersey: 5
  -> Final Prediction (Multi-Image): 5
  -> Result: ? CORRECT

[1778/3633] Processing: den-vs-sac-0022401225_355-track_32972 | True Jersey: 5
  -> Final Prediction (Multi-Image): 1
  -> Result: ? INCORRECT (Ground Truth: 5)

[1779/3633] Processing: chi-vs-ind-0022400868_2-track_13135 | True Jersey: 2
  -> Final Prediction (Multi-Image): 2
  -> Result: ? CORRECT

[1780/3633] Processing: min-vs-sas-0022401218_175-track_39558 | True Jersey: 10
  -> Final Prediction (Multi-Image): 0
  -> Result: ? INCORRECT (Ground Truth: 10)

[1781/3633] Processing: nop-vs-ind-0022401216_429-track_1765 | True Jersey: 5
  -> Final Prediction (Multi-Image): 5
  -> Result: ? CORRECT

[1782/3633] Processing: cle-vs-chi-0022400886_383-track_59479 | True Jersey: 0
  -> Final Prediction (Multi-Image): 1
  -> Result: ? INCORRECT (Ground Truth: 0)

[1783/3633] Processing: bkn-vs-det-0022400861_15-track_53370 | True Jersey: 7
  -> Final Prediction (Multi-Image): 8
  -> Result: ? INCORRECT (Ground Truth: 7)

[1784/3633] Processing: mil-vs-chi-0022400398_130-track_25668 | True Jersey: 25
  -> Final Prediction (Multi-Image): 23
  -> Result: ? INCORRECT (Ground Truth: 25)

[1785/3633] Processing: chi-vs-tor-0022401223_47-track_6692 | True Jersey: 3
  -> Final Prediction (Multi-Image): 3
  -> Result: ? CORRECT

[1786/3633] Processing: det-vs-lac-0022400898_61-track_8330 | True Jersey: 17
  -> Final Prediction (Multi-Image): 1
  -> Result: ? INCORRECT (Ground Truth: 17)

[1787/3633] Processing: phi-vs-uta-0022400433_140-track_61652 | True Jersey: nan
  -> Final Prediction (Multi-Image): 14
  -> Result: ? INCORRECT (Ground Truth: nan)

[1788/3633] Processing: cle-vs-chi-0022400886_364-track_44838 | True Jersey: 15
  -> Final Prediction (Multi-Image): 15
  -> Result: ? CORRECT

[1789/3633] Processing: chi-vs-bos-0022400363_11-track_57211 | True Jersey: 9
  -> Final Prediction (Multi-Image): 9
  -> Result: ? CORRECT

[1790/3633] Processing: chi-vs-ind-0022400868_293-track_19705 | True Jersey: 1
  -> Final Prediction (Multi-Image): 1
  -> Result: ? CORRECT

[1791/3633] Processing: mem-vs-nop-0022400923_196-track_31632 | True Jersey: 1
  -> Final Prediction (Multi-Image): 14
  -> Result: ? INCORRECT (Ground Truth: 1)

[1792/3633] Processing: det-vs-por-0022400926_441-track_40828 | True Jersey: 0
  -> Final Prediction (Multi-Image): 0
  -> Result: ? CORRECT

[1793/3633] Processing: nyk-vs-orl-0022401227_70-track_5418 | True Jersey: 0
  -> Final Prediction (Multi-Image): 10
  -> Result: ? INCORRECT (Ground Truth: 0)

[1794/3633] Processing: gsw-vs-nyk-0022400885_313-track_37273 | True Jersey: 5
  -> Final Prediction (Multi-Image): 5
  -> Result: ? CORRECT

[1795/3633] Processing: gsw-vs-phi-0022400864_83-track_30533 | True Jersey: 7
  -> Final Prediction (Multi-Image): 11
  -> Result: ? INCORRECT (Ground Truth: 7)

[1796/3633] Processing: det-vs-lac-0022400898_328-track_40279 | True Jersey: 1
  -> Final Prediction (Multi-Image): 1
  -> Result: ? CORRECT

[1797/3633] Processing: phi-vs-cha-0022401222_92-track_44196 | True Jersey: 1
  -> Final Prediction (Multi-Image): 1
  -> Result: ? CORRECT

[1798/3633] Processing: mem-vs-lal-0022401220_451-track_1503 | True Jersey: 10
  -> Final Prediction (Multi-Image): 10
  -> Result: ? CORRECT

[1799/3633] Processing: phx-vs-den-0022400402_158-track_53610 | True Jersey: 23
  -> Final Prediction (Multi-Image): 23
  -> Result: ? CORRECT

[1800/3633] Processing: hou-vs-okc-0022400879_43-track_41194 | True Jersey: 4
  -> Final Prediction (Multi-Image): 4
  -> Result: ? CORRECT

[1801/3633] Processing: bkn-vs-det-0022400861_145-track_55185 | True Jersey: 3
  -> Final Prediction (Multi-Image): 1
  -> Result: ? INCORRECT (Ground Truth: 3)

[1802/3633] Processing: sas-vs-sac-0022400910_72-track_1640 | True Jersey: 0
  -> Final Prediction (Multi-Image): 0
  -> Result: ? CORRECT

[1803/3633] Processing: mil-vs-okc-0062400001_45-track_24778 | True Jersey: nan
  -> Final Prediction (Multi-Image): 1
  -> Result: ? INCORRECT (Ground Truth: nan)

[1804/3633] Processing: phx-vs-den-0022400402_158-track_53620 | True Jersey: 00
  -> Final Prediction (Multi-Image): 0
  -> Result: ? INCORRECT (Ground Truth: 00)

[1805/3633] Processing: gsw-vs-bkn-0022400901_282-track_48911 | True Jersey: 7
  -> Final Prediction (Multi-Image): 7
  -> Result: ? CORRECT

[1806/3633] Processing: mil-vs-okc-0062400001_71-track_9800 | True Jersey: 22
  -> Final Prediction (Multi-Image): 1
  -> Result: ? INCORRECT (Ground Truth: 22)

[1807/3633] Processing: nop-vs-hou-0022400365_307-track_45953 | True Jersey: 15
  -> Final Prediction (Multi-Image): 1
  -> Result: ? INCORRECT (Ground Truth: 15)

[1808/3633] Processing: orl-vs-mil-0022400917_170-track_9916 | True Jersey: 3
  -> Final Prediction (Multi-Image): 3
  -> Result: ? CORRECT

[1809/3633] Processing: phi-vs-min-0022400887_256-track_25933 | True Jersey: 5
  -> Final Prediction (Multi-Image): 5
  -> Result: ? CORRECT

[1810/3633] Processing: uta-vs-tor-0022400905_434-track_50517 | True Jersey: 28
  -> Final Prediction (Multi-Image): 29
  -> Result: ? INCORRECT (Ground Truth: 28)

[1811/3633] Processing: bkn-vs-det-0022400861_393-track_57666 | True Jersey: 13
  -> Final Prediction (Multi-Image): 13
  -> Result: ? CORRECT

[1812/3633] Processing: nop-vs-uta-0022400872_365-track_18542 | True Jersey: 3
  -> Final Prediction (Multi-Image): 3
  -> Result: ? CORRECT

[1813/3633] Processing: bos-vs-was-0022401217_35-track_36231 | True Jersey: 9
  -> Final Prediction (Multi-Image): 9
  -> Result: ? CORRECT

[1814/3633] Processing: bos-vs-was-0022401217_112-track_4079 | True Jersey: 30
  -> Final Prediction (Multi-Image): 30
  -> Result: ? CORRECT

[1815/3633] Processing: mem-vs-lal-0022401220_343-track_52581 | True Jersey: 7
  -> Final Prediction (Multi-Image): 7
  -> Result: ? CORRECT

[1816/3633] Processing: lac-vs-lal-0022400874_374-track_54134 | True Jersey: 4
  -> Final Prediction (Multi-Image): 77
  -> Result: ? INCORRECT (Ground Truth: 4)

[1817/3633] Processing: cle-vs-bkn-0022401224_257-track_15397 | True Jersey: 10
  -> Final Prediction (Multi-Image): 10
  -> Result: ? CORRECT

[1818/3633] Processing: mem-vs-atl-0022400378_124-track_21063 | True Jersey: 13
  -> Final Prediction (Multi-Image): 1
  -> Result: ? INCORRECT (Ground Truth: 13)

[1819/3633] Processing: uta-vs-tor-0022400905_151-track_53167 | True Jersey: 0
  -> Final Prediction (Multi-Image): 0
  -> Result: ? CORRECT

[1820/3633] Processing: okc-vs-mia-0022400375_358-track_7963 | True Jersey: 55
  -> Final Prediction (Multi-Image): 65
  -> Result: ? INCORRECT (Ground Truth: 55)

[1821/3633] Processing: chi-vs-bos-0022400363_357-track_3320 | True Jersey: nan
  -> Final Prediction (Multi-Image): 1
  -> Result: ? INCORRECT (Ground Truth: nan)

[1822/3633] Processing: nyk-vs-orl-0022401227_49-track_21717 | True Jersey: 11
  -> Final Prediction (Multi-Image): 10
  -> Result: ? INCORRECT (Ground Truth: 11)

[1823/3633] Processing: mem-vs-lal-0022401220_343-track_52556 | True Jersey: 7
  -> Final Prediction (Multi-Image): 7
  -> Result: ? CORRECT

[1824/3633] Processing: lac-vs-dal-0022400368_169-track_49069 | True Jersey: 24
  -> Final Prediction (Multi-Image): 24
  -> Result: ? CORRECT

[1825/3633] Processing: gsw-vs-mem-0022400366_149-track_34057 | True Jersey: 10
  -> Final Prediction (Multi-Image): 10
  -> Result: ? CORRECT

[1826/3633] Processing: mem-vs-lal-0022401220_451-track_1477 | True Jersey: 28
  -> Final Prediction (Multi-Image): 23
  -> Result: ? INCORRECT (Ground Truth: 28)

[1827/3633] Processing: sas-vs-sac-0022400910_190-track_25127 | True Jersey: nan
  -> Final Prediction (Multi-Image): 8
  -> Result: ? INCORRECT (Ground Truth: nan)

[1828/3633] Processing: den-vs-sac-0022401225_393-track_24529 | True Jersey: 0
  -> Final Prediction (Multi-Image): 0
  -> Result: ? CORRECT

[1829/3633] Processing: sas-vs-sac-0022400910_190-track_25077 | True Jersey: 24
  -> Final Prediction (Multi-Image): 24
  -> Result: ? CORRECT

[1830/3633] Processing: nop-vs-ind-0022401216_23-track_40091 | True Jersey: 00
  -> Final Prediction (Multi-Image): 0
  -> Result: ? INCORRECT (Ground Truth: 00)

[1831/3633] Processing: chi-vs-tor-0022401223_198-track_52413 | True Jersey: 1
  -> Final Prediction (Multi-Image): 3
  -> Result: ? INCORRECT (Ground Truth: 1)

[1832/3633] Processing: chi-vs-tor-0022401223_145-track_11124 | True Jersey: 11
  -> Final Prediction (Multi-Image): 11
  -> Result: ? CORRECT

[1833/3633] Processing: hou-vs-okc-0022400879_299-track_56113 | True Jersey: 19
  -> Final Prediction (Multi-Image): 28
  -> Result: ? INCORRECT (Ground Truth: 19)

[1834/3633] Processing: gsw-vs-nyk-0022400885_341-track_33217 | True Jersey: 25
  -> Final Prediction (Multi-Image): 25
  -> Result: ? CORRECT

[1835/3633] Processing: gsw-vs-mem-0022400366_411-track_26342 | True Jersey: 46
  -> Final Prediction (Multi-Image): 44
  -> Result: ? INCORRECT (Ground Truth: 46)

[1836/3633] Processing: chi-vs-tor-0022401223_226-track_18321 | True Jersey: 9
  -> Final Prediction (Multi-Image): 9
  -> Result: ? CORRECT

[1837/3633] Processing: sas-vs-phi-0022400394_288-track_30558 | True Jersey: 8
  -> Final Prediction (Multi-Image): 6
  -> Result: ? INCORRECT (Ground Truth: 8)

[1838/3633] Processing: okc-vs-mia-0022400375_144-track_4381 | True Jersey: 55
  -> Final Prediction (Multi-Image): 55
  -> Result: ? CORRECT

[1839/3633] Processing: cle-vs-bkn-0022401224_155-track_32472 | True Jersey: 2
  -> Final Prediction (Multi-Image): 2
  -> Result: ? CORRECT

[1840/3633] Processing: por-vs-cle-0022400867_132-track_28480 | True Jersey: nan
  -> Final Prediction (Multi-Image): 8
  -> Result: ? INCORRECT (Ground Truth: nan)

[1841/3633] Processing: phi-vs-cha-0022401222_403-track_34224 | True Jersey: 23
  -> Final Prediction (Multi-Image): 23
  -> Result: ? CORRECT

[1842/3633] Processing: phi-vs-cha-0022401222_405-track_7073 | True Jersey: nan
  -> Final Prediction (Multi-Image): 10
  -> Result: ? INCORRECT (Ground Truth: nan)

[1843/3633] Processing: mil-vs-atl-0022400884_127-track_43082 | True Jersey: 18
  -> Final Prediction (Multi-Image): 14
  -> Result: ? INCORRECT (Ground Truth: 18)

[1844/3633] Processing: gsw-vs-bkn-0022400901_161-track_10725 | True Jersey: 7
  -> Final Prediction (Multi-Image): 7
  -> Result: ? CORRECT

[1845/3633] Processing: det-vs-lac-0022400898_61-track_8264 | True Jersey: nan
  -> Final Prediction (Multi-Image): 1
  -> Result: ? INCORRECT (Ground Truth: nan)

[1846/3633] Processing: mil-vs-dal-0022400865_141-track_2479 | True Jersey: 5
  -> Final Prediction (Multi-Image): 5
  -> Result: ? CORRECT

[1847/3633] Processing: cle-vs-chi-0022400886_422-track_24263 | True Jersey: 35
  -> Final Prediction (Multi-Image): 35
  -> Result: ? CORRECT

[1848/3633] Processing: nop-vs-uta-0022400872_126-track_39833 | True Jersey: 11
  -> Final Prediction (Multi-Image): 11
  -> Result: ? CORRECT

[1849/3633] Processing: sas-vs-sac-0022400910_115-track_6578 | True Jersey: 4
  -> Final Prediction (Multi-Image): 1
  -> Result: ? INCORRECT (Ground Truth: 4)

[1850/3633] Processing: lac-vs-lal-0022400874_106-track_4958 | True Jersey: 55
  -> Final Prediction (Multi-Image): 55
  -> Result: ? CORRECT

[1851/3633] Processing: orl-vs-mil-0022400917_170-track_9909 | True Jersey: 50
  -> Final Prediction (Multi-Image): 50
  -> Result: ? CORRECT

[1852/3633] Processing: mem-vs-lal-0022401220_451-track_1501 | True Jersey: 23
  -> Final Prediction (Multi-Image): 23
  -> Result: ? CORRECT

[1853/3633] Processing: sas-vs-sac-0022400910_115-track_6582 | True Jersey: 22
  -> Final Prediction (Multi-Image): 12
  -> Result: ? INCORRECT (Ground Truth: 22)

[1854/3633] Processing: den-vs-sac-0022401225_310-track_33589 | True Jersey: 15
  -> Final Prediction (Multi-Image): 15
  -> Result: ? CORRECT

[1855/3633] Processing: nop-vs-uta-0022400872_242-track_41043 | True Jersey: 25
  -> Final Prediction (Multi-Image): 25
  -> Result: ? CORRECT

[1856/3633] Processing: lac-vs-lal-0022400874_374-track_54169 | True Jersey: 40
  -> Final Prediction (Multi-Image): 8
  -> Result: ? INCORRECT (Ground Truth: 40)

[1857/3633] Processing: mem-vs-lal-0022401220_174-track_51986 | True Jersey: 22
  -> Final Prediction (Multi-Image): 22
  -> Result: ? CORRECT

[1858/3633] Processing: cle-vs-bkn-0022401224_272-track_33342 | True Jersey: 3
  -> Final Prediction (Multi-Image): 3
  -> Result: ? CORRECT

[1859/3633] Processing: nyk-vs-mia-0022400869_368-track_57112 | True Jersey: 14
  -> Final Prediction (Multi-Image): 14
  -> Result: ? CORRECT

[1860/3633] Processing: hou-vs-okc-0022400879_329-track_47019 | True Jersey: 3
  -> Final Prediction (Multi-Image): 1
  -> Result: ? INCORRECT (Ground Truth: 3)

[1861/3633] Processing: phi-vs-min-0022400887_84-track_16330 | True Jersey: 11
  -> Final Prediction (Multi-Image): 11
  -> Result: ? CORRECT

[1862/3633] Processing: mem-vs-nop-0022400923_293-track_27531 | True Jersey: nan
  -> Final Prediction (Multi-Image): 11
  -> Result: ? INCORRECT (Ground Truth: nan)

[1863/3633] Processing: gsw-vs-bkn-0022400901_265-track_32837 | True Jersey: 8
  -> Final Prediction (Multi-Image): 8
  -> Result: ? CORRECT

[1864/3633] Processing: okc-vs-mia-0022400375_101-track_1451 | True Jersey: 21
  -> Final Prediction (Multi-Image): 21
  -> Result: ? CORRECT

[1865/3633] Processing: mia-vs-det-0022401221_153-track_19192 | True Jersey: 14
  -> Final Prediction (Multi-Image): 1
  -> Result: ? INCORRECT (Ground Truth: 14)

[1866/3633] Processing: mil-vs-cle-0022400374_321-track_14681 | True Jersey: 5
  -> Final Prediction (Multi-Image): 5
  -> Result: ? CORRECT

[1867/3633] Processing: chi-vs-tor-0022401223_145-track_11022 | True Jersey: 1
  -> Final Prediction (Multi-Image): 1
  -> Result: ? CORRECT

[1868/3633] Processing: phx-vs-den-0022400402_158-track_53604 | True Jersey: 0
  -> Final Prediction (Multi-Image): 0
  -> Result: ? CORRECT

[1869/3633] Processing: min-vs-sas-0022401218_175-track_39579 | True Jersey: nan
  -> Final Prediction (Multi-Image): nan
  -> Result: ? CORRECT

[1870/3633] Processing: chi-vs-tor-0022401223_263-track_14114 | True Jersey: 45
  -> Final Prediction (Multi-Image): 45
  -> Result: ? CORRECT

[1871/3633] Processing: mil-vs-atl-0022400884_127-track_43033 | True Jersey: 3
  -> Final Prediction (Multi-Image): 3
  -> Result: ? CORRECT

[1872/3633] Processing: gsw-vs-phi-0022400864_150-track_6358 | True Jersey: 11
  -> Final Prediction (Multi-Image): 11
  -> Result: ? CORRECT

[1873/3633] Processing: sac-vs-hou-0022400862_261-track_8868 | True Jersey: 23
  -> Final Prediction (Multi-Image): 23
  -> Result: ? CORRECT

[1874/3633] Processing: was-vs-cha-0022400860_297-track_26981 | True Jersey: 7
  -> Final Prediction (Multi-Image): 1
  -> Result: ? INCORRECT (Ground Truth: 7)

[1875/3633] Processing: mem-vs-atl-0022400378_208-track_30165 | True Jersey: 27
  -> Final Prediction (Multi-Image): 27
  -> Result: ? CORRECT

[1876/3633] Processing: cle-vs-chi-0022400886_422-track_24159 | True Jersey: 24
  -> Final Prediction (Multi-Image): 11
  -> Result: ? INCORRECT (Ground Truth: 24)

[1877/3633] Processing: gsw-vs-mem-0022400366_12-track_46757 | True Jersey: 5
  -> Final Prediction (Multi-Image): 5
  -> Result: ? CORRECT

[1878/3633] Processing: mil-vs-okc-0062400001_45-track_24828 | True Jersey: 2
  -> Final Prediction (Multi-Image): 2
  -> Result: ? CORRECT

[1879/3633] Processing: hou-vs-okc-0022400879_1-track_34030 | True Jersey: nan
  -> Final Prediction (Multi-Image): 10
  -> Result: ? INCORRECT (Ground Truth: nan)

[1880/3633] Processing: gsw-vs-mem-0022400366_411-track_26306 | True Jersey: 00
  -> Final Prediction (Multi-Image): 10
  -> Result: ? INCORRECT (Ground Truth: 00)

[1881/3633] Processing: mia-vs-det-0022401221_336-track_47566 | True Jersey: 12
  -> Final Prediction (Multi-Image): 12
  -> Result: ? CORRECT

[1882/3633] Processing: gsw-vs-phi-0022400864_43-track_31828 | True Jersey: 8
  -> Final Prediction (Multi-Image): 8
  -> Result: ? CORRECT

[1883/3633] Processing: sas-vs-sac-0022400910_220-track_21558 | True Jersey: 13
  -> Final Prediction (Multi-Image): 13
  -> Result: ? CORRECT

[1884/3633] Processing: mil-vs-okc-0062400001_4-track_20150 | True Jersey: 44
  -> Final Prediction (Multi-Image): 44
  -> Result: ? CORRECT

[1885/3633] Processing: gsw-vs-mem-0022400366_388-track_54770 | True Jersey: 00
  -> Final Prediction (Multi-Image): 10
  -> Result: ? INCORRECT (Ground Truth: 00)

[1886/3633] Processing: phi-vs-cha-0022401222_146-track_50817 | True Jersey: 00
  -> Final Prediction (Multi-Image): 22
  -> Result: ? INCORRECT (Ground Truth: 00)

[1887/3633] Processing: tor-vs-orl-0022400870_13-track_28026 | True Jersey: nan
  -> Final Prediction (Multi-Image): 10
  -> Result: ? INCORRECT (Ground Truth: nan)

[1888/3633] Processing: sac-vs-hou-0022400862_261-track_8850 | True Jersey: 41
  -> Final Prediction (Multi-Image): 10
  -> Result: ? INCORRECT (Ground Truth: 41)

[1889/3633] Processing: nop-vs-hou-0022400365_307-track_45836 | True Jersey: 3
  -> Final Prediction (Multi-Image): 3
  -> Result: ? CORRECT

[1890/3633] Processing: gsw-vs-bkn-0022400901_14-track_20834 | True Jersey: 24
  -> Final Prediction (Multi-Image): 24
  -> Result: ? CORRECT

[1891/3633] Processing: gsw-vs-bkn-0022400901_296-track_10396 | True Jersey: 28
  -> Final Prediction (Multi-Image): 1
  -> Result: ? INCORRECT (Ground Truth: 28)

[1892/3633] Processing: mil-vs-cle-0022400374_321-track_14674 | True Jersey: nan
  -> Final Prediction (Multi-Image): 1
  -> Result: ? INCORRECT (Ground Truth: nan)

[1893/3633] Processing: mil-vs-okc-0062400001_4-track_20239 | True Jersey: 0
  -> Final Prediction (Multi-Image): 77
  -> Result: ? INCORRECT (Ground Truth: 0)

[1894/3633] Processing: den-vs-sac-0022401225_393-track_24525 | True Jersey: 20
  -> Final Prediction (Multi-Image): 10
  -> Result: ? INCORRECT (Ground Truth: 20)

[1895/3633] Processing: chi-vs-bos-0022400363_51-track_17368 | True Jersey: 14
  -> Final Prediction (Multi-Image): 14
  -> Result: ? CORRECT

[1896/3633] Processing: gsw-vs-mem-0022400366_388-track_54781 | True Jersey: nan
  -> Final Prediction (Multi-Image): 1
  -> Result: ? INCORRECT (Ground Truth: nan)

[1897/3633] Processing: cle-vs-chi-0022400886_187-track_62148 | True Jersey: 12
  -> Final Prediction (Multi-Image): 12
  -> Result: ? CORRECT

[1898/3633] Processing: min-vs-den-0022400952_186-track_49163 | True Jersey: 0
  -> Final Prediction (Multi-Image): 0
  -> Result: ? CORRECT

[1899/3633] Processing: por-vs-phx-0022401219_114-track_33097 | True Jersey: 35
  -> Final Prediction (Multi-Image): 15
  -> Result: ? INCORRECT (Ground Truth: 35)

[1900/3633] Processing: chi-vs-ind-0022400868_291-track_11349 | True Jersey: 3
  -> Final Prediction (Multi-Image): 3
  -> Result: ? CORRECT

[1901/3633] Processing: chi-vs-bos-0022400363_11-track_57150 | True Jersey: 9
  -> Final Prediction (Multi-Image): 8
  -> Result: ? INCORRECT (Ground Truth: 9)

[1902/3633] Processing: gsw-vs-phi-0022400864_83-track_30441 | True Jersey: 5
  -> Final Prediction (Multi-Image): 5
  -> Result: ? CORRECT

[1903/3633] Processing: sac-vs-hou-0022400862_212-track_24072 | True Jersey: 17
  -> Final Prediction (Multi-Image): 10
  -> Result: ? INCORRECT (Ground Truth: 17)

[1904/3633] Processing: chi-vs-tor-0022401223_253-track_27180 | True Jersey: 44
  -> Final Prediction (Multi-Image): 10
  -> Result: ? INCORRECT (Ground Truth: 44)

[1905/3633] Processing: hou-vs-okc-0022400879_307-track_8979 | True Jersey: 7
  -> Final Prediction (Multi-Image): 7
  -> Result: ? CORRECT

[1906/3633] Processing: nyk-vs-mia-0022400869_368-track_57119 | True Jersey: 55
  -> Final Prediction (Multi-Image): 55
  -> Result: ? CORRECT

[1907/3633] Processing: okc-vs-mia-0022400375_144-track_4424 | True Jersey: 5
  -> Final Prediction (Multi-Image): 6
  -> Result: ? INCORRECT (Ground Truth: 5)

[1908/3633] Processing: hou-vs-okc-0022400879_170-track_53921 | True Jersey: 22
  -> Final Prediction (Multi-Image): 22
  -> Result: ? CORRECT

[1909/3633] Processing: gsw-vs-bkn-0022400901_161-track_10727 | True Jersey: 13
  -> Final Prediction (Multi-Image): 11
  -> Result: ? INCORRECT (Ground Truth: 13)

[1910/3633] Processing: nop-vs-ind-0022401216_293-track_16545 | True Jersey: 5
  -> Final Prediction (Multi-Image): 5
  -> Result: ? CORRECT

[1911/3633] Processing: min-vs-den-0022400952_186-track_49243 | True Jersey: 0
  -> Final Prediction (Multi-Image): 0
  -> Result: ? CORRECT

[1912/3633] Processing: mil-vs-atl-0022400884_107-track_39510 | True Jersey: nan
  -> Final Prediction (Multi-Image): 11
  -> Result: ? INCORRECT (Ground Truth: nan)

[1913/3633] Processing: gsw-vs-mem-0022400366_77-track_35376 | True Jersey: 7
  -> Final Prediction (Multi-Image): 1
  -> Result: ? INCORRECT (Ground Truth: 7)

[1914/3633] Processing: cle-vs-bkn-0022401224_134-track_22360 | True Jersey: 2
  -> Final Prediction (Multi-Image): 2
  -> Result: ? CORRECT

[1915/3633] Processing: nyk-vs-min-0022400367_284-track_13927 | True Jersey: 4
  -> Final Prediction (Multi-Image): 4
  -> Result: ? CORRECT

[1916/3633] Processing: min-vs-den-0022400952_254-track_45579 | True Jersey: 27
  -> Final Prediction (Multi-Image): 21
  -> Result: ? INCORRECT (Ground Truth: 27)

[1917/3633] Processing: okc-vs-mia-0022400375_358-track_7928 | True Jersey: 12
  -> Final Prediction (Multi-Image): 2
  -> Result: ? INCORRECT (Ground Truth: 12)

[1918/3633] Processing: uta-vs-lac-0022401226_299-track_41665 | True Jersey: 20
  -> Final Prediction (Multi-Image): 20
  -> Result: ? CORRECT

[1919/3633] Processing: nop-vs-hou-0022400365_307-track_45856 | True Jersey: 0
  -> Final Prediction (Multi-Image): 1
  -> Result: ? INCORRECT (Ground Truth: 0)

[1920/3633] Processing: cle-vs-chi-0022400886_364-track_44839 | True Jersey: 2
  -> Final Prediction (Multi-Image): 2
  -> Result: ? CORRECT

[1921/3633] Processing: den-vs-bos-0022400866_195-track_30779 | True Jersey: 40
  -> Final Prediction (Multi-Image): 40
  -> Result: ? CORRECT

[1922/3633] Processing: bkn-vs-det-0022400861_15-track_53438 | True Jersey: 7
  -> Final Prediction (Multi-Image): 7
  -> Result: ? CORRECT

[1923/3633] Processing: gsw-vs-bkn-0022400901_14-track_20861 | True Jersey: 45
  -> Final Prediction (Multi-Image): 45
  -> Result: ? CORRECT

[1924/3633] Processing: cle-vs-bkn-0022401224_377-track_40532 | True Jersey: 21
  -> Final Prediction (Multi-Image): 11
  -> Result: ? INCORRECT (Ground Truth: 21)

[1925/3633] Processing: gsw-vs-mem-0022400366_388-track_54776 | True Jersey: 15
  -> Final Prediction (Multi-Image): 1
  -> Result: ? INCORRECT (Ground Truth: 15)

[1926/3633] Processing: was-vs-mil-0022400382_331-track_48264 | True Jersey: nan
  -> Final Prediction (Multi-Image): 14
  -> Result: ? INCORRECT (Ground Truth: nan)

[1927/3633] Processing: gsw-vs-mem-0022400366_12-track_46755 | True Jersey: 30
  -> Final Prediction (Multi-Image): 30
  -> Result: ? CORRECT

[1928/3633] Processing: uta-vs-tor-0022400905_242-track_14336 | True Jersey: 24
  -> Final Prediction (Multi-Image): 24
  -> Result: ? CORRECT

[1929/3633] Processing: mil-vs-cle-0022400374_316-track_29990 | True Jersey: 13
  -> Final Prediction (Multi-Image): 13
  -> Result: ? CORRECT

[1930/3633] Processing: cle-vs-chi-0022400886_383-track_59461 | True Jersey: 0
  -> Final Prediction (Multi-Image): 0
  -> Result: ? CORRECT

[1931/3633] Processing: cle-vs-bkn-0022401224_377-track_40530 | True Jersey: 13
  -> Final Prediction (Multi-Image): 13
  -> Result: ? CORRECT

[1932/3633] Processing: den-vs-sac-0022401225_310-track_33565 | True Jersey: 3
  -> Final Prediction (Multi-Image): 3
  -> Result: ? CORRECT

[1933/3633] Processing: mia-vs-det-0022401221_336-track_47555 | True Jersey: 13
  -> Final Prediction (Multi-Image): 13
  -> Result: ? CORRECT

[1934/3633] Processing: mem-vs-lal-0022401220_451-track_1555 | True Jersey: 3
  -> Final Prediction (Multi-Image): 23
  -> Result: ? INCORRECT (Ground Truth: 3)

[1935/3633] Processing: min-vs-den-0022400952_126-track_7729 | True Jersey: 27
  -> Final Prediction (Multi-Image): 27
  -> Result: ? CORRECT

[1936/3633] Processing: was-vs-cha-0022400860_266-track_59241 | True Jersey: nan
  -> Final Prediction (Multi-Image): 1
  -> Result: ? INCORRECT (Ground Truth: nan)

[1937/3633] Processing: nyk-vs-orl-0022401227_5-track_18321 | True Jersey: 25
  -> Final Prediction (Multi-Image): 25
  -> Result: ? CORRECT

[1938/3633] Processing: chi-vs-bos-0022400363_51-track_17359 | True Jersey: 8
  -> Final Prediction (Multi-Image): 8
  -> Result: ? CORRECT

[1939/3633] Processing: min-vs-sas-0022401218_207-track_14551 | True Jersey: 3
  -> Final Prediction (Multi-Image): 1
  -> Result: ? INCORRECT (Ground Truth: 3)

[1940/3633] Processing: mil-vs-cle-0022400374_321-track_14672 | True Jersey: 3
  -> Final Prediction (Multi-Image): 13
  -> Result: ? INCORRECT (Ground Truth: 3)

[1941/3633] Processing: gsw-vs-bkn-0022400901_14-track_20850 | True Jersey: 45
  -> Final Prediction (Multi-Image): 45
  -> Result: ? CORRECT

[1942/3633] Processing: mil-vs-chi-0022400398_130-track_25597 | True Jersey: 5
  -> Final Prediction (Multi-Image): 5
  -> Result: ? CORRECT

[1943/3633] Processing: nyk-vs-nop-0022400384_367-track_5799 | True Jersey: 20
  -> Final Prediction (Multi-Image): 1
  -> Result: ? INCORRECT (Ground Truth: 20)

[1944/3633] Processing: sas-vs-phi-0022400394_288-track_30597 | True Jersey: 1
  -> Final Prediction (Multi-Image): 1
  -> Result: ? CORRECT

[1945/3633] Processing: mil-vs-cle-0022400374_316-track_29912 | True Jersey: 15
  -> Final Prediction (Multi-Image): 15
  -> Result: ? CORRECT

[1946/3633] Processing: bkn-vs-det-0022400861_393-track_57672 | True Jersey: 33
  -> Final Prediction (Multi-Image): 33
  -> Result: ? CORRECT

[1947/3633] Processing: mil-vs-okc-0062400001_71-track_9869 | True Jersey: 2
  -> Final Prediction (Multi-Image): 2
  -> Result: ? CORRECT

[1948/3633] Processing: nyk-vs-mia-0022400869_368-track_57060 | True Jersey: 24
  -> Final Prediction (Multi-Image): 24
  -> Result: ? CORRECT

[1949/3633] Processing: gsw-vs-bkn-0022400901_325-track_25892 | True Jersey: 45
  -> Final Prediction (Multi-Image): 45
  -> Result: ? CORRECT

[1950/3633] Processing: chi-vs-ind-0022400868_304-track_7846 | True Jersey: 26
  -> Final Prediction (Multi-Image): 26
  -> Result: ? CORRECT

[1951/3633] Processing: chi-vs-bos-0022400363_398-track_44553 | True Jersey: 11
  -> Final Prediction (Multi-Image): 11
  -> Result: ? CORRECT

[1952/3633] Processing: den-vs-bos-0022400866_173-track_32135 | True Jersey: 40
  -> Final Prediction (Multi-Image): 10
  -> Result: ? INCORRECT (Ground Truth: 40)

[1953/3633] Processing: min-vs-sas-0022401218_207-track_14579 | True Jersey: 40
  -> Final Prediction (Multi-Image): 1
  -> Result: ? INCORRECT (Ground Truth: 40)

[1954/3633] Processing: lac-vs-lal-0022400874_247-track_35246 | True Jersey: 8
  -> Final Prediction (Multi-Image): 8
  -> Result: ? CORRECT

[1955/3633] Processing: mem-vs-atl-0022400378_321-track_10804 | True Jersey: 1
  -> Final Prediction (Multi-Image): 1
  -> Result: ? CORRECT

[1956/3633] Processing: den-vs-sac-0022401225_310-track_33584 | True Jersey: 0
  -> Final Prediction (Multi-Image): 0
  -> Result: ? CORRECT

[1957/3633] Processing: gsw-vs-nyk-0022400885_353-track_13912 | True Jersey: 4
  -> Final Prediction (Multi-Image): 4
  -> Result: ? CORRECT

[1958/3633] Processing: sas-vs-sac-0022400910_171-track_14663 | True Jersey: 13
  -> Final Prediction (Multi-Image): 13
  -> Result: ? CORRECT

[1959/3633] Processing: chi-vs-bos-0022400363_205-track_3043 | True Jersey: 4
  -> Final Prediction (Multi-Image): 4
  -> Result: ? CORRECT

[1960/3633] Processing: uta-vs-was-0022400894_338-track_12620 | True Jersey: 5
  -> Final Prediction (Multi-Image): 5
  -> Result: ? CORRECT

[1961/3633] Processing: lac-vs-dal-0022400368_169-track_49070 | True Jersey: 55
  -> Final Prediction (Multi-Image): 55
  -> Result: ? CORRECT

[1962/3633] Processing: mil-vs-okc-0062400001_45-track_24827 | True Jersey: 11
  -> Final Prediction (Multi-Image): 11
  -> Result: ? CORRECT

[1963/3633] Processing: gsw-vs-bkn-0022400901_325-track_25717 | True Jersey: 20
  -> Final Prediction (Multi-Image): 20
  -> Result: ? CORRECT

[1964/3633] Processing: mia-vs-det-0022401221_270-track_26772 | True Jersey: 14
  -> Final Prediction (Multi-Image): 14
  -> Result: ? CORRECT

[1965/3633] Processing: orl-vs-mil-0022400917_170-track_9919 | True Jersey: 12
  -> Final Prediction (Multi-Image): 12
  -> Result: ? CORRECT

[1966/3633] Processing: cle-vs-bkn-0022401224_31-track_18734 | True Jersey: 33
  -> Final Prediction (Multi-Image): 22
  -> Result: ? INCORRECT (Ground Truth: 33)

[1967/3633] Processing: was-vs-cha-0022400860_266-track_59309 | True Jersey: 24
  -> Final Prediction (Multi-Image): 14
  -> Result: ? INCORRECT (Ground Truth: 24)

[1968/3633] Processing: mil-vs-atl-0022400884_127-track_43109 | True Jersey: 00
  -> Final Prediction (Multi-Image): 00
  -> Result: ? CORRECT

[1969/3633] Processing: nop-vs-uta-0022400872_365-track_18531 | True Jersey: 25
  -> Final Prediction (Multi-Image): 13
  -> Result: ? INCORRECT (Ground Truth: 25)

[1970/3633] Processing: gsw-vs-phi-0022400864_233-track_37913 | True Jersey: 0
  -> Final Prediction (Multi-Image): 0
  -> Result: ? CORRECT

[1971/3633] Processing: was-vs-mil-0022400382_331-track_48261 | True Jersey: 24
  -> Final Prediction (Multi-Image): 24
  -> Result: ? CORRECT

[1972/3633] Processing: bkn-vs-det-0022400861_44-track_25397 | True Jersey: 33
  -> Final Prediction (Multi-Image): 7
  -> Result: ? INCORRECT (Ground Truth: 33)

[1973/3633] Processing: sas-vs-sac-0022400910_115-track_6574 | True Jersey: 5
  -> Final Prediction (Multi-Image): 5
  -> Result: ? CORRECT

[1974/3633] Processing: bkn-vs-det-0022400861_438-track_32628 | True Jersey: 9
  -> Final Prediction (Multi-Image): 8
  -> Result: ? INCORRECT (Ground Truth: 9)

[1975/3633] Processing: gsw-vs-nyk-0022400885_313-track_37259 | True Jersey: 2
  -> Final Prediction (Multi-Image): 2
  -> Result: ? CORRECT

[1976/3633] Processing: den-vs-sac-0022401225_355-track_32933 | True Jersey: 5
  -> Final Prediction (Multi-Image): 1
  -> Result: ? INCORRECT (Ground Truth: 5)

[1977/3633] Processing: den-vs-bos-0022400866_173-track_32139 | True Jersey: 0
  -> Final Prediction (Multi-Image): 0
  -> Result: ? CORRECT

[1978/3633] Processing: sas-vs-phi-0022400394_94-track_54303 | True Jersey: 0
  -> Final Prediction (Multi-Image): 5
  -> Result: ? INCORRECT (Ground Truth: 0)

[1979/3633] Processing: min-vs-sas-0022401218_175-track_39607 | True Jersey: 30
  -> Final Prediction (Multi-Image): 10
  -> Result: ? INCORRECT (Ground Truth: 30)

[1980/3633] Processing: min-vs-den-0022400952_254-track_45577 | True Jersey: 4
  -> Final Prediction (Multi-Image): 1
  -> Result: ? INCORRECT (Ground Truth: 4)

[1981/3633] Processing: bos-vs-was-0022401217_44-track_43944 | True Jersey: 7
  -> Final Prediction (Multi-Image): 7
  -> Result: ? CORRECT

[1982/3633] Processing: bkn-vs-det-0022400861_145-track_55147 | True Jersey: 00
  -> Final Prediction (Multi-Image): 1
  -> Result: ? INCORRECT (Ground Truth: 00)

[1983/3633] Processing: sac-vs-hou-0022400862_145-track_13289 | True Jersey: 13
  -> Final Prediction (Multi-Image): 13
  -> Result: ? CORRECT

[1984/3633] Processing: por-vs-phx-0022401219_266-track_44688 | True Jersey: 1
  -> Final Prediction (Multi-Image): 7
  -> Result: ? INCORRECT (Ground Truth: 1)

[1985/3633] Processing: hou-vs-okc-0022400879_180-track_49551 | True Jersey: 10
  -> Final Prediction (Multi-Image): 10
  -> Result: ? CORRECT

[1986/3633] Processing: mia-vs-det-0022401221_336-track_47577 | True Jersey: 12
  -> Final Prediction (Multi-Image): 14
  -> Result: ? INCORRECT (Ground Truth: 12)

[1987/3633] Processing: gsw-vs-bkn-0022400901_282-track_48880 | True Jersey: 8
  -> Final Prediction (Multi-Image): 8
  -> Result: ? CORRECT

[1988/3633] Processing: was-vs-cha-0022400860_189-track_54352 | True Jersey: 20
  -> Final Prediction (Multi-Image): 1
  -> Result: ? INCORRECT (Ground Truth: 20)

[1989/3633] Processing: gsw-vs-nyk-0022400885_353-track_13902 | True Jersey: 23
  -> Final Prediction (Multi-Image): 23
  -> Result: ? CORRECT

[1990/3633] Processing: bkn-vs-det-0022400861_44-track_25304 | True Jersey: 8
  -> Final Prediction (Multi-Image): 1
  -> Result: ? INCORRECT (Ground Truth: 8)

[1991/3633] Processing: nop-vs-uta-0022400872_242-track_41065 | True Jersey: 5
  -> Final Prediction (Multi-Image): 24
  -> Result: ? INCORRECT (Ground Truth: 5)

[1992/3633] Processing: gsw-vs-nyk-0022400885_102-track_39622 | True Jersey: 5
  -> Final Prediction (Multi-Image): 5
  -> Result: ? CORRECT

[1993/3633] Processing: chi-vs-tor-0022401223_140-track_23986 | True Jersey: 1
  -> Final Prediction (Multi-Image): 1
  -> Result: ? CORRECT

[1994/3633] Processing: mem-vs-atl-0022400378_209-track_58807 | True Jersey: 27
  -> Final Prediction (Multi-Image): 15
  -> Result: ? INCORRECT (Ground Truth: 27)

[1995/3633] Processing: nop-vs-uta-0022400872_126-track_39834 | True Jersey: nan
  -> Final Prediction (Multi-Image): 1
  -> Result: ? INCORRECT (Ground Truth: nan)

[1996/3633] Processing: gsw-vs-bkn-0022400901_325-track_25766 | True Jersey: 24
  -> Final Prediction (Multi-Image): 10
  -> Result: ? INCORRECT (Ground Truth: 24)

[1997/3633] Processing: den-vs-sac-0022401225_310-track_33583 | True Jersey: 23
  -> Final Prediction (Multi-Image): 23
  -> Result: ? CORRECT

[1998/3633] Processing: mil-vs-cle-0022400374_321-track_14671 | True Jersey: 20
  -> Final Prediction (Multi-Image): 20
  -> Result: ? CORRECT

[1999/3633] Processing: mil-vs-atl-0022400884_37-track_25536 | True Jersey: nan
  -> Final Prediction (Multi-Image): 11
  -> Result: ? INCORRECT (Ground Truth: nan)

[2000/3633] Processing: nyk-vs-nop-0022400384_243-track_30616 | True Jersey: 11
  -> Final Prediction (Multi-Image): 1
  -> Result: ? INCORRECT (Ground Truth: 11)

[2001/3633] Processing: cle-vs-chi-0022400886_13-track_31651 | True Jersey: 31
  -> Final Prediction (Multi-Image): 31
  -> Result: ? CORRECT

[2002/3633] Processing: gsw-vs-bkn-0022400901_296-track_10259 | True Jersey: 1
  -> Final Prediction (Multi-Image): 1
  -> Result: ? CORRECT

[2003/3633] Processing: nyk-vs-orl-0022401227_5-track_18427 | True Jersey: 8
  -> Final Prediction (Multi-Image): 8
  -> Result: ? CORRECT

[2004/3633] Processing: mia-vs-det-0022401221_270-track_26725 | True Jersey: 00
  -> Final Prediction (Multi-Image): 00
  -> Result: ? CORRECT

[2005/3633] Processing: sas-vs-sac-0022400910_72-track_1720 | True Jersey: 10
  -> Final Prediction (Multi-Image): 10
  -> Result: ? CORRECT

[2006/3633] Processing: phi-vs-min-0022400887_256-track_26031 | True Jersey: nan
  -> Final Prediction (Multi-Image): 1
  -> Result: ? INCORRECT (Ground Truth: nan)

[2007/3633] Processing: chi-vs-ind-0022400868_255-track_47297 | True Jersey: 5
  -> Final Prediction (Multi-Image): 15
  -> Result: ? INCORRECT (Ground Truth: 5)

[2008/3633] Processing: gsw-vs-nyk-0022400885_71-track_26593 | True Jersey: 11
  -> Final Prediction (Multi-Image): 10
  -> Result: ? INCORRECT (Ground Truth: 11)

[2009/3633] Processing: gsw-vs-mem-0022400366_77-track_35364 | True Jersey: 71
  -> Final Prediction (Multi-Image): 11
  -> Result: ? INCORRECT (Ground Truth: 71)

[2010/3633] Processing: okc-vs-sas-0022400871_13-track_3973 | True Jersey: nan
  -> Final Prediction (Multi-Image): 1
  -> Result: ? INCORRECT (Ground Truth: nan)

[2011/3633] Processing: uta-vs-lac-0022401226_366-track_49400 | True Jersey: 7
  -> Final Prediction (Multi-Image): 7
  -> Result: ? CORRECT

[2012/3633] Processing: chi-vs-tor-0022401223_263-track_14122 | True Jersey: 2
  -> Final Prediction (Multi-Image): 2
  -> Result: ? CORRECT

[2013/3633] Processing: den-vs-sac-0022401225_83-track_1887 | True Jersey: 11
  -> Final Prediction (Multi-Image): 11
  -> Result: ? CORRECT

[2014/3633] Processing: hou-vs-okc-0022400879_48-track_42353 | True Jersey: 2
  -> Final Prediction (Multi-Image): 12
  -> Result: ? INCORRECT (Ground Truth: 2)

[2015/3633] Processing: den-vs-por-0022400371_173-track_39759 | True Jersey: 0
  -> Final Prediction (Multi-Image): 0
  -> Result: ? CORRECT

[2016/3633] Processing: lac-vs-dal-0022400368_169-track_49067 | True Jersey: 42
  -> Final Prediction (Multi-Image): 47
  -> Result: ? INCORRECT (Ground Truth: 42)

[2017/3633] Processing: bkn-vs-det-0022400861_44-track_25391 | True Jersey: 2
  -> Final Prediction (Multi-Image): 2
  -> Result: ? CORRECT

[2018/3633] Processing: bos-vs-was-0022401217_41-track_242 | True Jersey: 13
  -> Final Prediction (Multi-Image): 10
  -> Result: ? INCORRECT (Ground Truth: 13)

[2019/3633] Processing: chi-vs-bos-0022400363_376-track_49777 | True Jersey: 7
  -> Final Prediction (Multi-Image): 7
  -> Result: ? CORRECT

[2020/3633] Processing: mil-vs-chi-0022400398_47-track_45300 | True Jersey: 44
  -> Final Prediction (Multi-Image): 44
  -> Result: ? CORRECT

[2021/3633] Processing: nop-vs-hou-0022400365_125-track_11140 | True Jersey: nan
  -> Final Prediction (Multi-Image): 7
  -> Result: ? INCORRECT (Ground Truth: nan)

[2022/3633] Processing: cle-vs-bkn-0022401224_134-track_22369 | True Jersey: 10
  -> Final Prediction (Multi-Image): 10
  -> Result: ? CORRECT

[2023/3633] Processing: chi-vs-bos-0022400363_205-track_3141 | True Jersey: 44
  -> Final Prediction (Multi-Image): 44
  -> Result: ? CORRECT

[2024/3633] Processing: det-vs-por-0022400926_211-track_1351 | True Jersey: 1
  -> Final Prediction (Multi-Image): 26
  -> Result: ? INCORRECT (Ground Truth: 1)

[2025/3633] Processing: min-vs-sas-0022401218_207-track_14505 | True Jersey: 30
  -> Final Prediction (Multi-Image): 10
  -> Result: ? INCORRECT (Ground Truth: 30)

[2026/3633] Processing: lac-vs-dal-0022400368_147-track_5708 | True Jersey: 33
  -> Final Prediction (Multi-Image): 35
  -> Result: ? INCORRECT (Ground Truth: 33)

[2027/3633] Processing: bos-vs-was-0022401217_44-track_43916 | True Jersey: 13
  -> Final Prediction (Multi-Image): 13
  -> Result: ? CORRECT

[2028/3633] Processing: lac-vs-dal-0022400368_331-track_60482 | True Jersey: 31
  -> Final Prediction (Multi-Image): 30
  -> Result: ? INCORRECT (Ground Truth: 31)

[2029/3633] Processing: gsw-vs-bkn-0022400901_332-track_29379 | True Jersey: 1
  -> Final Prediction (Multi-Image): 1
  -> Result: ? CORRECT

[2030/3633] Processing: por-vs-cle-0022400867_132-track_28449 | True Jersey: 12
  -> Final Prediction (Multi-Image): 12
  -> Result: ? CORRECT

[2031/3633] Processing: hou-vs-okc-0022400879_1-track_34008 | True Jersey: 5
  -> Final Prediction (Multi-Image): 11
  -> Result: ? INCORRECT (Ground Truth: 5)

[2032/3633] Processing: sas-vs-mem-0022400863_289-track_529 | True Jersey: 8
  -> Final Prediction (Multi-Image): 1
  -> Result: ? INCORRECT (Ground Truth: 8)

[2033/3633] Processing: cle-vs-chi-0022400886_422-track_24254 | True Jersey: 32
  -> Final Prediction (Multi-Image): 12
  -> Result: ? INCORRECT (Ground Truth: 32)

[2034/3633] Processing: sas-vs-sac-0022400910_115-track_6656 | True Jersey: nan
  -> Final Prediction (Multi-Image): 1
  -> Result: ? INCORRECT (Ground Truth: nan)

[2035/3633] Processing: cle-vs-chi-0022400886_187-track_62132 | True Jersey: 30
  -> Final Prediction (Multi-Image): 30
  -> Result: ? CORRECT

[2036/3633] Processing: mem-vs-lal-0022401220_156-track_58506 | True Jersey: 13
  -> Final Prediction (Multi-Image): 13
  -> Result: ? CORRECT

[2037/3633] Processing: gsw-vs-nyk-0022400885_313-track_37178 | True Jersey: 23
  -> Final Prediction (Multi-Image): 23
  -> Result: ? CORRECT

[2038/3633] Processing: nyk-vs-nop-0022400384_135-track_45063 | True Jersey: 11
  -> Final Prediction (Multi-Image): 1
  -> Result: ? INCORRECT (Ground Truth: 11)

[2039/3633] Processing: sac-vs-hou-0022400862_97-track_32433 | True Jersey: 8
  -> Final Prediction (Multi-Image): 8
  -> Result: ? CORRECT

[2040/3633] Processing: phi-vs-cha-0022401222_146-track_50771 | True Jersey: 9
  -> Final Prediction (Multi-Image): 1
  -> Result: ? INCORRECT (Ground Truth: 9)

[2041/3633] Processing: gsw-vs-bkn-0022400901_2-track_40938 | True Jersey: 24
  -> Final Prediction (Multi-Image): 24
  -> Result: ? CORRECT

[2042/3633] Processing: phi-vs-min-0022400887_84-track_16414 | True Jersey: 22
  -> Final Prediction (Multi-Image): 2
  -> Result: ? INCORRECT (Ground Truth: 22)

[2043/3633] Processing: lac-vs-lal-0022400874_323-track_29010 | True Jersey: 7
  -> Final Prediction (Multi-Image): 7
  -> Result: ? CORRECT

[2044/3633] Processing: hou-vs-okc-0022400879_180-track_49533 | True Jersey: 7
  -> Final Prediction (Multi-Image): 7
  -> Result: ? CORRECT

[2045/3633] Processing: uta-vs-was-0022400894_186-track_13054 | True Jersey: nan
  -> Final Prediction (Multi-Image): 1
  -> Result: ? INCORRECT (Ground Truth: nan)

[2046/3633] Processing: bos-vs-was-0022401217_140-track_26783 | True Jersey: 11
  -> Final Prediction (Multi-Image): 11
  -> Result: ? CORRECT

[2047/3633] Processing: det-vs-lac-0022400898_328-track_40236 | True Jersey: 7
  -> Final Prediction (Multi-Image): 7
  -> Result: ? CORRECT

[2048/3633] Processing: cle-vs-bkn-0022401224_377-track_40505 | True Jersey: 10
  -> Final Prediction (Multi-Image): 10
  -> Result: ? CORRECT

[2049/3633] Processing: lac-vs-lal-0022400874_0-track_12931 | True Jersey: 1
  -> Final Prediction (Multi-Image): 1
  -> Result: ? CORRECT

[2050/3633] Processing: chi-vs-tor-0022401223_253-track_27271 | True Jersey: 25
  -> Final Prediction (Multi-Image): 25
  -> Result: ? CORRECT

[2051/3633] Processing: gsw-vs-bkn-0022400901_2-track_40933 | True Jersey: 1
  -> Final Prediction (Multi-Image): 7
  -> Result: ? INCORRECT (Ground Truth: 1)

[2052/3633] Processing: cle-vs-bkn-0022401224_63-track_23639 | True Jersey: 3
  -> Final Prediction (Multi-Image): 1
  -> Result: ? INCORRECT (Ground Truth: 3)

[2053/3633] Processing: gsw-vs-nyk-0022400885_90-track_5423 | True Jersey: 1
  -> Final Prediction (Multi-Image): 1
  -> Result: ? CORRECT

[2054/3633] Processing: cle-vs-bkn-0022401224_31-track_18810 | True Jersey: 31
  -> Final Prediction (Multi-Image): 1
  -> Result: ? INCORRECT (Ground Truth: 31)

[2055/3633] Processing: lac-vs-lal-0022400874_172-track_28935 | True Jersey: 23
  -> Final Prediction (Multi-Image): 23
  -> Result: ? CORRECT

[2056/3633] Processing: por-vs-cle-0022400867_80-track_17333 | True Jersey: 00
  -> Final Prediction (Multi-Image): 33
  -> Result: ? INCORRECT (Ground Truth: 00)

[2057/3633] Processing: gsw-vs-bkn-0022400901_282-track_48953 | True Jersey: 8
  -> Final Prediction (Multi-Image): 8
  -> Result: ? CORRECT

[2058/3633] Processing: chi-vs-tor-0022401223_145-track_11125 | True Jersey: nan
  -> Final Prediction (Multi-Image): 10
  -> Result: ? INCORRECT (Ground Truth: nan)

[2059/3633] Processing: mem-vs-lal-0022401220_174-track_51982 | True Jersey: 5
  -> Final Prediction (Multi-Image): 5
  -> Result: ? CORRECT

[2060/3633] Processing: mia-vs-det-0022401221_336-track_47580 | True Jersey: 8
  -> Final Prediction (Multi-Image): 8
  -> Result: ? CORRECT

[2061/3633] Processing: mem-vs-lal-0022401220_156-track_58381 | True Jersey: 15
  -> Final Prediction (Multi-Image): 15
  -> Result: ? CORRECT

[2062/3633] Processing: gsw-vs-mem-0022400366_411-track_26308 | True Jersey: 2
  -> Final Prediction (Multi-Image): 10
  -> Result: ? INCORRECT (Ground Truth: 2)

[2063/3633] Processing: chi-vs-ind-0022400868_87-track_44911 | True Jersey: 22
  -> Final Prediction (Multi-Image): 22
  -> Result: ? CORRECT

[2064/3633] Processing: gsw-vs-phi-0022400864_150-track_6333 | True Jersey: 1
  -> Final Prediction (Multi-Image): 1
  -> Result: ? CORRECT

[2065/3633] Processing: was-vs-mil-0022400382_331-track_48316 | True Jersey: 18
  -> Final Prediction (Multi-Image): 14
  -> Result: ? INCORRECT (Ground Truth: 18)

[2066/3633] Processing: gsw-vs-mem-0022400366_77-track_35361 | True Jersey: 00
  -> Final Prediction (Multi-Image): 00
  -> Result: ? CORRECT

[2067/3633] Processing: uta-vs-tor-0022400905_242-track_14383 | True Jersey: 5
  -> Final Prediction (Multi-Image): 1
  -> Result: ? INCORRECT (Ground Truth: 5)

[2068/3633] Processing: bkn-vs-det-0022400861_438-track_32649 | True Jersey: 27
  -> Final Prediction (Multi-Image): 27
  -> Result: ? CORRECT

[2069/3633] Processing: hou-vs-okc-0022400879_43-track_41278 | True Jersey: 10
  -> Final Prediction (Multi-Image): 10
  -> Result: ? CORRECT

[2070/3633] Processing: bkn-vs-det-0022400861_200-track_19098 | True Jersey: 4
  -> Final Prediction (Multi-Image): 4
  -> Result: ? CORRECT

[2071/3633] Processing: mil-vs-cle-0022400374_316-track_29917 | True Jersey: 3
  -> Final Prediction (Multi-Image): 3
  -> Result: ? CORRECT

[2072/3633] Processing: mil-vs-dal-0022400865_186-track_11643 | True Jersey: 25
  -> Final Prediction (Multi-Image): 25
  -> Result: ? CORRECT

[2073/3633] Processing: cle-vs-chi-0022400886_383-track_59503 | True Jersey: 31
  -> Final Prediction (Multi-Image): 31
  -> Result: ? CORRECT

[2074/3633] Processing: lac-vs-dal-0022400368_95-track_41278 | True Jersey: 33
  -> Final Prediction (Multi-Image): 33
  -> Result: ? CORRECT

[2075/3633] Processing: gsw-vs-nyk-0022400885_353-track_13861 | True Jersey: 4
  -> Final Prediction (Multi-Image): 24
  -> Result: ? INCORRECT (Ground Truth: 4)

[2076/3633] Processing: uta-vs-lac-0022401226_366-track_49291 | True Jersey: 5
  -> Final Prediction (Multi-Image): 1
  -> Result: ? INCORRECT (Ground Truth: 5)

[2077/3633] Processing: mia-vs-det-0022401221_336-track_47560 | True Jersey: 8
  -> Final Prediction (Multi-Image): 8
  -> Result: ? CORRECT

[2078/3633] Processing: gsw-vs-mem-0022400366_77-track_35423 | True Jersey: 15
  -> Final Prediction (Multi-Image): 15
  -> Result: ? CORRECT

[2079/3633] Processing: gsw-vs-nyk-0022400885_213-track_47898 | True Jersey: 4
  -> Final Prediction (Multi-Image): 4
  -> Result: ? CORRECT

[2080/3633] Processing: chi-vs-ind-0022400868_171-track_51849 | True Jersey: 5
  -> Final Prediction (Multi-Image): 1
  -> Result: ? INCORRECT (Ground Truth: 5)

[2081/3633] Processing: gsw-vs-nyk-0022400885_90-track_5402 | True Jersey: 2
  -> Final Prediction (Multi-Image): 2
  -> Result: ? CORRECT

[2082/3633] Processing: gsw-vs-phi-0022400864_255-track_43620 | True Jersey: 1
  -> Final Prediction (Multi-Image): 1
  -> Result: ? CORRECT

[2083/3633] Processing: nyk-vs-min-0022400367_360-track_40507 | True Jersey: 20
  -> Final Prediction (Multi-Image): 20
  -> Result: ? CORRECT

[2084/3633] Processing: uta-vs-was-0022400894_338-track_12576 | True Jersey: 00
  -> Final Prediction (Multi-Image): 25
  -> Result: ? INCORRECT (Ground Truth: 00)

[2085/3633] Processing: gsw-vs-nyk-0022400885_341-track_33211 | True Jersey: 23
  -> Final Prediction (Multi-Image): 23
  -> Result: ? CORRECT

[2086/3633] Processing: mil-vs-dal-0022400865_141-track_2452 | True Jersey: 3
  -> Final Prediction (Multi-Image): 3
  -> Result: ? CORRECT

[2087/3633] Processing: phx-vs-den-0022400402_55-track_35035 | True Jersey: 23
  -> Final Prediction (Multi-Image): 23
  -> Result: ? CORRECT

[2088/3633] Processing: mil-vs-dal-0022400865_186-track_11567 | True Jersey: 25
  -> Final Prediction (Multi-Image): 25
  -> Result: ? CORRECT

[2089/3633] Processing: min-vs-sas-0022401218_104-track_1119 | True Jersey: 30
  -> Final Prediction (Multi-Image): 30
  -> Result: ? CORRECT

[2090/3633] Processing: gsw-vs-mem-0022400366_171-track_52901 | True Jersey: 13
  -> Final Prediction (Multi-Image): 13
  -> Result: ? CORRECT

[2091/3633] Processing: gsw-vs-nyk-0022400885_71-track_26479 | True Jersey: 2
  -> Final Prediction (Multi-Image): 2
  -> Result: ? CORRECT

[2092/3633] Processing: chi-vs-ind-0022400868_304-track_7732 | True Jersey: 33
  -> Final Prediction (Multi-Image): 33
  -> Result: ? CORRECT

[2093/3633] Processing: chi-vs-tor-0022401223_273-track_45612 | True Jersey: 45
  -> Final Prediction (Multi-Image): 12
  -> Result: ? INCORRECT (Ground Truth: 45)

[2094/3633] Processing: lac-vs-lal-0022400874_172-track_28985 | True Jersey: 11
  -> Final Prediction (Multi-Image): 11
  -> Result: ? CORRECT

[2095/3633] Processing: sac-vs-hou-0022400862_145-track_13236 | True Jersey: 7
  -> Final Prediction (Multi-Image): 7
  -> Result: ? CORRECT

[2096/3633] Processing: gsw-vs-bkn-0022400901_367-track_36047 | True Jersey: 45
  -> Final Prediction (Multi-Image): 5
  -> Result: ? INCORRECT (Ground Truth: 45)

[2097/3633] Processing: cle-vs-chi-0022400886_422-track_24261 | True Jersey: 20
  -> Final Prediction (Multi-Image): 35
  -> Result: ? INCORRECT (Ground Truth: 20)

[2098/3633] Processing: chi-vs-tor-0022401223_145-track_11051 | True Jersey: 41
  -> Final Prediction (Multi-Image): 47
  -> Result: ? INCORRECT (Ground Truth: 41)

[2099/3633] Processing: cle-vs-chi-0022400886_265-track_8449 | True Jersey: 14
  -> Final Prediction (Multi-Image): 14
  -> Result: ? CORRECT

[2100/3633] Processing: mia-vs-det-0022401221_153-track_19307 | True Jersey: 2
  -> Final Prediction (Multi-Image): 1
  -> Result: ? INCORRECT (Ground Truth: 2)

[2101/3633] Processing: chi-vs-ind-0022400868_100-track_7121 | True Jersey: 7
  -> Final Prediction (Multi-Image): 1
  -> Result: ? INCORRECT (Ground Truth: 7)

[2102/3633] Processing: cle-vs-bkn-0022401224_63-track_23665 | True Jersey: 45
  -> Final Prediction (Multi-Image): 45
  -> Result: ? CORRECT

[2103/3633] Processing: mil-vs-dal-0022400865_21-track_6777 | True Jersey: 12
  -> Final Prediction (Multi-Image): 1
  -> Result: ? INCORRECT (Ground Truth: 12)

[2104/3633] Processing: sas-vs-sac-0022400910_274-track_46412 | True Jersey: 23
  -> Final Prediction (Multi-Image): 23
  -> Result: ? CORRECT

[2105/3633] Processing: lac-vs-lal-0022400874_323-track_29033 | True Jersey: 2
  -> Final Prediction (Multi-Image): 2
  -> Result: ? CORRECT

[2106/3633] Processing: uta-vs-was-0022400894_118-track_15692 | True Jersey: 25
  -> Final Prediction (Multi-Image): 22
  -> Result: ? INCORRECT (Ground Truth: 25)

[2107/3633] Processing: mia-vs-det-0022401221_153-track_19317 | True Jersey: 22
  -> Final Prediction (Multi-Image): 2
  -> Result: ? INCORRECT (Ground Truth: 22)

[2108/3633] Processing: uta-vs-lac-0022401226_110-track_27147 | True Jersey: 22
  -> Final Prediction (Multi-Image): 22
  -> Result: ? CORRECT

[2109/3633] Processing: mil-vs-atl-0022400884_37-track_25515 | True Jersey: 5
  -> Final Prediction (Multi-Image): 1
  -> Result: ? INCORRECT (Ground Truth: 5)

[2110/3633] Processing: mil-vs-okc-0062400001_4-track_20163 | True Jersey: nan
  -> Final Prediction (Multi-Image): 1
  -> Result: ? INCORRECT (Ground Truth: nan)

[2111/3633] Processing: gsw-vs-nyk-0022400885_213-track_47771 | True Jersey: 23
  -> Final Prediction (Multi-Image): 21
  -> Result: ? INCORRECT (Ground Truth: 23)

[2112/3633] Processing: gsw-vs-nyk-0022400885_71-track_26658 | True Jersey: 10
  -> Final Prediction (Multi-Image): 10
  -> Result: ? CORRECT

[2113/3633] Processing: gsw-vs-phi-0022400864_83-track_30432 | True Jersey: 7
  -> Final Prediction (Multi-Image): 7
  -> Result: ? CORRECT

[2114/3633] Processing: nyk-vs-mia-0022400869_368-track_57092 | True Jersey: nan
  -> Final Prediction (Multi-Image): 10
  -> Result: ? INCORRECT (Ground Truth: nan)

[2115/3633] Processing: cle-vs-chi-0022400886_422-track_24212 | True Jersey: 17
  -> Final Prediction (Multi-Image): 17
  -> Result: ? CORRECT

[2116/3633] Processing: gsw-vs-bkn-0022400901_367-track_36037 | True Jersey: 23
  -> Final Prediction (Multi-Image): 23
  -> Result: ? CORRECT

[2117/3633] Processing: nop-vs-ind-0022401216_429-track_1774 | True Jersey: 33
  -> Final Prediction (Multi-Image): 33
  -> Result: ? CORRECT

[2118/3633] Processing: lac-vs-dal-0022400368_379-track_47762 | True Jersey: 40
  -> Final Prediction (Multi-Image): 13
  -> Result: ? INCORRECT (Ground Truth: 40)

[2119/3633] Processing: phx-vs-den-0022400402_301-track_22713 | True Jersey: 23
  -> Final Prediction (Multi-Image): 1
  -> Result: ? INCORRECT (Ground Truth: 23)

[2120/3633] Processing: orl-vs-mil-0022400917_237-track_46992 | True Jersey: 5
  -> Final Prediction (Multi-Image): 5
  -> Result: ? CORRECT

[2121/3633] Processing: cle-vs-chi-0022400886_187-track_62263 | True Jersey: 1
  -> Final Prediction (Multi-Image): 1
  -> Result: ? CORRECT

[2122/3633] Processing: chi-vs-bos-0022400363_330-track_57888 | True Jersey: 11
  -> Final Prediction (Multi-Image): 11
  -> Result: ? CORRECT

[2123/3633] Processing: mia-vs-det-0022401221_30-track_11728 | True Jersey: nan
  -> Final Prediction (Multi-Image): 1
  -> Result: ? INCORRECT (Ground Truth: nan)

[2124/3633] Processing: den-vs-bos-0022400866_307-track_21352 | True Jersey: nan
  -> Final Prediction (Multi-Image): 6
  -> Result: ? INCORRECT (Ground Truth: nan)

[2125/3633] Processing: den-vs-sac-0022401225_393-track_24426 | True Jersey: 0
  -> Final Prediction (Multi-Image): 0
  -> Result: ? CORRECT

[2126/3633] Processing: min-vs-den-0022400952_186-track_49208 | True Jersey: 30
  -> Final Prediction (Multi-Image): 30
  -> Result: ? CORRECT

[2127/3633] Processing: min-vs-phx-0022400873_226-track_2719 | True Jersey: nan
  -> Final Prediction (Multi-Image): 1
  -> Result: ? INCORRECT (Ground Truth: nan)

[2128/3633] Processing: mil-vs-chi-0022400398_335-track_3467 | True Jersey: nan
  -> Final Prediction (Multi-Image): 1
  -> Result: ? INCORRECT (Ground Truth: nan)

[2129/3633] Processing: min-vs-sas-0022401218_104-track_1177 | True Jersey: 3
  -> Final Prediction (Multi-Image): 1
  -> Result: ? INCORRECT (Ground Truth: 3)

[2130/3633] Processing: mia-vs-det-0022401221_270-track_26716 | True Jersey: 7
  -> Final Prediction (Multi-Image): 7
  -> Result: ? CORRECT

[2131/3633] Processing: mil-vs-chi-0022400398_250-track_37649 | True Jersey: 11
  -> Final Prediction (Multi-Image): 11
  -> Result: ? CORRECT

[2132/3633] Processing: bos-vs-was-0022401217_293-track_24363 | True Jersey: 0
  -> Final Prediction (Multi-Image): 0
  -> Result: ? CORRECT

[2133/3633] Processing: lac-vs-dal-0022400368_331-track_60412 | True Jersey: 55
  -> Final Prediction (Multi-Image): 55
  -> Result: ? CORRECT

[2134/3633] Processing: chi-vs-bos-0022400363_35-track_15585 | True Jersey: 8
  -> Final Prediction (Multi-Image): 0
  -> Result: ? INCORRECT (Ground Truth: 8)

[2135/3633] Processing: gsw-vs-mem-0022400366_171-track_52920 | True Jersey: 22
  -> Final Prediction (Multi-Image): 22
  -> Result: ? CORRECT

[2136/3633] Processing: nyk-vs-mia-0022400869_124-track_20696 | True Jersey: 1
  -> Final Prediction (Multi-Image): 1
  -> Result: ? CORRECT

[2137/3633] Processing: mil-vs-chi-0022400398_47-track_45373 | True Jersey: nan
  -> Final Prediction (Multi-Image): 10
  -> Result: ? INCORRECT (Ground Truth: nan)

[2138/3633] Processing: mil-vs-dal-0022400865_286-track_16839 | True Jersey: nan
  -> Final Prediction (Multi-Image): 1
  -> Result: ? INCORRECT (Ground Truth: nan)

[2139/3633] Processing: mem-vs-atl-0022400378_36-track_41473 | True Jersey: 13
  -> Final Prediction (Multi-Image): 13
  -> Result: ? CORRECT

[2140/3633] Processing: den-vs-bos-0022400866_173-track_32057 | True Jersey: 15
  -> Final Prediction (Multi-Image): 15
  -> Result: ? CORRECT

[2141/3633] Processing: lac-vs-dal-0022400368_331-track_60519 | True Jersey: 55
  -> Final Prediction (Multi-Image): 55
  -> Result: ? CORRECT

[2142/3633] Processing: mil-vs-dal-0022400865_186-track_11712 | True Jersey: 9
  -> Final Prediction (Multi-Image): 9
  -> Result: ? CORRECT

[2143/3633] Processing: chi-vs-tor-0022401223_226-track_18312 | True Jersey: 44
  -> Final Prediction (Multi-Image): 44
  -> Result: ? CORRECT

[2144/3633] Processing: por-vs-cle-0022400867_80-track_17282 | True Jersey: 00
  -> Final Prediction (Multi-Image): 00
  -> Result: ? CORRECT

[2145/3633] Processing: nyk-vs-nop-0022400384_359-track_39006 | True Jersey: 3
  -> Final Prediction (Multi-Image): 3
  -> Result: ? CORRECT

[2146/3633] Processing: uta-vs-was-0022400894_75-track_2579 | True Jersey: 9
  -> Final Prediction (Multi-Image): 25
  -> Result: ? INCORRECT (Ground Truth: 9)

[2147/3633] Processing: orl-vs-mil-0022400917_237-track_46955 | True Jersey: 50
  -> Final Prediction (Multi-Image): 50
  -> Result: ? CORRECT

[2148/3633] Processing: nyk-vs-mia-0022400869_368-track_57100 | True Jersey: 13
  -> Final Prediction (Multi-Image): 13
  -> Result: ? CORRECT

[2149/3633] Processing: den-vs-bos-0022400866_173-track_32058 | True Jersey: 0
  -> Final Prediction (Multi-Image): 0
  -> Result: ? CORRECT

[2150/3633] Processing: was-vs-cha-0022400860_9-track_24600 | True Jersey: nan
  -> Final Prediction (Multi-Image): 1
  -> Result: ? INCORRECT (Ground Truth: nan)

[2151/3633] Processing: gsw-vs-nyk-0022400885_71-track_26576 | True Jersey: 2
  -> Final Prediction (Multi-Image): 1
  -> Result: ? INCORRECT (Ground Truth: 2)

[2152/3633] Processing: gsw-vs-bkn-0022400901_2-track_41030 | True Jersey: nan
  -> Final Prediction (Multi-Image): 6
  -> Result: ? INCORRECT (Ground Truth: nan)

[2153/3633] Processing: cle-vs-bkn-0022401224_377-track_40541 | True Jersey: 22
  -> Final Prediction (Multi-Image): 22
  -> Result: ? CORRECT

[2154/3633] Processing: cle-vs-bkn-0022401224_31-track_18816 | True Jersey: 45
  -> Final Prediction (Multi-Image): 45
  -> Result: ? CORRECT

[2155/3633] Processing: gsw-vs-mem-0022400366_169-track_541 | True Jersey: 0
  -> Final Prediction (Multi-Image): 0
  -> Result: ? CORRECT

[2156/3633] Processing: nop-vs-hou-0022400365_125-track_11141 | True Jersey: 4
  -> Final Prediction (Multi-Image): 4
  -> Result: ? CORRECT

[2157/3633] Processing: bos-vs-was-0022401217_112-track_4142 | True Jersey: 9
  -> Final Prediction (Multi-Image): 15
  -> Result: ? INCORRECT (Ground Truth: 9)

[2158/3633] Processing: sac-vs-hou-0022400862_261-track_8674 | True Jersey: 4
  -> Final Prediction (Multi-Image): 10
  -> Result: ? INCORRECT (Ground Truth: 4)

[2159/3633] Processing: gsw-vs-phi-0022400864_233-track_37980 | True Jersey: 2
  -> Final Prediction (Multi-Image): 23
  -> Result: ? INCORRECT (Ground Truth: 2)

[2160/3633] Processing: cle-vs-chi-0022400886_233-track_48051 | True Jersey: 14
  -> Final Prediction (Multi-Image): 14
  -> Result: ? CORRECT

[2161/3633] Processing: min-vs-phx-0022400873_132-track_51766 | True Jersey: 22
  -> Final Prediction (Multi-Image): 22
  -> Result: ? CORRECT

[2162/3633] Processing: bos-vs-was-0022401217_293-track_24387 | True Jersey: 88
  -> Final Prediction (Multi-Image): 88
  -> Result: ? CORRECT

[2163/3633] Processing: uta-vs-was-0022400894_215-track_1428 | True Jersey: 99
  -> Final Prediction (Multi-Image): 99
  -> Result: ? CORRECT

[2164/3633] Processing: nop-vs-hou-0022400365_307-track_45838 | True Jersey: 21
  -> Final Prediction (Multi-Image): 21
  -> Result: ? CORRECT

[2165/3633] Processing: mil-vs-cle-0022400374_321-track_14791 | True Jersey: 13
  -> Final Prediction (Multi-Image): 13
  -> Result: ? CORRECT

[2166/3633] Processing: phi-vs-uta-0022400433_213-track_35054 | True Jersey: 21
  -> Final Prediction (Multi-Image): 21
  -> Result: ? CORRECT

[2167/3633] Processing: chi-vs-bos-0022400363_357-track_3319 | True Jersey: 15
  -> Final Prediction (Multi-Image): 1
  -> Result: ? INCORRECT (Ground Truth: 15)

[2168/3633] Processing: chi-vs-bos-0022400363_330-track_57775 | True Jersey: 11
  -> Final Prediction (Multi-Image): 10
  -> Result: ? INCORRECT (Ground Truth: 11)

[2169/3633] Processing: hou-vs-okc-0022400879_1-track_33910 | True Jersey: 15
  -> Final Prediction (Multi-Image): 6
  -> Result: ? INCORRECT (Ground Truth: 15)

[2170/3633] Processing: sac-vs-hou-0022400862_145-track_13244 | True Jersey: 17
  -> Final Prediction (Multi-Image): 11
  -> Result: ? INCORRECT (Ground Truth: 17)

[2171/3633] Processing: lac-vs-dal-0022400368_147-track_5703 | True Jersey: 77
  -> Final Prediction (Multi-Image): 77
  -> Result: ? CORRECT

[2172/3633] Processing: cle-vs-bkn-0022401224_257-track_15313 | True Jersey: 3
  -> Final Prediction (Multi-Image): 3
  -> Result: ? CORRECT

[2173/3633] Processing: gsw-vs-nyk-0022400885_313-track_37292 | True Jersey: 5
  -> Final Prediction (Multi-Image): 5
  -> Result: ? CORRECT

[2174/3633] Processing: chi-vs-tor-0022401223_140-track_23984 | True Jersey: 1
  -> Final Prediction (Multi-Image): 1
  -> Result: ? CORRECT

[2175/3633] Processing: min-vs-phx-0022400873_132-track_51764 | True Jersey: 1
  -> Final Prediction (Multi-Image): 1
  -> Result: ? CORRECT

[2176/3633] Processing: por-vs-cle-0022400867_80-track_17278 | True Jersey: 4
  -> Final Prediction (Multi-Image): 4
  -> Result: ? CORRECT

[2177/3633] Processing: cle-vs-bkn-0022401224_118-track_9377 | True Jersey: 7
  -> Final Prediction (Multi-Image): 7
  -> Result: ? CORRECT

[2178/3633] Processing: okc-vs-sas-0022400871_210-track_38271 | True Jersey: 8
  -> Final Prediction (Multi-Image): 8
  -> Result: ? CORRECT

[2179/3633] Processing: chi-vs-tor-0022401223_273-track_45728 | True Jersey: nan
  -> Final Prediction (Multi-Image): 7
  -> Result: ? INCORRECT (Ground Truth: nan)

[2180/3633] Processing: gsw-vs-mem-0022400366_388-track_54773 | True Jersey: 10
  -> Final Prediction (Multi-Image): 10
  -> Result: ? CORRECT

[2181/3633] Processing: mem-vs-atl-0022400378_321-track_10805 | True Jersey: 14
  -> Final Prediction (Multi-Image): 14
  -> Result: ? CORRECT

[2182/3633] Processing: gsw-vs-bkn-0022400901_367-track_36039 | True Jersey: 33
  -> Final Prediction (Multi-Image): 23
  -> Result: ? INCORRECT (Ground Truth: 33)

[2183/3633] Processing: uta-vs-was-0022400894_75-track_2565 | True Jersey: 00
  -> Final Prediction (Multi-Image): 0
  -> Result: ? INCORRECT (Ground Truth: 00)

[2184/3633] Processing: phi-vs-uta-0022400433_213-track_35061 | True Jersey: 9
  -> Final Prediction (Multi-Image): 9
  -> Result: ? CORRECT

[2185/3633] Processing: bkn-vs-det-0022400861_200-track_19076 | True Jersey: 8
  -> Final Prediction (Multi-Image): 8
  -> Result: ? CORRECT

[2186/3633] Processing: hou-vs-okc-0022400879_219-track_57547 | True Jersey: 10
  -> Final Prediction (Multi-Image): 10
  -> Result: ? CORRECT

[2187/3633] Processing: por-vs-phx-0022401219_266-track_44731 | True Jersey: nan
  -> Final Prediction (Multi-Image): 7
  -> Result: ? INCORRECT (Ground Truth: nan)

[2188/3633] Processing: cle-vs-bkn-0022401224_22-track_2158 | True Jersey: 35
  -> Final Prediction (Multi-Image): 35
  -> Result: ? CORRECT

[2189/3633] Processing: gsw-vs-phi-0022400864_15-track_32292 | True Jersey: 5
  -> Final Prediction (Multi-Image): 5
  -> Result: ? CORRECT

[2190/3633] Processing: phi-vs-min-0022400887_84-track_16340 | True Jersey: 0
  -> Final Prediction (Multi-Image): 21
  -> Result: ? INCORRECT (Ground Truth: 0)

[2191/3633] Processing: mil-vs-chi-0022400398_250-track_37662 | True Jersey: nan
  -> Final Prediction (Multi-Image): 8
  -> Result: ? INCORRECT (Ground Truth: nan)

[2192/3633] Processing: hou-vs-okc-0022400879_43-track_41236 | True Jersey: 8
  -> Final Prediction (Multi-Image): 10
  -> Result: ? INCORRECT (Ground Truth: 8)

[2193/3633] Processing: min-vs-sas-0022401218_175-track_39561 | True Jersey: nan
  -> Final Prediction (Multi-Image): 10
  -> Result: ? INCORRECT (Ground Truth: nan)

[2194/3633] Processing: mil-vs-dal-0022400865_286-track_16863 | True Jersey: 0
  -> Final Prediction (Multi-Image): 6
  -> Result: ? INCORRECT (Ground Truth: 0)

[2195/3633] Processing: uta-vs-lac-0022401226_115-track_60572 | True Jersey: 33
  -> Final Prediction (Multi-Image): 33
  -> Result: ? CORRECT

[2196/3633] Processing: sas-vs-phi-0022400394_99-track_20349 | True Jersey: 5
  -> Final Prediction (Multi-Image): 5
  -> Result: ? CORRECT

[2197/3633] Processing: phi-vs-uta-0022400433_213-track_35140 | True Jersey: 00
  -> Final Prediction (Multi-Image): 10
  -> Result: ? INCORRECT (Ground Truth: 00)

[2198/3633] Processing: hou-vs-okc-0022400879_219-track_57536 | True Jersey: 4
  -> Final Prediction (Multi-Image): 4
  -> Result: ? CORRECT

[2199/3633] Processing: den-vs-bos-0022400866_195-track_30793 | True Jersey: 42
  -> Final Prediction (Multi-Image): 42
  -> Result: ? CORRECT

[2200/3633] Processing: mil-vs-cle-0022400374_316-track_29914 | True Jersey: 13
  -> Final Prediction (Multi-Image): 13
  -> Result: ? CORRECT

[2201/3633] Processing: phi-vs-min-0022400887_256-track_25970 | True Jersey: 5
  -> Final Prediction (Multi-Image): 5
  -> Result: ? CORRECT

[2202/3633] Processing: chi-vs-bos-0022400363_51-track_17410 | True Jersey: 7
  -> Final Prediction (Multi-Image): 7
  -> Result: ? CORRECT

[2203/3633] Processing: sas-vs-phi-0022400394_94-track_54260 | True Jersey: 28
  -> Final Prediction (Multi-Image): 28
  -> Result: ? CORRECT

[2204/3633] Processing: bkn-vs-det-0022400861_224-track_55989 | True Jersey: 28
  -> Final Prediction (Multi-Image): 28
  -> Result: ? CORRECT

[2205/3633] Processing: gsw-vs-mem-0022400366_388-track_54858 | True Jersey: 32
  -> Final Prediction (Multi-Image): 32
  -> Result: ? CORRECT

[2206/3633] Processing: por-vs-cle-0022400867_132-track_28447 | True Jersey: 8
  -> Final Prediction (Multi-Image): 0
  -> Result: ? INCORRECT (Ground Truth: 8)

[2207/3633] Processing: phx-vs-den-0022400402_301-track_22754 | True Jersey: 6
  -> Final Prediction (Multi-Image): 8
  -> Result: ? INCORRECT (Ground Truth: 6)

[2208/3633] Processing: den-vs-bos-0022400866_173-track_32143 | True Jersey: 1
  -> Final Prediction (Multi-Image): 1
  -> Result: ? CORRECT

[2209/3633] Processing: nyk-vs-mia-0022400869_318-track_33485 | True Jersey: 3
  -> Final Prediction (Multi-Image): 3
  -> Result: ? CORRECT

[2210/3633] Processing: mil-vs-dal-0022400865_286-track_16831 | True Jersey: 7
  -> Final Prediction (Multi-Image): 7
  -> Result: ? CORRECT

[2211/3633] Processing: bos-vs-was-0022401217_138-track_24539 | True Jersey: 30
  -> Final Prediction (Multi-Image): 37
  -> Result: ? INCORRECT (Ground Truth: 30)

[2212/3633] Processing: nop-vs-uta-0022400872_80-track_56724 | True Jersey: 1
  -> Final Prediction (Multi-Image): 1
  -> Result: ? CORRECT

[2213/3633] Processing: bkn-vs-det-0022400861_224-track_55995 | True Jersey: 7
  -> Final Prediction (Multi-Image): 7
  -> Result: ? CORRECT

[2214/3633] Processing: nyk-vs-mia-0022400869_368-track_57124 | True Jersey: 14
  -> Final Prediction (Multi-Image): 14
  -> Result: ? CORRECT

[2215/3633] Processing: min-vs-sas-0022401218_207-track_14547 | True Jersey: 30
  -> Final Prediction (Multi-Image): 30
  -> Result: ? CORRECT

[2216/3633] Processing: nop-vs-hou-0022400365_307-track_45951 | True Jersey: nan
  -> Final Prediction (Multi-Image): 1
  -> Result: ? INCORRECT (Ground Truth: nan)

[2217/3633] Processing: phi-vs-cha-0022401222_92-track_44194 | True Jersey: 11
  -> Final Prediction (Multi-Image): 10
  -> Result: ? INCORRECT (Ground Truth: 11)

[2218/3633] Processing: bkn-vs-det-0022400861_210-track_6138 | True Jersey: 7
  -> Final Prediction (Multi-Image): 1
  -> Result: ? INCORRECT (Ground Truth: 7)

[2219/3633] Processing: chi-vs-bos-0022400363_58-track_28646 | True Jersey: 11
  -> Final Prediction (Multi-Image): 10
  -> Result: ? INCORRECT (Ground Truth: 11)

[2220/3633] Processing: min-vs-phx-0022400873_301-track_12709 | True Jersey: 22
  -> Final Prediction (Multi-Image): 22
  -> Result: ? CORRECT

[2221/3633] Processing: gsw-vs-bkn-0022400901_332-track_29352 | True Jersey: 2
  -> Final Prediction (Multi-Image): 2
  -> Result: ? CORRECT

[2222/3633] Processing: por-vs-phx-0022401219_266-track_44642 | True Jersey: 9
  -> Final Prediction (Multi-Image): 9
  -> Result: ? CORRECT

[2223/3633] Processing: den-vs-sac-0022401225_355-track_32988 | True Jersey: 8
  -> Final Prediction (Multi-Image): 8
  -> Result: ? CORRECT

[2224/3633] Processing: gsw-vs-nyk-0022400885_71-track_26572 | True Jersey: 10
  -> Final Prediction (Multi-Image): 1
  -> Result: ? INCORRECT (Ground Truth: 10)

[2225/3633] Processing: gsw-vs-phi-0022400864_233-track_38015 | True Jersey: 5
  -> Final Prediction (Multi-Image): 1
  -> Result: ? INCORRECT (Ground Truth: 5)

[2226/3633] Processing: bos-vs-was-0022401217_140-track_26815 | True Jersey: 9
  -> Final Prediction (Multi-Image): 11
  -> Result: ? INCORRECT (Ground Truth: 9)

[2227/3633] Processing: sas-vs-phi-0022400394_99-track_20391 | True Jersey: 1
  -> Final Prediction (Multi-Image): 1
  -> Result: ? CORRECT

[2228/3633] Processing: sas-vs-sac-0022400910_220-track_21498 | True Jersey: 13
  -> Final Prediction (Multi-Image): 13
  -> Result: ? CORRECT

[2229/3633] Processing: mil-vs-dal-0022400865_141-track_2426 | True Jersey: 5
  -> Final Prediction (Multi-Image): 8
  -> Result: ? INCORRECT (Ground Truth: 5)

[2230/3633] Processing: det-vs-gsw-0022400919_47-track_9629 | True Jersey: 10
  -> Final Prediction (Multi-Image): 10
  -> Result: ? CORRECT

[2231/3633] Processing: nyk-vs-mia-0022400869_318-track_33444 | True Jersey: 8
  -> Final Prediction (Multi-Image): 6
  -> Result: ? INCORRECT (Ground Truth: 8)

[2232/3633] Processing: mem-vs-lal-0022401220_156-track_58398 | True Jersey: 3
  -> Final Prediction (Multi-Image): 3
  -> Result: ? CORRECT

[2233/3633] Processing: lac-vs-dal-0022400368_95-track_41397 | True Jersey: 25
  -> Final Prediction (Multi-Image): 25
  -> Result: ? CORRECT

[2234/3633] Processing: mil-vs-okc-0062400001_71-track_9795 | True Jersey: 34
  -> Final Prediction (Multi-Image): 34
  -> Result: ? CORRECT

[2235/3633] Processing: det-vs-lac-0022400898_280-track_8224 | True Jersey: 28
  -> Final Prediction (Multi-Image): 28
  -> Result: ? CORRECT

[2236/3633] Processing: mil-vs-dal-0022400865_297-track_32057 | True Jersey: 00
  -> Final Prediction (Multi-Image): 14
  -> Result: ? INCORRECT (Ground Truth: 00)

[2237/3633] Processing: sas-vs-phi-0022400394_94-track_54275 | True Jersey: 1
  -> Final Prediction (Multi-Image): 1
  -> Result: ? CORRECT

[2238/3633] Processing: mil-vs-okc-0062400001_288-track_57797 | True Jersey: 24
  -> Final Prediction (Multi-Image): 24
  -> Result: ? CORRECT

[2239/3633] Processing: chi-vs-ind-0022400868_100-track_7154 | True Jersey: 15
  -> Final Prediction (Multi-Image): 15
  -> Result: ? CORRECT

[2240/3633] Processing: det-vs-gsw-0022400919_452-track_16400 | True Jersey: 2
  -> Final Prediction (Multi-Image): 1
  -> Result: ? INCORRECT (Ground Truth: 2)

[2241/3633] Processing: nop-vs-uta-0022400872_242-track_41048 | True Jersey: 24
  -> Final Prediction (Multi-Image): 24
  -> Result: ? CORRECT

[2242/3633] Processing: nop-vs-hou-0022400365_125-track_11156 | True Jersey: 2
  -> Final Prediction (Multi-Image): 35
  -> Result: ? INCORRECT (Ground Truth: 2)

[2243/3633] Processing: uta-vs-was-0022400894_186-track_13035 | True Jersey: 22
  -> Final Prediction (Multi-Image): 22
  -> Result: ? CORRECT

[2244/3633] Processing: cle-vs-bkn-0022401224_63-track_23728 | True Jersey: 22
  -> Final Prediction (Multi-Image): 22
  -> Result: ? CORRECT

[2245/3633] Processing: mil-vs-atl-0022400884_127-track_42985 | True Jersey: 18
  -> Final Prediction (Multi-Image): 18
  -> Result: ? CORRECT

[2246/3633] Processing: chi-vs-ind-0022400868_171-track_51881 | True Jersey: nan
  -> Final Prediction (Multi-Image): 1
  -> Result: ? INCORRECT (Ground Truth: nan)

[2247/3633] Processing: cle-vs-chi-0022400886_352-track_23123 | True Jersey: 35
  -> Final Prediction (Multi-Image): 1
  -> Result: ? INCORRECT (Ground Truth: 35)

[2248/3633] Processing: phi-vs-cha-0022401222_405-track_7046 | True Jersey: 10
  -> Final Prediction (Multi-Image): 10
  -> Result: ? CORRECT

[2249/3633] Processing: mem-vs-nop-0022400923_347-track_55023 | True Jersey: 17
  -> Final Prediction (Multi-Image): 7
  -> Result: ? INCORRECT (Ground Truth: 17)

[2250/3633] Processing: cle-vs-chi-0022400886_233-track_48083 | True Jersey: 14
  -> Final Prediction (Multi-Image): 0
  -> Result: ? INCORRECT (Ground Truth: 14)

[2251/3633] Processing: cle-vs-bkn-0022401224_345-track_10553 | True Jersey: 28
  -> Final Prediction (Multi-Image): 11
  -> Result: ? INCORRECT (Ground Truth: 28)

[2252/3633] Processing: sas-vs-sac-0022400910_115-track_6491 | True Jersey: 23
  -> Final Prediction (Multi-Image): 10
  -> Result: ? INCORRECT (Ground Truth: 23)

[2253/3633] Processing: mil-vs-atl-0022400884_127-track_43085 | True Jersey: 3
  -> Final Prediction (Multi-Image): 11
  -> Result: ? INCORRECT (Ground Truth: 3)

[2254/3633] Processing: mil-vs-dal-0022400865_21-track_6794 | True Jersey: 12
  -> Final Prediction (Multi-Image): 0
  -> Result: ? INCORRECT (Ground Truth: 12)

[2255/3633] Processing: min-vs-phx-0022400873_226-track_2721 | True Jersey: 1
  -> Final Prediction (Multi-Image): 1
  -> Result: ? CORRECT

[2256/3633] Processing: por-vs-phx-0022401219_266-track_44641 | True Jersey: 22
  -> Final Prediction (Multi-Image): 2
  -> Result: ? INCORRECT (Ground Truth: 22)

[2257/3633] Processing: det-vs-gsw-0022400919_112-track_14830 | True Jersey: 4
  -> Final Prediction (Multi-Image): 24
  -> Result: ? INCORRECT (Ground Truth: 4)

[2258/3633] Processing: mem-vs-lal-0022401220_174-track_52053 | True Jersey: 7
  -> Final Prediction (Multi-Image): 1
  -> Result: ? INCORRECT (Ground Truth: 7)

[2259/3633] Processing: bos-vs-was-0022401217_293-track_24331 | True Jersey: 7
  -> Final Prediction (Multi-Image): 7
  -> Result: ? CORRECT

[2260/3633] Processing: sas-vs-sac-0022400910_72-track_1702 | True Jersey: 20
  -> Final Prediction (Multi-Image): 21
  -> Result: ? INCORRECT (Ground Truth: 20)

[2261/3633] Processing: gsw-vs-bkn-0022400901_367-track_36063 | True Jersey: 33
  -> Final Prediction (Multi-Image): 33
  -> Result: ? CORRECT

[2262/3633] Processing: den-vs-bos-0022400866_195-track_30721 | True Jersey: 9
  -> Final Prediction (Multi-Image): 9
  -> Result: ? CORRECT

[2263/3633] Processing: hou-vs-okc-0022400879_430-track_56560 | True Jersey: 7
  -> Final Prediction (Multi-Image): 11
  -> Result: ? INCORRECT (Ground Truth: 7)

[2264/3633] Processing: lac-vs-dal-0022400368_147-track_5698 | True Jersey: 8
  -> Final Prediction (Multi-Image): 8
  -> Result: ? CORRECT

[2265/3633] Processing: phi-vs-uta-0022400433_414-track_21016 | True Jersey: 21
  -> Final Prediction (Multi-Image): 21
  -> Result: ? CORRECT

[2266/3633] Processing: tor-vs-orl-0022400870_13-track_28032 | True Jersey: 4
  -> Final Prediction (Multi-Image): 4
  -> Result: ? CORRECT

[2267/3633] Processing: cle-vs-chi-0022400886_388-track_36573 | True Jersey: 22
  -> Final Prediction (Multi-Image): 2
  -> Result: ? INCORRECT (Ground Truth: 22)

[2268/3633] Processing: mil-vs-chi-0022400398_250-track_37621 | True Jersey: 22
  -> Final Prediction (Multi-Image): 22
  -> Result: ? CORRECT

[2269/3633] Processing: mil-vs-dal-0022400865_142-track_52310 | True Jersey: 13
  -> Final Prediction (Multi-Image): 13
  -> Result: ? CORRECT

[2270/3633] Processing: lac-vs-lal-0022400874_172-track_28931 | True Jersey: 11
  -> Final Prediction (Multi-Image): 11
  -> Result: ? CORRECT

[2271/3633] Processing: den-vs-sac-0022401225_355-track_32905 | True Jersey: 8
  -> Final Prediction (Multi-Image): 1
  -> Result: ? INCORRECT (Ground Truth: 8)

[2272/3633] Processing: nyk-vs-orl-0022401227_70-track_5416 | True Jersey: 2
  -> Final Prediction (Multi-Image): 2
  -> Result: ? CORRECT

[2273/3633] Processing: mia-vs-det-0022401221_241-track_14871 | True Jersey: 2
  -> Final Prediction (Multi-Image): 2
  -> Result: ? CORRECT

[2274/3633] Processing: chi-vs-bos-0022400363_330-track_57886 | True Jersey: 44
  -> Final Prediction (Multi-Image): 44
  -> Result: ? CORRECT

[2275/3633] Processing: okc-vs-mia-0022400375_101-track_1628 | True Jersey: 2
  -> Final Prediction (Multi-Image): 2
  -> Result: ? CORRECT

[2276/3633] Processing: phi-vs-cha-0022401222_92-track_44192 | True Jersey: 24
  -> Final Prediction (Multi-Image): 24
  -> Result: ? CORRECT

[2277/3633] Processing: phx-vs-den-0022400402_301-track_22779 | True Jersey: 23
  -> Final Prediction (Multi-Image): 3
  -> Result: ? INCORRECT (Ground Truth: 23)

[2278/3633] Processing: tor-vs-nyk-0022400397_25-track_19831 | True Jersey: nan
  -> Final Prediction (Multi-Image): 1
  -> Result: ? INCORRECT (Ground Truth: nan)

[2279/3633] Processing: hou-vs-okc-0022400879_307-track_8875 | True Jersey: 19
  -> Final Prediction (Multi-Image): 13
  -> Result: ? INCORRECT (Ground Truth: 19)

[2280/3633] Processing: min-vs-sas-0022401218_207-track_14581 | True Jersey: nan
  -> Final Prediction (Multi-Image): 11
  -> Result: ? INCORRECT (Ground Truth: nan)

[2281/3633] Processing: chi-vs-ind-0022400868_293-track_19696 | True Jersey: 3
  -> Final Prediction (Multi-Image): 3
  -> Result: ? CORRECT

[2282/3633] Processing: orl-vs-mil-0022400917_170-track_9893 | True Jersey: 34
  -> Final Prediction (Multi-Image): 34
  -> Result: ? CORRECT

[2283/3633] Processing: lac-vs-lal-0022400874_323-track_29011 | True Jersey: 8
  -> Final Prediction (Multi-Image): 8
  -> Result: ? CORRECT

[2284/3633] Processing: bkn-vs-det-0022400861_224-track_56044 | True Jersey: 33
  -> Final Prediction (Multi-Image): 2
  -> Result: ? INCORRECT (Ground Truth: 33)

[2285/3633] Processing: phx-vs-den-0022400402_55-track_34952 | True Jersey: 22
  -> Final Prediction (Multi-Image): 22
  -> Result: ? CORRECT

[2286/3633] Processing: uta-vs-was-0022400894_75-track_2494 | True Jersey: 34
  -> Final Prediction (Multi-Image): 34
  -> Result: ? CORRECT

[2287/3633] Processing: sas-vs-sac-0022400910_220-track_21500 | True Jersey: 40
  -> Final Prediction (Multi-Image): 4
  -> Result: ? INCORRECT (Ground Truth: 40)

[2288/3633] Processing: nyk-vs-min-0022400367_284-track_13936 | True Jersey: 2
  -> Final Prediction (Multi-Image): 2
  -> Result: ? CORRECT

[2289/3633] Processing: min-vs-den-0022400952_254-track_45611 | True Jersey: nan
  -> Final Prediction (Multi-Image): 1
  -> Result: ? INCORRECT (Ground Truth: nan)

[2290/3633] Processing: mil-vs-atl-0022400884_37-track_25580 | True Jersey: 18
  -> Final Prediction (Multi-Image): 8
  -> Result: ? INCORRECT (Ground Truth: 18)

[2291/3633] Processing: was-vs-mil-0022400382_331-track_48260 | True Jersey: 20
  -> Final Prediction (Multi-Image): 20
  -> Result: ? CORRECT

[2292/3633] Processing: bkn-vs-det-0022400861_393-track_57754 | True Jersey: 4
  -> Final Prediction (Multi-Image): 4
  -> Result: ? CORRECT

[2293/3633] Processing: mia-vs-det-0022401221_153-track_19296 | True Jersey: 13
  -> Final Prediction (Multi-Image): 13
  -> Result: ? CORRECT

[2294/3633] Processing: mia-vs-det-0022401221_270-track_26673 | True Jersey: 25
  -> Final Prediction (Multi-Image): 5
  -> Result: ? INCORRECT (Ground Truth: 25)

[2295/3633] Processing: chi-vs-ind-0022400868_304-track_7883 | True Jersey: 22
  -> Final Prediction (Multi-Image): 22
  -> Result: ? CORRECT

[2296/3633] Processing: cle-vs-bkn-0022401224_345-track_10472 | True Jersey: 2
  -> Final Prediction (Multi-Image): 2
  -> Result: ? CORRECT

[2297/3633] Processing: bkn-vs-det-0022400861_224-track_56090 | True Jersey: 7
  -> Final Prediction (Multi-Image): 33
  -> Result: ? INCORRECT (Ground Truth: 7)

[2298/3633] Processing: phi-vs-cha-0022401222_403-track_34267 | True Jersey: 10
  -> Final Prediction (Multi-Image): 11
  -> Result: ? INCORRECT (Ground Truth: 10)

[2299/3633] Processing: lac-vs-dal-0022400368_379-track_47718 | True Jersey: 13
  -> Final Prediction (Multi-Image): 1
  -> Result: ? INCORRECT (Ground Truth: 13)

[2300/3633] Processing: bos-vs-was-0022401217_112-track_4129 | True Jersey: 40
  -> Final Prediction (Multi-Image): 40
  -> Result: ? CORRECT

[2301/3633] Processing: chi-vs-ind-0022400868_291-track_11350 | True Jersey: nan
  -> Final Prediction (Multi-Image): nan
  -> Result: ? CORRECT

[2302/3633] Processing: min-vs-sas-0022401218_175-track_39601 | True Jersey: 5
  -> Final Prediction (Multi-Image): 5
  -> Result: ? CORRECT

[2303/3633] Processing: nop-vs-uta-0022400872_80-track_56774 | True Jersey: 3
  -> Final Prediction (Multi-Image): 1
  -> Result: ? INCORRECT (Ground Truth: 3)

[2304/3633] Processing: okc-vs-sas-0022400871_13-track_3870 | True Jersey: 4
  -> Final Prediction (Multi-Image): 4
  -> Result: ? CORRECT

[2305/3633] Processing: lac-vs-dal-0022400368_147-track_5740 | True Jersey: 77
  -> Final Prediction (Multi-Image): 77
  -> Result: ? CORRECT

[2306/3633] Processing: nyk-vs-nop-0022400384_116-track_61021 | True Jersey: 2
  -> Final Prediction (Multi-Image): 2
  -> Result: ? CORRECT

[2307/3633] Processing: gsw-vs-phi-0022400864_43-track_31920 | True Jersey: 8
  -> Final Prediction (Multi-Image): 8
  -> Result: ? CORRECT

[2308/3633] Processing: chi-vs-ind-0022400868_2-track_13133 | True Jersey: 23
  -> Final Prediction (Multi-Image): 1
  -> Result: ? INCORRECT (Ground Truth: 23)

[2309/3633] Processing: mil-vs-dal-0022400865_142-track_52373 | True Jersey: 11
  -> Final Prediction (Multi-Image): 11
  -> Result: ? CORRECT

[2310/3633] Processing: cle-vs-chi-0022400886_388-track_36571 | True Jersey: 30
  -> Final Prediction (Multi-Image): 30
  -> Result: ? CORRECT

[2311/3633] Processing: min-vs-den-0022400952_254-track_45578 | True Jersey: 0
  -> Final Prediction (Multi-Image): 0
  -> Result: ? CORRECT

[2312/3633] Processing: sac-vs-hou-0022400862_212-track_24126 | True Jersey: 10
  -> Final Prediction (Multi-Image): 10
  -> Result: ? CORRECT

[2313/3633] Processing: bkn-vs-det-0022400861_438-track_32621 | True Jersey: 00
  -> Final Prediction (Multi-Image): 00
  -> Result: ? CORRECT

[2314/3633] Processing: chi-vs-bos-0022400363_35-track_15615 | True Jersey: 8
  -> Final Prediction (Multi-Image): 1
  -> Result: ? INCORRECT (Ground Truth: 8)

[2315/3633] Processing: cle-vs-chi-0022400886_364-track_44842 | True Jersey: 2
  -> Final Prediction (Multi-Image): 7
  -> Result: ? INCORRECT (Ground Truth: 2)

[2316/3633] Processing: lac-vs-lal-0022400874_374-track_54076 | True Jersey: 23
  -> Final Prediction (Multi-Image): 23
  -> Result: ? CORRECT

[2317/3633] Processing: min-vs-phx-0022400873_351-track_25664 | True Jersey: 1
  -> Final Prediction (Multi-Image): 10
  -> Result: ? INCORRECT (Ground Truth: 1)

[2318/3633] Processing: gsw-vs-mem-0022400366_77-track_35452 | True Jersey: 22
  -> Final Prediction (Multi-Image): 22
  -> Result: ? CORRECT

[2319/3633] Processing: mem-vs-atl-0022400378_124-track_21172 | True Jersey: 13
  -> Final Prediction (Multi-Image): 13
  -> Result: ? CORRECT

[2320/3633] Processing: bos-vs-was-0022401217_44-track_43881 | True Jersey: 9
  -> Final Prediction (Multi-Image): 9
  -> Result: ? CORRECT

[2321/3633] Processing: mil-vs-dal-0022400865_21-track_6688 | True Jersey: 18
  -> Final Prediction (Multi-Image): 18
  -> Result: ? CORRECT

[2322/3633] Processing: hou-vs-okc-0022400879_299-track_56146 | True Jersey: 22
  -> Final Prediction (Multi-Image): 22
  -> Result: ? CORRECT

[2323/3633] Processing: lac-vs-lal-0022400874_0-track_12997 | True Jersey: 7
  -> Final Prediction (Multi-Image): 15
  -> Result: ? INCORRECT (Ground Truth: 7)

[2324/3633] Processing: chi-vs-tor-0022401223_226-track_18384 | True Jersey: 19
  -> Final Prediction (Multi-Image): 10
  -> Result: ? INCORRECT (Ground Truth: 19)

[2325/3633] Processing: cle-vs-chi-0022400886_422-track_24230 | True Jersey: 8
  -> Final Prediction (Multi-Image): 20
  -> Result: ? INCORRECT (Ground Truth: 8)

[2326/3633] Processing: mil-vs-chi-0022400398_250-track_37685 | True Jersey: 9
  -> Final Prediction (Multi-Image): 9
  -> Result: ? CORRECT

[2327/3633] Processing: uta-vs-tor-0022400905_434-track_50566 | True Jersey: 28
  -> Final Prediction (Multi-Image): 28
  -> Result: ? CORRECT

[2328/3633] Processing: uta-vs-was-0022400894_118-track_15709 | True Jersey: 19
  -> Final Prediction (Multi-Image): 19
  -> Result: ? CORRECT

[2329/3633] Processing: lac-vs-lal-0022400874_172-track_28999 | True Jersey: 11
  -> Final Prediction (Multi-Image): 11
  -> Result: ? CORRECT

[2330/3633] Processing: nop-vs-ind-0022401216_23-track_40093 | True Jersey: 43
  -> Final Prediction (Multi-Image): 11
  -> Result: ? INCORRECT (Ground Truth: 43)

[2331/3633] Processing: den-vs-bos-0022400866_195-track_30829 | True Jersey: 27
  -> Final Prediction (Multi-Image): 23
  -> Result: ? INCORRECT (Ground Truth: 27)

[2332/3633] Processing: den-vs-por-0022400371_210-track_13316 | True Jersey: 1
  -> Final Prediction (Multi-Image): 1
  -> Result: ? CORRECT

[2333/3633] Processing: min-vs-sas-0022401218_175-track_39607 | True Jersey: 30
  -> Final Prediction (Multi-Image): 10
  -> Result: ? INCORRECT (Ground Truth: 30)

[2334/3633] Processing: min-vs-sas-0022401218_207-track_14586 | True Jersey: 5
  -> Final Prediction (Multi-Image): 27
  -> Result: ? INCORRECT (Ground Truth: 5)

[2335/3633] Processing: tor-vs-orl-0022400870_13-track_28030 | True Jersey: 3
  -> Final Prediction (Multi-Image): 1
  -> Result: ? INCORRECT (Ground Truth: 3)

[2336/3633] Processing: den-vs-sac-0022401225_222-track_60589 | True Jersey: 15
  -> Final Prediction (Multi-Image): 15
  -> Result: ? CORRECT

[2337/3633] Processing: uta-vs-lac-0022401226_115-track_60815 | True Jersey: 3
  -> Final Prediction (Multi-Image): 3
  -> Result: ? CORRECT

[2338/3633] Processing: gsw-vs-mem-0022400366_293-track_35691 | True Jersey: 2
  -> Final Prediction (Multi-Image): 1
  -> Result: ? INCORRECT (Ground Truth: 2)

[2339/3633] Processing: hou-vs-okc-0022400879_299-track_56255 | True Jersey: 3
  -> Final Prediction (Multi-Image): 3
  -> Result: ? CORRECT

[2340/3633] Processing: mem-vs-atl-0022400378_36-track_41467 | True Jersey: 15
  -> Final Prediction (Multi-Image): 1
  -> Result: ? INCORRECT (Ground Truth: 15)

[2341/3633] Processing: uta-vs-tor-0022400905_242-track_14329 | True Jersey: 8
  -> Final Prediction (Multi-Image): 8
  -> Result: ? CORRECT

[2342/3633] Processing: okc-vs-mia-0022400375_101-track_1632 | True Jersey: 11
  -> Final Prediction (Multi-Image): 14
  -> Result: ? INCORRECT (Ground Truth: 11)

[2343/3633] Processing: gsw-vs-mem-0022400366_12-track_46540 | True Jersey: 22
  -> Final Prediction (Multi-Image): 21
  -> Result: ? INCORRECT (Ground Truth: 22)

[2344/3633] Processing: bos-vs-was-0022401217_138-track_24639 | True Jersey: 16
  -> Final Prediction (Multi-Image): 16
  -> Result: ? CORRECT

[2345/3633] Processing: min-vs-phx-0022400873_301-track_12739 | True Jersey: 35
  -> Final Prediction (Multi-Image): 8
  -> Result: ? INCORRECT (Ground Truth: 35)

[2346/3633] Processing: was-vs-cha-0022400860_266-track_59240 | True Jersey: 7
  -> Final Prediction (Multi-Image): 7
  -> Result: ? CORRECT

[2347/3633] Processing: bos-vs-was-0022401217_293-track_24358 | True Jersey: 7
  -> Final Prediction (Multi-Image): 7
  -> Result: ? CORRECT

[2348/3633] Processing: mil-vs-okc-0062400001_71-track_9862 | True Jersey: 20
  -> Final Prediction (Multi-Image): 20
  -> Result: ? CORRECT

[2349/3633] Processing: uta-vs-was-0022400894_338-track_12619 | True Jersey: 34
  -> Final Prediction (Multi-Image): 34
  -> Result: ? CORRECT

[2350/3633] Processing: uta-vs-was-0022400894_118-track_15688 | True Jersey: nan
  -> Final Prediction (Multi-Image): 10
  -> Result: ? INCORRECT (Ground Truth: nan)

[2351/3633] Processing: den-vs-sac-0022401225_83-track_1859 | True Jersey: 3
  -> Final Prediction (Multi-Image): 3
  -> Result: ? CORRECT

[2352/3633] Processing: nyk-vs-min-0022400367_284-track_13961 | True Jersey: 25
  -> Final Prediction (Multi-Image): 10
  -> Result: ? INCORRECT (Ground Truth: 25)

[2353/3633] Processing: chi-vs-tor-0022401223_226-track_18344 | True Jersey: 0
  -> Final Prediction (Multi-Image): 0
  -> Result: ? CORRECT

[2354/3633] Processing: dal-vs-gsw-0022401228_202-track_12121 | True Jersey: 77
  -> Final Prediction (Multi-Image): 11
  -> Result: ? INCORRECT (Ground Truth: 77)

[2355/3633] Processing: mil-vs-cle-0022400374_321-track_14670 | True Jersey: 13
  -> Final Prediction (Multi-Image): 13
  -> Result: ? CORRECT

[2356/3633] Processing: bkn-vs-det-0022400861_109-track_59052 | True Jersey: 17
  -> Final Prediction (Multi-Image): 17
  -> Result: ? CORRECT

[2357/3633] Processing: mil-vs-okc-0062400001_45-track_24777 | True Jersey: 34
  -> Final Prediction (Multi-Image): 1
  -> Result: ? INCORRECT (Ground Truth: 34)

[2358/3633] Processing: nyk-vs-nop-0022400384_243-track_30597 | True Jersey: 25
  -> Final Prediction (Multi-Image): 2
  -> Result: ? INCORRECT (Ground Truth: 25)

[2359/3633] Processing: chi-vs-bos-0022400363_398-track_44552 | True Jersey: 44
  -> Final Prediction (Multi-Image): 44
  -> Result: ? CORRECT

[2360/3633] Processing: lac-vs-dal-0022400368_379-track_47752 | True Jersey: 7
  -> Final Prediction (Multi-Image): 7
  -> Result: ? CORRECT

[2361/3633] Processing: sas-vs-phi-0022400394_99-track_20363 | True Jersey: 5
  -> Final Prediction (Multi-Image): 5
  -> Result: ? CORRECT

[2362/3633] Processing: nyk-vs-nop-0022400384_359-track_39064 | True Jersey: 5
  -> Final Prediction (Multi-Image): 8
  -> Result: ? INCORRECT (Ground Truth: 5)

[2363/3633] Processing: gsw-vs-bkn-0022400901_332-track_29386 | True Jersey: 33
  -> Final Prediction (Multi-Image): 1
  -> Result: ? INCORRECT (Ground Truth: 33)

[2364/3633] Processing: gsw-vs-nyk-0022400885_373-track_56100 | True Jersey: 3
  -> Final Prediction (Multi-Image): 7
  -> Result: ? INCORRECT (Ground Truth: 3)

[2365/3633] Processing: nyk-vs-min-0022400367_153-track_10087 | True Jersey: 5
  -> Final Prediction (Multi-Image): 1
  -> Result: ? INCORRECT (Ground Truth: 5)

[2366/3633] Processing: gsw-vs-mem-0022400366_127-track_25940 | True Jersey: 2
  -> Final Prediction (Multi-Image): 2
  -> Result: ? CORRECT

[2367/3633] Processing: orl-vs-mil-0022400917_237-track_46965 | True Jersey: nan
  -> Final Prediction (Multi-Image): 22
  -> Result: ? INCORRECT (Ground Truth: nan)

[2368/3633] Processing: tor-vs-nyk-0022400397_25-track_19873 | True Jersey: nan
  -> Final Prediction (Multi-Image): 11
  -> Result: ? INCORRECT (Ground Truth: nan)

[2369/3633] Processing: orl-vs-mil-0022400917_170-track_10083 | True Jersey: 20
  -> Final Prediction (Multi-Image): 20
  -> Result: ? CORRECT

[2370/3633] Processing: chi-vs-ind-0022400868_226-track_4814 | True Jersey: nan
  -> Final Prediction (Multi-Image): 1
  -> Result: ? INCORRECT (Ground Truth: nan)

[2371/3633] Processing: det-vs-lac-0022400898_61-track_8261 | True Jersey: 2
  -> Final Prediction (Multi-Image): 2
  -> Result: ? CORRECT

[2372/3633] Processing: gsw-vs-nyk-0022400885_353-track_13825 | True Jersey: 2
  -> Final Prediction (Multi-Image): 2
  -> Result: ? CORRECT

[2373/3633] Processing: mem-vs-lal-0022401220_156-track_58397 | True Jersey: 15
  -> Final Prediction (Multi-Image): 15
  -> Result: ? CORRECT

[2374/3633] Processing: gsw-vs-nyk-0022400885_71-track_26627 | True Jersey: 2
  -> Final Prediction (Multi-Image): 4
  -> Result: ? INCORRECT (Ground Truth: 2)

[2375/3633] Processing: den-vs-sac-0022401225_83-track_1905 | True Jersey: 3
  -> Final Prediction (Multi-Image): 3
  -> Result: ? CORRECT

[2376/3633] Processing: chi-vs-tor-0022401223_226-track_18317 | True Jersey: 30
  -> Final Prediction (Multi-Image): 11
  -> Result: ? INCORRECT (Ground Truth: 30)

[2377/3633] Processing: bkn-vs-det-0022400861_44-track_25276 | True Jersey: 45
  -> Final Prediction (Multi-Image): 15
  -> Result: ? INCORRECT (Ground Truth: 45)

[2378/3633] Processing: sac-vs-hou-0022400862_97-track_32306 | True Jersey: 23
  -> Final Prediction (Multi-Image): 15
  -> Result: ? INCORRECT (Ground Truth: 23)

[2379/3633] Processing: cle-vs-bkn-0022401224_63-track_23613 | True Jersey: 45
  -> Final Prediction (Multi-Image): 45
  -> Result: ? CORRECT

[2380/3633] Processing: lac-vs-lal-0022400874_247-track_35066 | True Jersey: nan
  -> Final Prediction (Multi-Image): 1
  -> Result: ? INCORRECT (Ground Truth: nan)

[2381/3633] Processing: was-vs-mil-0022400382_236-track_34904 | True Jersey: 9
  -> Final Prediction (Multi-Image): 1
  -> Result: ? INCORRECT (Ground Truth: 9)

[2382/3633] Processing: nyk-vs-min-0022400367_284-track_13929 | True Jersey: 0
  -> Final Prediction (Multi-Image): 0
  -> Result: ? CORRECT

[2383/3633] Processing: chi-vs-bos-0022400363_11-track_57168 | True Jersey: 44
  -> Final Prediction (Multi-Image): 11
  -> Result: ? INCORRECT (Ground Truth: 44)

[2384/3633] Processing: sas-vs-phi-0022400394_406-track_55774 | True Jersey: 3
  -> Final Prediction (Multi-Image): 6
  -> Result: ? INCORRECT (Ground Truth: 3)

[2385/3633] Processing: mil-vs-atl-0022400884_107-track_39538 | True Jersey: 3
  -> Final Prediction (Multi-Image): 3
  -> Result: ? CORRECT

[2386/3633] Processing: por-vs-cle-0022400867_80-track_17294 | True Jersey: 33
  -> Final Prediction (Multi-Image): 34
  -> Result: ? INCORRECT (Ground Truth: 33)

[2387/3633] Processing: phi-vs-cha-0022401222_403-track_34316 | True Jersey: 11
  -> Final Prediction (Multi-Image): 11
  -> Result: ? CORRECT

[2388/3633] Processing: sac-vs-hou-0022400862_212-track_24099 | True Jersey: 0
  -> Final Prediction (Multi-Image): 0
  -> Result: ? CORRECT

[2389/3633] Processing: nyk-vs-orl-0022401227_208-track_54460 | True Jersey: 32
  -> Final Prediction (Multi-Image): 33
  -> Result: ? INCORRECT (Ground Truth: 32)

[2390/3633] Processing: chi-vs-tor-0022401223_140-track_23990 | True Jersey: 9
  -> Final Prediction (Multi-Image): 10
  -> Result: ? INCORRECT (Ground Truth: 9)

[2391/3633] Processing: mil-vs-dal-0022400865_286-track_16815 | True Jersey: 13
  -> Final Prediction (Multi-Image): 13
  -> Result: ? CORRECT

[2392/3633] Processing: nyk-vs-mia-0022400869_368-track_57142 | True Jersey: 8
  -> Final Prediction (Multi-Image): 8
  -> Result: ? CORRECT

[2393/3633] Processing: hou-vs-okc-0022400879_180-track_49531 | True Jersey: 34
  -> Final Prediction (Multi-Image): 34
  -> Result: ? CORRECT

[2394/3633] Processing: okc-vs-mia-0022400375_144-track_4343 | True Jersey: 5
  -> Final Prediction (Multi-Image): 5
  -> Result: ? CORRECT

[2395/3633] Processing: gsw-vs-nyk-0022400885_341-track_33216 | True Jersey: 21
  -> Final Prediction (Multi-Image): 2
  -> Result: ? INCORRECT (Ground Truth: 21)

[2396/3633] Processing: min-vs-phx-0022400873_351-track_25717 | True Jersey: 2
  -> Final Prediction (Multi-Image): 2
  -> Result: ? CORRECT

[2397/3633] Processing: por-vs-cle-0022400867_80-track_17286 | True Jersey: 4
  -> Final Prediction (Multi-Image): 4
  -> Result: ? CORRECT

[2398/3633] Processing: lac-vs-dal-0022400368_331-track_60375 | True Jersey: 33
  -> Final Prediction (Multi-Image): 33
  -> Result: ? CORRECT

[2399/3633] Processing: det-vs-lac-0022400898_280-track_8147 | True Jersey: nan
  -> Final Prediction (Multi-Image): 1
  -> Result: ? INCORRECT (Ground Truth: nan)

[2400/3633] Processing: uta-vs-was-0022400894_118-track_15749 | True Jersey: 25
  -> Final Prediction (Multi-Image): 25
  -> Result: ? CORRECT

[2401/3633] Processing: phi-vs-cha-0022401222_146-track_50766 | True Jersey: 0
  -> Final Prediction (Multi-Image): 0
  -> Result: ? CORRECT

[2402/3633] Processing: sas-vs-sac-0022400910_274-track_46523 | True Jersey: 5
  -> Final Prediction (Multi-Image): 3
  -> Result: ? INCORRECT (Ground Truth: 5)

[2403/3633] Processing: mil-vs-cle-0022400374_321-track_14709 | True Jersey: 5
  -> Final Prediction (Multi-Image): 5
  -> Result: ? CORRECT

[2404/3633] Processing: bkn-vs-det-0022400861_393-track_57668 | True Jersey: 45
  -> Final Prediction (Multi-Image): 15
  -> Result: ? INCORRECT (Ground Truth: 45)

[2405/3633] Processing: phi-vs-cha-0022401222_405-track_7049 | True Jersey: 5
  -> Final Prediction (Multi-Image): 5
  -> Result: ? CORRECT

[2406/3633] Processing: mil-vs-dal-0022400865_286-track_16817 | True Jersey: 26
  -> Final Prediction (Multi-Image): 26
  -> Result: ? CORRECT

[2407/3633] Processing: nop-vs-hou-0022400365_307-track_45940 | True Jersey: nan
  -> Final Prediction (Multi-Image): 10
  -> Result: ? INCORRECT (Ground Truth: nan)

[2408/3633] Processing: cle-vs-chi-0022400886_383-track_59428 | True Jersey: 12
  -> Final Prediction (Multi-Image): 11
  -> Result: ? INCORRECT (Ground Truth: 12)

[2409/3633] Processing: min-vs-sas-0022401218_286-track_42640 | True Jersey: 30
  -> Final Prediction (Multi-Image): 30
  -> Result: ? CORRECT

[2410/3633] Processing: lac-vs-dal-0022400368_379-track_47680 | True Jersey: 13
  -> Final Prediction (Multi-Image): 13
  -> Result: ? CORRECT

[2411/3633] Processing: bos-vs-was-0022401217_41-track_248 | True Jersey: 7
  -> Final Prediction (Multi-Image): 7
  -> Result: ? CORRECT

[2412/3633] Processing: uta-vs-was-0022400894_338-track_12529 | True Jersey: 25
  -> Final Prediction (Multi-Image): 10
  -> Result: ? INCORRECT (Ground Truth: 25)

[2413/3633] Processing: nyk-vs-mia-0022400869_124-track_20833 | True Jersey: 1
  -> Final Prediction (Multi-Image): 7
  -> Result: ? INCORRECT (Ground Truth: 1)

[2414/3633] Processing: chi-vs-tor-0022401223_145-track_11021 | True Jersey: 2
  -> Final Prediction (Multi-Image): 2
  -> Result: ? CORRECT

[2415/3633] Processing: den-vs-bos-0022400866_195-track_30883 | True Jersey: 42
  -> Final Prediction (Multi-Image): 4
  -> Result: ? INCORRECT (Ground Truth: 42)

[2416/3633] Processing: bos-vs-was-0022401217_199-track_16812 | True Jersey: 0
  -> Final Prediction (Multi-Image): 0
  -> Result: ? CORRECT

[2417/3633] Processing: den-vs-por-0022400371_173-track_39808 | True Jersey: 15
  -> Final Prediction (Multi-Image): 15
  -> Result: ? CORRECT

[2418/3633] Processing: chi-vs-tor-0022401223_198-track_52448 | True Jersey: 9
  -> Final Prediction (Multi-Image): 0
  -> Result: ? INCORRECT (Ground Truth: 9)

[2419/3633] Processing: den-vs-bos-0022400866_195-track_30846 | True Jersey: 4
  -> Final Prediction (Multi-Image): 4
  -> Result: ? CORRECT

[2420/3633] Processing: was-vs-cha-0022400860_297-track_26882 | True Jersey: 36
  -> Final Prediction (Multi-Image): 11
  -> Result: ? INCORRECT (Ground Truth: 36)

[2421/3633] Processing: den-vs-sac-0022401225_310-track_33683 | True Jersey: 20
  -> Final Prediction (Multi-Image): 21
  -> Result: ? INCORRECT (Ground Truth: 20)

[2422/3633] Processing: bos-vs-was-0022401217_111-track_28737 | True Jersey: 11
  -> Final Prediction (Multi-Image): 11
  -> Result: ? CORRECT

[2423/3633] Processing: den-vs-sac-0022401225_83-track_1851 | True Jersey: 4
  -> Final Prediction (Multi-Image): 1
  -> Result: ? INCORRECT (Ground Truth: 4)

[2424/3633] Processing: bkn-vs-det-0022400861_200-track_19077 | True Jersey: 45
  -> Final Prediction (Multi-Image): 1
  -> Result: ? INCORRECT (Ground Truth: 45)

[2425/3633] Processing: den-vs-bos-0022400866_173-track_32064 | True Jersey: nan
  -> Final Prediction (Multi-Image): 1
  -> Result: ? INCORRECT (Ground Truth: nan)

[2426/3633] Processing: det-vs-lac-0022400898_328-track_40189 | True Jersey: 17
  -> Final Prediction (Multi-Image): 17
  -> Result: ? CORRECT

[2427/3633] Processing: sas-vs-phi-0022400394_406-track_55734 | True Jersey: 30
  -> Final Prediction (Multi-Image): 30
  -> Result: ? CORRECT

[2428/3633] Processing: min-vs-sas-0022401218_286-track_42589 | True Jersey: 40
  -> Final Prediction (Multi-Image): 10
  -> Result: ? INCORRECT (Ground Truth: 40)

[2429/3633] Processing: phi-vs-uta-0022400433_140-track_61687 | True Jersey: nan
  -> Final Prediction (Multi-Image): 1
  -> Result: ? INCORRECT (Ground Truth: nan)

[2430/3633] Processing: uta-vs-was-0022400894_215-track_1394 | True Jersey: nan
  -> Final Prediction (Multi-Image): 20
  -> Result: ? INCORRECT (Ground Truth: nan)

[2431/3633] Processing: nyk-vs-mia-0022400869_368-track_57062 | True Jersey: 11
  -> Final Prediction (Multi-Image): 11
  -> Result: ? CORRECT

[2432/3633] Processing: nyk-vs-nop-0022400384_135-track_45100 | True Jersey: 4
  -> Final Prediction (Multi-Image): 4
  -> Result: ? CORRECT

[2433/3633] Processing: gsw-vs-bkn-0022400901_332-track_29353 | True Jersey: 13
  -> Final Prediction (Multi-Image): 13
  -> Result: ? CORRECT

[2434/3633] Processing: okc-vs-mia-0022400375_358-track_7968 | True Jersey: 9
  -> Final Prediction (Multi-Image): 11
  -> Result: ? INCORRECT (Ground Truth: 9)

[2435/3633] Processing: cle-vs-bkn-0022401224_155-track_32475 | True Jersey: 22
  -> Final Prediction (Multi-Image): 22
  -> Result: ? CORRECT

[2436/3633] Processing: nyk-vs-orl-0022401227_192-track_19550 | True Jersey: 11
  -> Final Prediction (Multi-Image): 11
  -> Result: ? CORRECT

[2437/3633] Processing: nyk-vs-min-0022400367_153-track_9893 | True Jersey: 1
  -> Final Prediction (Multi-Image): 2
  -> Result: ? INCORRECT (Ground Truth: 1)

[2438/3633] Processing: uta-vs-was-0022400894_75-track_2612 | True Jersey: 36
  -> Final Prediction (Multi-Image): 36
  -> Result: ? CORRECT

[2439/3633] Processing: mia-vs-det-0022401221_270-track_26783 | True Jersey: 7
  -> Final Prediction (Multi-Image): 7
  -> Result: ? CORRECT

[2440/3633] Processing: sas-vs-sac-0022400910_171-track_14610 | True Jersey: 8
  -> Final Prediction (Multi-Image): 8
  -> Result: ? CORRECT

[2441/3633] Processing: gsw-vs-bkn-0022400901_367-track_35859 | True Jersey: 24
  -> Final Prediction (Multi-Image): 24
  -> Result: ? CORRECT

[2442/3633] Processing: lac-vs-dal-0022400368_331-track_60517 | True Jersey: 31
  -> Final Prediction (Multi-Image): 15
  -> Result: ? INCORRECT (Ground Truth: 31)

[2443/3633] Processing: mil-vs-dal-0022400865_286-track_16829 | True Jersey: 5
  -> Final Prediction (Multi-Image): 5
  -> Result: ? CORRECT

[2444/3633] Processing: sas-vs-mem-0022400863_289-track_416 | True Jersey: 0
  -> Final Prediction (Multi-Image): 0
  -> Result: ? CORRECT

[2445/3633] Processing: den-vs-bos-0022400866_195-track_30800 | True Jersey: 4
  -> Final Prediction (Multi-Image): 10
  -> Result: ? INCORRECT (Ground Truth: 4)

[2446/3633] Processing: was-vs-cha-0022400860_9-track_24557 | True Jersey: 0
  -> Final Prediction (Multi-Image): 1
  -> Result: ? INCORRECT (Ground Truth: 0)

[2447/3633] Processing: gsw-vs-nyk-0022400885_90-track_5417 | True Jersey: 4
  -> Final Prediction (Multi-Image): 4
  -> Result: ? CORRECT

[2448/3633] Processing: bkn-vs-det-0022400861_44-track_25418 | True Jersey: 12
  -> Final Prediction (Multi-Image): 12
  -> Result: ? CORRECT

[2449/3633] Processing: chi-vs-tor-0022401223_263-track_14179 | True Jersey: 9
  -> Final Prediction (Multi-Image): 1
  -> Result: ? INCORRECT (Ground Truth: 9)

[2450/3633] Processing: det-vs-por-0022400926_162-track_7584 | True Jersey: nan
  -> Final Prediction (Multi-Image): 11
  -> Result: ? INCORRECT (Ground Truth: nan)

[2451/3633] Processing: phx-vs-den-0022400402_55-track_34957 | True Jersey: 3
  -> Final Prediction (Multi-Image): 1
  -> Result: ? INCORRECT (Ground Truth: 3)

[2452/3633] Processing: uta-vs-lac-0022401226_115-track_60806 | True Jersey: 3
  -> Final Prediction (Multi-Image): 3
  -> Result: ? CORRECT

[2453/3633] Processing: was-vs-cha-0022400860_297-track_27017 | True Jersey: nan
  -> Final Prediction (Multi-Image): 5
  -> Result: ? INCORRECT (Ground Truth: nan)

[2454/3633] Processing: nop-vs-uta-0022400872_80-track_56674 | True Jersey: 5
  -> Final Prediction (Multi-Image): 5
  -> Result: ? CORRECT

[2455/3633] Processing: chi-vs-ind-0022400868_100-track_7048 | True Jersey: 26
  -> Final Prediction (Multi-Image): 26
  -> Result: ? CORRECT

[2456/3633] Processing: den-vs-sac-0022401225_83-track_1889 | True Jersey: 99
  -> Final Prediction (Multi-Image): 99
  -> Result: ? CORRECT

[2457/3633] Processing: gsw-vs-mem-0022400366_12-track_46592 | True Jersey: 12
  -> Final Prediction (Multi-Image): 12
  -> Result: ? CORRECT

[2458/3633] Processing: por-vs-cle-0022400867_80-track_17270 | True Jersey: 32
  -> Final Prediction (Multi-Image): 32
  -> Result: ? CORRECT

[2459/3633] Processing: por-vs-phx-0022401219_24-track_1005 | True Jersey: 17
  -> Final Prediction (Multi-Image): 17
  -> Result: ? CORRECT

[2460/3633] Processing: mem-vs-atl-0022400378_209-track_58792 | True Jersey: 1
  -> Final Prediction (Multi-Image): 1
  -> Result: ? CORRECT

[2461/3633] Processing: cle-vs-bkn-0022401224_257-track_15228 | True Jersey: 3
  -> Final Prediction (Multi-Image): 3
  -> Result: ? CORRECT

[2462/3633] Processing: nyk-vs-min-0022400367_284-track_13932 | True Jersey: 32
  -> Final Prediction (Multi-Image): 32
  -> Result: ? CORRECT

[2463/3633] Processing: mil-vs-dal-0022400865_141-track_2335 | True Jersey: 12
  -> Final Prediction (Multi-Image): 12
  -> Result: ? CORRECT

[2464/3633] Processing: cle-vs-bkn-0022401224_31-track_18849 | True Jersey: nan
  -> Final Prediction (Multi-Image): 1
  -> Result: ? INCORRECT (Ground Truth: nan)

[2465/3633] Processing: hou-vs-okc-0022400879_299-track_56289 | True Jersey: 22
  -> Final Prediction (Multi-Image): 22
  -> Result: ? CORRECT

[2466/3633] Processing: mil-vs-chi-0022400398_250-track_37622 | True Jersey: 25
  -> Final Prediction (Multi-Image): 25
  -> Result: ? CORRECT

[2467/3633] Processing: den-vs-bos-0022400866_195-track_30740 | True Jersey: 15
  -> Final Prediction (Multi-Image): 5
  -> Result: ? INCORRECT (Ground Truth: 15)

[2468/3633] Processing: mil-vs-dal-0022400865_297-track_32150 | True Jersey: 13
  -> Final Prediction (Multi-Image): 13
  -> Result: ? CORRECT

[2469/3633] Processing: sac-vs-hou-0022400862_212-track_24146 | True Jersey: 17
  -> Final Prediction (Multi-Image): 17
  -> Result: ? CORRECT

[2470/3633] Processing: mil-vs-dal-0022400865_141-track_2486 | True Jersey: 11
  -> Final Prediction (Multi-Image): 11
  -> Result: ? CORRECT

[2471/3633] Processing: mem-vs-atl-0022400378_321-track_10809 | True Jersey: 13
  -> Final Prediction (Multi-Image): 11
  -> Result: ? INCORRECT (Ground Truth: 13)

[2472/3633] Processing: mil-vs-okc-0062400001_45-track_24798 | True Jersey: 12
  -> Final Prediction (Multi-Image): 12
  -> Result: ? CORRECT

[2473/3633] Processing: min-vs-phx-0022400873_351-track_25742 | True Jersey: 30
  -> Final Prediction (Multi-Image): 1
  -> Result: ? INCORRECT (Ground Truth: 30)

[2474/3633] Processing: por-vs-cle-0022400867_132-track_28456 | True Jersey: 2
  -> Final Prediction (Multi-Image): 9
  -> Result: ? INCORRECT (Ground Truth: 2)

[2475/3633] Processing: okc-vs-sas-0022400871_210-track_38278 | True Jersey: 8
  -> Final Prediction (Multi-Image): 8
  -> Result: ? CORRECT

[2476/3633] Processing: chi-vs-tor-0022401223_198-track_52421 | True Jersey: 9
  -> Final Prediction (Multi-Image): 1
  -> Result: ? INCORRECT (Ground Truth: 9)

[2477/3633] Processing: mil-vs-dal-0022400865_21-track_6723 | True Jersey: 9
  -> Final Prediction (Multi-Image): 9
  -> Result: ? CORRECT

[2478/3633] Processing: mem-vs-atl-0022400378_321-track_10807 | True Jersey: 2
  -> Final Prediction (Multi-Image): 2
  -> Result: ? CORRECT

[2479/3633] Processing: min-vs-sas-0022401218_175-track_39616 | True Jersey: 10
  -> Final Prediction (Multi-Image): 10
  -> Result: ? CORRECT

[2480/3633] Processing: min-vs-phx-0022400873_226-track_2718 | True Jersey: 11
  -> Final Prediction (Multi-Image): 11
  -> Result: ? CORRECT

[2481/3633] Processing: cle-vs-bkn-0022401224_257-track_15310 | True Jersey: 10
  -> Final Prediction (Multi-Image): 10
  -> Result: ? CORRECT

[2482/3633] Processing: phi-vs-uta-0022400433_140-track_61690 | True Jersey: 9
  -> Final Prediction (Multi-Image): 3
  -> Result: ? INCORRECT (Ground Truth: 9)

[2483/3633] Processing: det-vs-lac-0022400898_280-track_8144 | True Jersey: 21
  -> Final Prediction (Multi-Image): 31
  -> Result: ? INCORRECT (Ground Truth: 21)

[2484/3633] Processing: chi-vs-tor-0022401223_226-track_18314 | True Jersey: 1
  -> Final Prediction (Multi-Image): 1
  -> Result: ? CORRECT

[2485/3633] Processing: lac-vs-dal-0022400368_95-track_41200 | True Jersey: 4
  -> Final Prediction (Multi-Image): 4
  -> Result: ? CORRECT

[2486/3633] Processing: gsw-vs-phi-0022400864_255-track_43668 | True Jersey: 9
  -> Final Prediction (Multi-Image): 9
  -> Result: ? CORRECT

[2487/3633] Processing: den-vs-bos-0022400866_173-track_32129 | True Jersey: 1
  -> Final Prediction (Multi-Image): 4
  -> Result: ? INCORRECT (Ground Truth: 1)

[2488/3633] Processing: den-vs-sac-0022401225_393-track_24450 | True Jersey: 10
  -> Final Prediction (Multi-Image): 10
  -> Result: ? CORRECT

[2489/3633] Processing: bos-vs-was-0022401217_199-track_16733 | True Jersey: nan
  -> Final Prediction (Multi-Image): 1
  -> Result: ? INCORRECT (Ground Truth: nan)

[2490/3633] Processing: hou-vs-okc-0022400879_1-track_33957 | True Jersey: 7
  -> Final Prediction (Multi-Image): 1
  -> Result: ? INCORRECT (Ground Truth: 7)

[2491/3633] Processing: lac-vs-dal-0022400368_95-track_41289 | True Jersey: 7
  -> Final Prediction (Multi-Image): 7
  -> Result: ? CORRECT

[2492/3633] Processing: chi-vs-ind-0022400868_100-track_7124 | True Jersey: 33
  -> Final Prediction (Multi-Image): 1
  -> Result: ? INCORRECT (Ground Truth: 33)

[2493/3633] Processing: por-vs-phx-0022401219_114-track_32972 | True Jersey: 23
  -> Final Prediction (Multi-Image): 23
  -> Result: ? CORRECT

[2494/3633] Processing: mil-vs-dal-0022400865_142-track_52355 | True Jersey: 00
  -> Final Prediction (Multi-Image): 11
  -> Result: ? INCORRECT (Ground Truth: 00)

[2495/3633] Processing: mem-vs-atl-0022400378_124-track_21159 | True Jersey: 15
  -> Final Prediction (Multi-Image): 15
  -> Result: ? CORRECT

[2496/3633] Processing: lac-vs-dal-0022400368_147-track_5699 | True Jersey: 25
  -> Final Prediction (Multi-Image): 1
  -> Result: ? INCORRECT (Ground Truth: 25)

[2497/3633] Processing: mem-vs-nop-0022400923_196-track_31588 | True Jersey: 25
  -> Final Prediction (Multi-Image): 26
  -> Result: ? INCORRECT (Ground Truth: 25)

[2498/3633] Processing: min-vs-phx-0022400873_301-track_12686 | True Jersey: nan
  -> Final Prediction (Multi-Image): 1
  -> Result: ? INCORRECT (Ground Truth: nan)

[2499/3633] Processing: phi-vs-min-0022400887_84-track_16369 | True Jersey: 0
  -> Final Prediction (Multi-Image): 0
  -> Result: ? CORRECT

[2500/3633] Processing: chi-vs-bos-0022400363_51-track_17413 | True Jersey: 9
  -> Final Prediction (Multi-Image): 9
  -> Result: ? CORRECT

[2501/3633] Processing: nop-vs-uta-0022400872_242-track_41161 | True Jersey: 11
  -> Final Prediction (Multi-Image): 11
  -> Result: ? CORRECT

[2502/3633] Processing: sas-vs-sac-0022400910_115-track_6621 | True Jersey: 5
  -> Final Prediction (Multi-Image): 1
  -> Result: ? INCORRECT (Ground Truth: 5)

[2503/3633] Processing: chi-vs-bos-0022400363_35-track_15589 | True Jersey: 11
  -> Final Prediction (Multi-Image): 11
  -> Result: ? CORRECT

[2504/3633] Processing: mil-vs-okc-0062400001_288-track_57850 | True Jersey: 34
  -> Final Prediction (Multi-Image): 34
  -> Result: ? CORRECT

[2505/3633] Processing: mil-vs-atl-0022400884_127-track_43035 | True Jersey: 3
  -> Final Prediction (Multi-Image): 3
  -> Result: ? CORRECT

[2506/3633] Processing: cle-vs-chi-0022400886_383-track_59476 | True Jersey: 12
  -> Final Prediction (Multi-Image): 12
  -> Result: ? CORRECT

[2507/3633] Processing: sas-vs-sac-0022400910_190-track_25059 | True Jersey: 23
  -> Final Prediction (Multi-Image): 23
  -> Result: ? CORRECT

[2508/3633] Processing: phi-vs-cha-0022401222_405-track_7096 | True Jersey: 0
  -> Final Prediction (Multi-Image): 0
  -> Result: ? CORRECT

[2509/3633] Processing: uta-vs-lac-0022401226_299-track_41671 | True Jersey: 33
  -> Final Prediction (Multi-Image): 33
  -> Result: ? CORRECT

[2510/3633] Processing: was-vs-cha-0022400860_13-track_49903 | True Jersey: 32
  -> Final Prediction (Multi-Image): 1
  -> Result: ? INCORRECT (Ground Truth: 32)

[2511/3633] Processing: mem-vs-nop-0022400923_293-track_27494 | True Jersey: 17
  -> Final Prediction (Multi-Image): 17
  -> Result: ? CORRECT

[2512/3633] Processing: nyk-vs-nop-0022400384_367-track_5828 | True Jersey: nan
  -> Final Prediction (Multi-Image): 1
  -> Result: ? INCORRECT (Ground Truth: nan)

[2513/3633] Processing: mem-vs-atl-0022400378_124-track_21145 | True Jersey: 36
  -> Final Prediction (Multi-Image): 36
  -> Result: ? CORRECT

[2514/3633] Processing: phi-vs-min-0022400887_256-track_25988 | True Jersey: 1
  -> Final Prediction (Multi-Image): 5
  -> Result: ? INCORRECT (Ground Truth: 1)

[2515/3633] Processing: nop-vs-uta-0022400872_126-track_39884 | True Jersey: 11
  -> Final Prediction (Multi-Image): 1
  -> Result: ? INCORRECT (Ground Truth: 11)

[2516/3633] Processing: mem-vs-atl-0022400378_36-track_41483 | True Jersey: 14
  -> Final Prediction (Multi-Image): 11
  -> Result: ? INCORRECT (Ground Truth: 14)

[2517/3633] Processing: nop-vs-uta-0022400872_348-track_29693 | True Jersey: 27
  -> Final Prediction (Multi-Image): 27
  -> Result: ? CORRECT

[2518/3633] Processing: cle-vs-bkn-0022401224_377-track_40408 | True Jersey: 13
  -> Final Prediction (Multi-Image): 13
  -> Result: ? CORRECT

[2519/3633] Processing: uta-vs-was-0022400894_338-track_12522 | True Jersey: 33
  -> Final Prediction (Multi-Image): 33
  -> Result: ? CORRECT

[2520/3633] Processing: sas-vs-sac-0022400910_220-track_21516 | True Jersey: 24
  -> Final Prediction (Multi-Image): 84
  -> Result: ? INCORRECT (Ground Truth: 24)

[2521/3633] Processing: nop-vs-ind-0022401216_429-track_1803 | True Jersey: 2
  -> Final Prediction (Multi-Image): 2
  -> Result: ? CORRECT

[2522/3633] Processing: chi-vs-tor-0022401223_145-track_11132 | True Jersey: 9
  -> Final Prediction (Multi-Image): 10
  -> Result: ? INCORRECT (Ground Truth: 9)

[2523/3633] Processing: chi-vs-ind-0022400868_293-track_19699 | True Jersey: 22
  -> Final Prediction (Multi-Image): 22
  -> Result: ? CORRECT

[2524/3633] Processing: bkn-vs-det-0022400861_44-track_25386 | True Jersey: nan
  -> Final Prediction (Multi-Image): 10
  -> Result: ? INCORRECT (Ground Truth: nan)

[2525/3633] Processing: mem-vs-atl-0022400378_124-track_21079 | True Jersey: 15
  -> Final Prediction (Multi-Image): 15
  -> Result: ? CORRECT

[2526/3633] Processing: cle-vs-chi-0022400886_422-track_24154 | True Jersey: 25
  -> Final Prediction (Multi-Image): 5
  -> Result: ? INCORRECT (Ground Truth: 25)

[2527/3633] Processing: was-vs-cha-0022400860_9-track_24568 | True Jersey: 0
  -> Final Prediction (Multi-Image): 0
  -> Result: ? CORRECT

[2528/3633] Processing: nyk-vs-mia-0022400869_124-track_20835 | True Jersey: 32
  -> Final Prediction (Multi-Image): 32
  -> Result: ? CORRECT

[2529/3633] Processing: nop-vs-uta-0022400872_348-track_29734 | True Jersey: 3
  -> Final Prediction (Multi-Image): 3
  -> Result: ? CORRECT

[2530/3633] Processing: den-vs-bos-0022400866_173-track_32060 | True Jersey: 7
  -> Final Prediction (Multi-Image): 7
  -> Result: ? CORRECT

[2531/3633] Processing: bkn-vs-det-0022400861_15-track_53506 | True Jersey: 8
  -> Final Prediction (Multi-Image): 8
  -> Result: ? CORRECT

[2532/3633] Processing: tor-vs-orl-0022400870_282-track_41694 | True Jersey: 4
  -> Final Prediction (Multi-Image): 6
  -> Result: ? INCORRECT (Ground Truth: 4)

[2533/3633] Processing: gsw-vs-bkn-0022400901_325-track_25865 | True Jersey: 21
  -> Final Prediction (Multi-Image): 2
  -> Result: ? INCORRECT (Ground Truth: 21)

[2534/3633] Processing: den-vs-sac-0022401225_393-track_24531 | True Jersey: nan
  -> Final Prediction (Multi-Image): 8
  -> Result: ? INCORRECT (Ground Truth: nan)

[2535/3633] Processing: gsw-vs-phi-0022400864_233-track_38009 | True Jersey: 2
  -> Final Prediction (Multi-Image): 2
  -> Result: ? CORRECT

[2536/3633] Processing: hou-vs-okc-0022400879_1-track_33917 | True Jersey: 2
  -> Final Prediction (Multi-Image): 2
  -> Result: ? CORRECT

[2537/3633] Processing: bos-vs-was-0022401217_370-track_8018 | True Jersey: 13
  -> Final Prediction (Multi-Image): 15
  -> Result: ? INCORRECT (Ground Truth: 13)

[2538/3633] Processing: mem-vs-atl-0022400378_36-track_41468 | True Jersey: nan
  -> Final Prediction (Multi-Image): 10
  -> Result: ? INCORRECT (Ground Truth: nan)

[2539/3633] Processing: gsw-vs-phi-0022400864_43-track_31927 | True Jersey: 8
  -> Final Prediction (Multi-Image): 8
  -> Result: ? CORRECT

[2540/3633] Processing: por-vs-phx-0022401219_114-track_33090 | True Jersey: 20
  -> Final Prediction (Multi-Image): 20
  -> Result: ? CORRECT

[2541/3633] Processing: tor-vs-nyk-0022400397_25-track_19844 | True Jersey: 25
  -> Final Prediction (Multi-Image): 25
  -> Result: ? CORRECT

[2542/3633] Processing: lac-vs-dal-0022400368_169-track_49121 | True Jersey: 42
  -> Final Prediction (Multi-Image): 42
  -> Result: ? CORRECT

[2543/3633] Processing: tor-vs-orl-0022400870_13-track_28035 | True Jersey: 34
  -> Final Prediction (Multi-Image): 34
  -> Result: ? CORRECT

[2544/3633] Processing: chi-vs-bos-0022400363_330-track_57923 | True Jersey: 44
  -> Final Prediction (Multi-Image): 44
  -> Result: ? CORRECT

[2545/3633] Processing: mem-vs-lal-0022401220_343-track_52554 | True Jersey: 7
  -> Final Prediction (Multi-Image): 7
  -> Result: ? CORRECT

[2546/3633] Processing: cle-vs-chi-0022400886_352-track_23130 | True Jersey: 35
  -> Final Prediction (Multi-Image): 7
  -> Result: ? INCORRECT (Ground Truth: 35)

[2547/3633] Processing: tor-vs-nyk-0022400397_109-track_17422 | True Jersey: 3
  -> Final Prediction (Multi-Image): 3
  -> Result: ? CORRECT

[2548/3633] Processing: gsw-vs-nyk-0022400885_90-track_5430 | True Jersey: 8
  -> Final Prediction (Multi-Image): 0
  -> Result: ? INCORRECT (Ground Truth: 8)

[2549/3633] Processing: den-vs-bos-0022400866_307-track_21276 | True Jersey: 27
  -> Final Prediction (Multi-Image): 27
  -> Result: ? CORRECT

[2550/3633] Processing: mil-vs-okc-0062400001_71-track_9868 | True Jersey: 34
  -> Final Prediction (Multi-Image): 2
  -> Result: ? INCORRECT (Ground Truth: 34)

[2551/3633] Processing: hou-vs-okc-0022400879_299-track_56182 | True Jersey: 32
  -> Final Prediction (Multi-Image): 3
  -> Result: ? INCORRECT (Ground Truth: 32)

[2552/3633] Processing: bos-vs-was-0022401217_293-track_24342 | True Jersey: 4
  -> Final Prediction (Multi-Image): 4
  -> Result: ? CORRECT

[2553/3633] Processing: hou-vs-okc-0022400879_48-track_42289 | True Jersey: 4
  -> Final Prediction (Multi-Image): 1
  -> Result: ? INCORRECT (Ground Truth: 4)

[2554/3633] Processing: gsw-vs-nyk-0022400885_274-track_59525 | True Jersey: 7
  -> Final Prediction (Multi-Image): 7
  -> Result: ? CORRECT

[2555/3633] Processing: chi-vs-bos-0022400363_35-track_15577 | True Jersey: 8
  -> Final Prediction (Multi-Image): 8
  -> Result: ? CORRECT

[2556/3633] Processing: den-vs-sac-0022401225_222-track_60628 | True Jersey: 15
  -> Final Prediction (Multi-Image): 15
  -> Result: ? CORRECT

[2557/3633] Processing: uta-vs-was-0022400894_75-track_2496 | True Jersey: 25
  -> Final Prediction (Multi-Image): 25
  -> Result: ? CORRECT

[2558/3633] Processing: lac-vs-dal-0022400368_169-track_49075 | True Jersey: 5
  -> Final Prediction (Multi-Image): 8
  -> Result: ? INCORRECT (Ground Truth: 5)

[2559/3633] Processing: nyk-vs-mia-0022400869_318-track_33514 | True Jersey: 14
  -> Final Prediction (Multi-Image): 11
  -> Result: ? INCORRECT (Ground Truth: 14)

[2560/3633] Processing: was-vs-cha-0022400860_266-track_59246 | True Jersey: nan
  -> Final Prediction (Multi-Image): 1
  -> Result: ? INCORRECT (Ground Truth: nan)

[2561/3633] Processing: cle-vs-chi-0022400886_92-track_22464 | True Jersey: 45
  -> Final Prediction (Multi-Image): 11
  -> Result: ? INCORRECT (Ground Truth: 45)

[2562/3633] Processing: chi-vs-bos-0022400363_376-track_49782 | True Jersey: 9
  -> Final Prediction (Multi-Image): 9
  -> Result: ? CORRECT

[2563/3633] Processing: nyk-vs-orl-0022401227_49-track_21656 | True Jersey: 32
  -> Final Prediction (Multi-Image): 32
  -> Result: ? CORRECT

[2564/3633] Processing: gsw-vs-nyk-0022400885_102-track_39558 | True Jersey: 2
  -> Final Prediction (Multi-Image): 2
  -> Result: ? CORRECT

[2565/3633] Processing: bos-vs-was-0022401217_199-track_16766 | True Jersey: 0
  -> Final Prediction (Multi-Image): 0
  -> Result: ? CORRECT

[2566/3633] Processing: det-vs-por-0022400926_162-track_7534 | True Jersey: nan
  -> Final Prediction (Multi-Image): 3
  -> Result: ? INCORRECT (Ground Truth: nan)

[2567/3633] Processing: phi-vs-min-0022400887_84-track_16319 | True Jersey: 00
  -> Final Prediction (Multi-Image): 00
  -> Result: ? CORRECT

[2568/3633] Processing: mil-vs-atl-0022400884_107-track_39512 | True Jersey: 18
  -> Final Prediction (Multi-Image): 18
  -> Result: ? CORRECT

[2569/3633] Processing: min-vs-den-0022400952_126-track_7782 | True Jersey: 1
  -> Final Prediction (Multi-Image): 1
  -> Result: ? CORRECT

[2570/3633] Processing: hou-vs-okc-0022400879_299-track_56251 | True Jersey: 7
  -> Final Prediction (Multi-Image): 7
  -> Result: ? CORRECT

[2571/3633] Processing: mia-vs-det-0022401221_270-track_26715 | True Jersey: 14
  -> Final Prediction (Multi-Image): 14
  -> Result: ? CORRECT

[2572/3633] Processing: nop-vs-hou-0022400365_307-track_45903 | True Jersey: 28
  -> Final Prediction (Multi-Image): 28
  -> Result: ? CORRECT

[2573/3633] Processing: nop-vs-hou-0022400365_125-track_11142 | True Jersey: 2
  -> Final Prediction (Multi-Image): 2
  -> Result: ? CORRECT

[2574/3633] Processing: min-vs-phx-0022400873_226-track_2768 | True Jersey: 1
  -> Final Prediction (Multi-Image): 1
  -> Result: ? CORRECT

[2575/3633] Processing: uta-vs-was-0022400894_186-track_13031 | True Jersey: 99
  -> Final Prediction (Multi-Image): 99
  -> Result: ? CORRECT

[2576/3633] Processing: hou-vs-okc-0022400879_430-track_56597 | True Jersey: 15
  -> Final Prediction (Multi-Image): 15
  -> Result: ? CORRECT

[2577/3633] Processing: okc-vs-sas-0022400871_210-track_38274 | True Jersey: nan
  -> Final Prediction (Multi-Image): 1
  -> Result: ? INCORRECT (Ground Truth: nan)

[2578/3633] Processing: bos-vs-was-0022401217_370-track_8043 | True Jersey: 9
  -> Final Prediction (Multi-Image): 9
  -> Result: ? CORRECT

[2579/3633] Processing: cle-vs-chi-0022400886_364-track_44836 | True Jersey: 14
  -> Final Prediction (Multi-Image): 14
  -> Result: ? CORRECT

[2580/3633] Processing: phx-vs-den-0022400402_352-track_11461 | True Jersey: 4
  -> Final Prediction (Multi-Image): 4
  -> Result: ? CORRECT

[2581/3633] Processing: cle-vs-chi-0022400886_383-track_59425 | True Jersey: 22
  -> Final Prediction (Multi-Image): 22
  -> Result: ? CORRECT

[2582/3633] Processing: gsw-vs-phi-0022400864_15-track_32213 | True Jersey: 30
  -> Final Prediction (Multi-Image): 30
  -> Result: ? CORRECT

[2583/3633] Processing: por-vs-cle-0022400867_132-track_28460 | True Jersey: 17
  -> Final Prediction (Multi-Image): 17
  -> Result: ? CORRECT

[2584/3633] Processing: nyk-vs-mia-0022400869_124-track_20834 | True Jersey: 13
  -> Final Prediction (Multi-Image): 12
  -> Result: ? INCORRECT (Ground Truth: 13)

[2585/3633] Processing: min-vs-phx-0022400873_310-track_9704 | True Jersey: 21
  -> Final Prediction (Multi-Image): 21
  -> Result: ? CORRECT

[2586/3633] Processing: gsw-vs-nyk-0022400885_274-track_59567 | True Jersey: 10
  -> Final Prediction (Multi-Image): 10
  -> Result: ? CORRECT

[2587/3633] Processing: gsw-vs-phi-0022400864_345-track_34576 | True Jersey: 0
  -> Final Prediction (Multi-Image): 0
  -> Result: ? CORRECT

[2588/3633] Processing: cle-vs-chi-0022400886_383-track_59519 | True Jersey: 31
  -> Final Prediction (Multi-Image): 31
  -> Result: ? CORRECT

[2589/3633] Processing: mem-vs-atl-0022400378_208-track_30205 | True Jersey: 0
  -> Final Prediction (Multi-Image): 0
  -> Result: ? CORRECT

[2590/3633] Processing: min-vs-den-0022400952_126-track_7824 | True Jersey: 1
  -> Final Prediction (Multi-Image): 1
  -> Result: ? CORRECT

[2591/3633] Processing: den-vs-por-0022400371_210-track_13319 | True Jersey: 15
  -> Final Prediction (Multi-Image): 15
  -> Result: ? CORRECT

[2592/3633] Processing: cle-vs-bkn-0022401224_257-track_15253 | True Jersey: 17
  -> Final Prediction (Multi-Image): 1
  -> Result: ? INCORRECT (Ground Truth: 17)

[2593/3633] Processing: den-vs-bos-0022400866_195-track_30820 | True Jersey: 0
  -> Final Prediction (Multi-Image): 0
  -> Result: ? CORRECT

[2594/3633] Processing: den-vs-bos-0022400866_173-track_32066 | True Jersey: 42
  -> Final Prediction (Multi-Image): 13
  -> Result: ? INCORRECT (Ground Truth: 42)

[2595/3633] Processing: chi-vs-bos-0022400363_58-track_28617 | True Jersey: 14
  -> Final Prediction (Multi-Image): 1
  -> Result: ? INCORRECT (Ground Truth: 14)

[2596/3633] Processing: gsw-vs-nyk-0022400885_313-track_37258 | True Jersey: 8
  -> Final Prediction (Multi-Image): 8
  -> Result: ? CORRECT

[2597/3633] Processing: gsw-vs-bkn-0022400901_86-track_50223 | True Jersey: 9
  -> Final Prediction (Multi-Image): 8
  -> Result: ? INCORRECT (Ground Truth: 9)

[2598/3633] Processing: nyk-vs-orl-0022401227_192-track_19529 | True Jersey: 25
  -> Final Prediction (Multi-Image): 25
  -> Result: ? CORRECT

[2599/3633] Processing: nyk-vs-min-0022400367_153-track_10127 | True Jersey: nan
  -> Final Prediction (Multi-Image): 1
  -> Result: ? INCORRECT (Ground Truth: nan)

[2600/3633] Processing: uta-vs-lac-0022401226_366-track_49250 | True Jersey: 11
  -> Final Prediction (Multi-Image): 11
  -> Result: ? CORRECT

[2601/3633] Processing: lac-vs-dal-0022400368_331-track_60463 | True Jersey: 25
  -> Final Prediction (Multi-Image): 25
  -> Result: ? CORRECT

[2602/3633] Processing: chi-vs-tor-0022401223_263-track_14118 | True Jersey: 22
  -> Final Prediction (Multi-Image): 2
  -> Result: ? INCORRECT (Ground Truth: 22)

[2603/3633] Processing: sas-vs-sac-0022400910_171-track_14584 | True Jersey: 4
  -> Final Prediction (Multi-Image): 4
  -> Result: ? CORRECT

[2604/3633] Processing: chi-vs-ind-0022400868_171-track_51957 | True Jersey: 25
  -> Final Prediction (Multi-Image): 25
  -> Result: ? CORRECT

[2605/3633] Processing: gsw-vs-phi-0022400864_15-track_32175 | True Jersey: 9
  -> Final Prediction (Multi-Image): 9
  -> Result: ? CORRECT

[2606/3633] Processing: orl-vs-mil-0022400917_170-track_9900 | True Jersey: 1
  -> Final Prediction (Multi-Image): 1
  -> Result: ? CORRECT

[2607/3633] Processing: bos-vs-was-0022401217_293-track_24336 | True Jersey: 13
  -> Final Prediction (Multi-Image): 13
  -> Result: ? CORRECT

[2608/3633] Processing: lac-vs-dal-0022400368_379-track_47679 | True Jersey: 26
  -> Final Prediction (Multi-Image): 20
  -> Result: ? INCORRECT (Ground Truth: 26)

[2609/3633] Processing: cle-vs-chi-0022400886_422-track_24164 | True Jersey: 7
  -> Final Prediction (Multi-Image): 1
  -> Result: ? INCORRECT (Ground Truth: 7)

[2610/3633] Processing: mem-vs-nop-0022400923_347-track_55013 | True Jersey: 5
  -> Final Prediction (Multi-Image): 5
  -> Result: ? CORRECT

[2611/3633] Processing: mil-vs-chi-0022400398_130-track_25627 | True Jersey: 20
  -> Final Prediction (Multi-Image): 20
  -> Result: ? CORRECT

[2612/3633] Processing: mem-vs-lal-0022401220_174-track_52055 | True Jersey: 3
  -> Final Prediction (Multi-Image): 3
  -> Result: ? CORRECT

[2613/3633] Processing: okc-vs-sas-0022400871_210-track_38296 | True Jersey: 2
  -> Final Prediction (Multi-Image): 2
  -> Result: ? CORRECT

[2614/3633] Processing: det-vs-lac-0022400898_328-track_40188 | True Jersey: 40
  -> Final Prediction (Multi-Image): 40
  -> Result: ? CORRECT

[2615/3633] Processing: bos-vs-was-0022401217_112-track_4097 | True Jersey: 7
  -> Final Prediction (Multi-Image): 8
  -> Result: ? INCORRECT (Ground Truth: 7)

[2616/3633] Processing: uta-vs-tor-0022400905_242-track_14377 | True Jersey: nan
  -> Final Prediction (Multi-Image): 1
  -> Result: ? INCORRECT (Ground Truth: nan)

[2617/3633] Processing: nop-vs-ind-0022401216_293-track_16549 | True Jersey: 4
  -> Final Prediction (Multi-Image): 4
  -> Result: ? CORRECT

[2618/3633] Processing: nyk-vs-orl-0022401227_70-track_5386 | True Jersey: 5
  -> Final Prediction (Multi-Image): 0
  -> Result: ? INCORRECT (Ground Truth: 5)

[2619/3633] Processing: was-vs-mil-0022400382_236-track_34941 | True Jersey: 20
  -> Final Prediction (Multi-Image): 33
  -> Result: ? INCORRECT (Ground Truth: 20)

[2620/3633] Processing: orl-vs-mil-0022400917_237-track_46959 | True Jersey: 3
  -> Final Prediction (Multi-Image): 3
  -> Result: ? CORRECT

[2621/3633] Processing: chi-vs-ind-0022400868_255-track_47258 | True Jersey: 8
  -> Final Prediction (Multi-Image): 2
  -> Result: ? INCORRECT (Ground Truth: 8)

[2622/3633] Processing: gsw-vs-phi-0022400864_150-track_6336 | True Jersey: 8
  -> Final Prediction (Multi-Image): 1
  -> Result: ? INCORRECT (Ground Truth: 8)

[2623/3633] Processing: sas-vs-sac-0022400910_220-track_21505 | True Jersey: 10
  -> Final Prediction (Multi-Image): 10
  -> Result: ? CORRECT

[2624/3633] Processing: mem-vs-lal-0022401220_174-track_52050 | True Jersey: 3
  -> Final Prediction (Multi-Image): 3
  -> Result: ? CORRECT

[2625/3633] Processing: mil-vs-chi-0022400398_335-track_3479 | True Jersey: 11
  -> Final Prediction (Multi-Image): 11
  -> Result: ? CORRECT

[2626/3633] Processing: det-vs-lac-0022400898_328-track_40185 | True Jersey: 40
  -> Final Prediction (Multi-Image): 40
  -> Result: ? CORRECT

[2627/3633] Processing: phi-vs-cha-0022401222_403-track_34262 | True Jersey: 8
  -> Final Prediction (Multi-Image): 8
  -> Result: ? CORRECT

[2628/3633] Processing: mil-vs-chi-0022400398_130-track_25590 | True Jersey: 22
  -> Final Prediction (Multi-Image): 22
  -> Result: ? CORRECT

[2629/3633] Processing: was-vs-mil-0022400382_331-track_48262 | True Jersey: 9
  -> Final Prediction (Multi-Image): 1
  -> Result: ? INCORRECT (Ground Truth: 9)

[2630/3633] Processing: nyk-vs-min-0022400367_153-track_10096 | True Jersey: 2
  -> Final Prediction (Multi-Image): 2
  -> Result: ? CORRECT

[2631/3633] Processing: nop-vs-ind-0022401216_429-track_1763 | True Jersey: 21
  -> Final Prediction (Multi-Image): 21
  -> Result: ? CORRECT

[2632/3633] Processing: gsw-vs-mem-0022400366_77-track_35414 | True Jersey: 1
  -> Final Prediction (Multi-Image): 1
  -> Result: ? CORRECT

[2633/3633] Processing: sas-vs-sac-0022400910_190-track_25079 | True Jersey: 18
  -> Final Prediction (Multi-Image): 18
  -> Result: ? CORRECT

[2634/3633] Processing: phx-vs-den-0022400402_55-track_35029 | True Jersey: nan
  -> Final Prediction (Multi-Image): 1
  -> Result: ? INCORRECT (Ground Truth: nan)

[2635/3633] Processing: gsw-vs-bkn-0022400901_325-track_25791 | True Jersey: 13
  -> Final Prediction (Multi-Image): 13
  -> Result: ? CORRECT

[2636/3633] Processing: gsw-vs-nyk-0022400885_213-track_48031 | True Jersey: 2
  -> Final Prediction (Multi-Image): 2
  -> Result: ? CORRECT

[2637/3633] Processing: phi-vs-cha-0022401222_92-track_44190 | True Jersey: 7
  -> Final Prediction (Multi-Image): 7
  -> Result: ? CORRECT

[2638/3633] Processing: bos-vs-was-0022401217_35-track_36238 | True Jersey: 4
  -> Final Prediction (Multi-Image): 4
  -> Result: ? CORRECT

[2639/3633] Processing: was-vs-cha-0022400860_189-track_54358 | True Jersey: 10
  -> Final Prediction (Multi-Image): 10
  -> Result: ? CORRECT

[2640/3633] Processing: sas-vs-mem-0022400863_289-track_438 | True Jersey: 13
  -> Final Prediction (Multi-Image): 10
  -> Result: ? INCORRECT (Ground Truth: 13)

[2641/3633] Processing: phi-vs-cha-0022401222_403-track_34321 | True Jersey: 10
  -> Final Prediction (Multi-Image): 15
  -> Result: ? INCORRECT (Ground Truth: 10)

[2642/3633] Processing: bos-vs-was-0022401217_140-track_26837 | True Jersey: 16
  -> Final Prediction (Multi-Image): 16
  -> Result: ? CORRECT

[2643/3633] Processing: cle-vs-bkn-0022401224_257-track_15395 | True Jersey: 5
  -> Final Prediction (Multi-Image): 2
  -> Result: ? INCORRECT (Ground Truth: 5)

[2644/3633] Processing: phx-vs-den-0022400402_352-track_11457 | True Jersey: 10
  -> Final Prediction (Multi-Image): 10
  -> Result: ? CORRECT

[2645/3633] Processing: phx-vs-den-0022400402_301-track_22708 | True Jersey: 0
  -> Final Prediction (Multi-Image): 0
  -> Result: ? CORRECT

[2646/3633] Processing: bos-vs-was-0022401217_111-track_28886 | True Jersey: 13
  -> Final Prediction (Multi-Image): 13
  -> Result: ? CORRECT

[2647/3633] Processing: bkn-vs-det-0022400861_393-track_57667 | True Jersey: 4
  -> Final Prediction (Multi-Image): 4
  -> Result: ? CORRECT

[2648/3633] Processing: det-vs-lac-0022400898_328-track_40193 | True Jersey: 0
  -> Final Prediction (Multi-Image): 1
  -> Result: ? INCORRECT (Ground Truth: 0)

[2649/3633] Processing: det-vs-por-0022400926_162-track_7518 | True Jersey: 0
  -> Final Prediction (Multi-Image): 0
  -> Result: ? CORRECT

[2650/3633] Processing: mil-vs-dal-0022400865_316-track_2052 | True Jersey: 8
  -> Final Prediction (Multi-Image): 0
  -> Result: ? INCORRECT (Ground Truth: 8)

[2651/3633] Processing: mil-vs-cle-0022400374_321-track_14680 | True Jersey: nan
  -> Final Prediction (Multi-Image): 20
  -> Result: ? INCORRECT (Ground Truth: nan)

[2652/3633] Processing: gsw-vs-bkn-0022400901_325-track_25816 | True Jersey: 24
  -> Final Prediction (Multi-Image): 2
  -> Result: ? INCORRECT (Ground Truth: 24)

[2653/3633] Processing: mem-vs-atl-0022400378_208-track_30149 | True Jersey: nan
  -> Final Prediction (Multi-Image): 1
  -> Result: ? INCORRECT (Ground Truth: nan)

[2654/3633] Processing: bos-vs-was-0022401217_111-track_28880 | True Jersey: 16
  -> Final Prediction (Multi-Image): 14
  -> Result: ? INCORRECT (Ground Truth: 16)

[2655/3633] Processing: nyk-vs-min-0022400367_153-track_10142 | True Jersey: 25
  -> Final Prediction (Multi-Image): 25
  -> Result: ? CORRECT

[2656/3633] Processing: min-vs-den-0022400952_126-track_7743 | True Jersey: 1
  -> Final Prediction (Multi-Image): 1
  -> Result: ? CORRECT

[2657/3633] Processing: nop-vs-uta-0022400872_242-track_41045 | True Jersey: 5
  -> Final Prediction (Multi-Image): 5
  -> Result: ? CORRECT

[2658/3633] Processing: cle-vs-bkn-0022401224_63-track_23642 | True Jersey: 4
  -> Final Prediction (Multi-Image): 4
  -> Result: ? CORRECT

[2659/3633] Processing: gsw-vs-nyk-0022400885_373-track_56099 | True Jersey: 2
  -> Final Prediction (Multi-Image): 2
  -> Result: ? CORRECT

[2660/3633] Processing: det-vs-gsw-0022400919_54-track_37411 | True Jersey: 5
  -> Final Prediction (Multi-Image): 5
  -> Result: ? CORRECT

[2661/3633] Processing: sas-vs-sac-0022400910_220-track_21501 | True Jersey: 3
  -> Final Prediction (Multi-Image): 3
  -> Result: ? CORRECT

[2662/3633] Processing: bos-vs-was-0022401217_138-track_24651 | True Jersey: 1
  -> Final Prediction (Multi-Image): 1
  -> Result: ? CORRECT

[2663/3633] Processing: det-vs-gsw-0022400919_54-track_37355 | True Jersey: 0
  -> Final Prediction (Multi-Image): 1
  -> Result: ? INCORRECT (Ground Truth: 0)

[2664/3633] Processing: chi-vs-bos-0022400363_51-track_17366 | True Jersey: 9
  -> Final Prediction (Multi-Image): 9
  -> Result: ? CORRECT

[2665/3633] Processing: bos-vs-was-0022401217_138-track_24658 | True Jersey: nan
  -> Final Prediction (Multi-Image): 1
  -> Result: ? INCORRECT (Ground Truth: nan)

[2666/3633] Processing: uta-vs-tor-0022400905_434-track_50512 | True Jersey: 8
  -> Final Prediction (Multi-Image): 0
  -> Result: ? INCORRECT (Ground Truth: 8)

[2667/3633] Processing: phi-vs-cha-0022401222_403-track_34333 | True Jersey: 10
  -> Final Prediction (Multi-Image): 10
  -> Result: ? CORRECT

[2668/3633] Processing: was-vs-cha-0022400860_189-track_54377 | True Jersey: 1
  -> Final Prediction (Multi-Image): 1
  -> Result: ? CORRECT

[2669/3633] Processing: min-vs-sas-0022401218_104-track_1167 | True Jersey: 17
  -> Final Prediction (Multi-Image): 1
  -> Result: ? INCORRECT (Ground Truth: 17)

[2670/3633] Processing: gsw-vs-nyk-0022400885_71-track_26564 | True Jersey: 7
  -> Final Prediction (Multi-Image): 7
  -> Result: ? CORRECT

[2671/3633] Processing: gsw-vs-nyk-0022400885_90-track_5425 | True Jersey: 2
  -> Final Prediction (Multi-Image): 2
  -> Result: ? CORRECT

[2672/3633] Processing: gsw-vs-mem-0022400366_388-track_54787 | True Jersey: 15
  -> Final Prediction (Multi-Image): 15
  -> Result: ? CORRECT

[2673/3633] Processing: mil-vs-atl-0022400884_203-track_39972 | True Jersey: 3
  -> Final Prediction (Multi-Image): 3
  -> Result: ? CORRECT

[2674/3633] Processing: orl-vs-mil-0022400917_170-track_10033 | True Jersey: 11
  -> Final Prediction (Multi-Image): 1
  -> Result: ? INCORRECT (Ground Truth: 11)

[2675/3633] Processing: por-vs-phx-0022401219_24-track_883 | True Jersey: 35
  -> Final Prediction (Multi-Image): 3
  -> Result: ? INCORRECT (Ground Truth: 35)

[2676/3633] Processing: det-vs-lac-0022400898_328-track_40182 | True Jersey: 7
  -> Final Prediction (Multi-Image): 7
  -> Result: ? CORRECT

[2677/3633] Processing: gsw-vs-mem-0022400366_77-track_35386 | True Jersey: 7
  -> Final Prediction (Multi-Image): 1
  -> Result: ? INCORRECT (Ground Truth: 7)

[2678/3633] Processing: tor-vs-nyk-0022400397_109-track_17438 | True Jersey: 4
  -> Final Prediction (Multi-Image): 4
  -> Result: ? CORRECT

[2679/3633] Processing: was-vs-cha-0022400860_9-track_24480 | True Jersey: 20
  -> Final Prediction (Multi-Image): 21
  -> Result: ? INCORRECT (Ground Truth: 20)

[2680/3633] Processing: phi-vs-uta-0022400433_213-track_35091 | True Jersey: 0
  -> Final Prediction (Multi-Image): 0
  -> Result: ? CORRECT

[2681/3633] Processing: det-vs-por-0022400926_211-track_1305 | True Jersey: 9
  -> Final Prediction (Multi-Image): 9
  -> Result: ? CORRECT

[2682/3633] Processing: gsw-vs-bkn-0022400901_282-track_48845 | True Jersey: 10
  -> Final Prediction (Multi-Image): 10
  -> Result: ? CORRECT

[2683/3633] Processing: hou-vs-okc-0022400879_170-track_53896 | True Jersey: 2
  -> Final Prediction (Multi-Image): 1
  -> Result: ? INCORRECT (Ground Truth: 2)

[2684/3633] Processing: mem-vs-atl-0022400378_208-track_30157 | True Jersey: 5
  -> Final Prediction (Multi-Image): 5
  -> Result: ? CORRECT

[2685/3633] Processing: mil-vs-dal-0022400865_186-track_11568 | True Jersey: 34
  -> Final Prediction (Multi-Image): 34
  -> Result: ? CORRECT

[2686/3633] Processing: chi-vs-ind-0022400868_2-track_13142 | True Jersey: 25
  -> Final Prediction (Multi-Image): 12
  -> Result: ? INCORRECT (Ground Truth: 25)

[2687/3633] Processing: bos-vs-was-0022401217_140-track_26818 | True Jersey: 7
  -> Final Prediction (Multi-Image): 2
  -> Result: ? INCORRECT (Ground Truth: 7)

[2688/3633] Processing: gsw-vs-phi-0022400864_220-track_4424 | True Jersey: 1
  -> Final Prediction (Multi-Image): 1
  -> Result: ? CORRECT

[2689/3633] Processing: nyk-vs-nop-0022400384_367-track_5806 | True Jersey: nan
  -> Final Prediction (Multi-Image): 1
  -> Result: ? INCORRECT (Ground Truth: nan)

[2690/3633] Processing: nyk-vs-orl-0022401227_192-track_19532 | True Jersey: 4
  -> Final Prediction (Multi-Image): 4
  -> Result: ? CORRECT

[2691/3633] Processing: chi-vs-bos-0022400363_51-track_17376 | True Jersey: 8
  -> Final Prediction (Multi-Image): 0
  -> Result: ? INCORRECT (Ground Truth: 8)

[2692/3633] Processing: gsw-vs-nyk-0022400885_276-track_60376 | True Jersey: 2
  -> Final Prediction (Multi-Image): 2
  -> Result: ? CORRECT

[2693/3633] Processing: chi-vs-ind-0022400868_2-track_13100 | True Jersey: 33
  -> Final Prediction (Multi-Image): 33
  -> Result: ? CORRECT

[2694/3633] Processing: chi-vs-ind-0022400868_304-track_7839 | True Jersey: 30
  -> Final Prediction (Multi-Image): 30
  -> Result: ? CORRECT

[2695/3633] Processing: chi-vs-tor-0022401223_47-track_6688 | True Jersey: 9
  -> Final Prediction (Multi-Image): 9
  -> Result: ? CORRECT

[2696/3633] Processing: chi-vs-bos-0022400363_398-track_44557 | True Jersey: 9
  -> Final Prediction (Multi-Image): 9
  -> Result: ? CORRECT

[2697/3633] Processing: uta-vs-tor-0022400905_242-track_14286 | True Jersey: 14
  -> Final Prediction (Multi-Image): 14
  -> Result: ? CORRECT

[2698/3633] Processing: chi-vs-tor-0022401223_198-track_52459 | True Jersey: 22
  -> Final Prediction (Multi-Image): 22
  -> Result: ? CORRECT

[2699/3633] Processing: sas-vs-phi-0022400394_99-track_20347 | True Jersey: 30
  -> Final Prediction (Multi-Image): 30
  -> Result: ? CORRECT

[2700/3633] Processing: sas-vs-sac-0022400910_171-track_14640 | True Jersey: 3
  -> Final Prediction (Multi-Image): 3
  -> Result: ? CORRECT

[2701/3633] Processing: gsw-vs-phi-0022400864_15-track_32057 | True Jersey: 0
  -> Final Prediction (Multi-Image): 6
  -> Result: ? INCORRECT (Ground Truth: 0)

[2702/3633] Processing: mem-vs-lal-0022401220_451-track_1500 | True Jersey: 14
  -> Final Prediction (Multi-Image): 10
  -> Result: ? INCORRECT (Ground Truth: 14)

[2703/3633] Processing: mil-vs-dal-0022400865_21-track_6767 | True Jersey: 00
  -> Final Prediction (Multi-Image): 00
  -> Result: ? CORRECT

[2704/3633] Processing: lac-vs-dal-0022400368_95-track_41429 | True Jersey: 00
  -> Final Prediction (Multi-Image): 00
  -> Result: ? CORRECT

[2705/3633] Processing: mem-vs-atl-0022400378_209-track_58801 | True Jersey: nan
  -> Final Prediction (Multi-Image): 5
  -> Result: ? INCORRECT (Ground Truth: nan)

[2706/3633] Processing: cle-vs-chi-0022400886_92-track_22462 | True Jersey: 22
  -> Final Prediction (Multi-Image): 2
  -> Result: ? INCORRECT (Ground Truth: 22)

[2707/3633] Processing: mem-vs-atl-0022400378_209-track_58762 | True Jersey: 10
  -> Final Prediction (Multi-Image): 10
  -> Result: ? CORRECT

[2708/3633] Processing: mil-vs-chi-0022400398_250-track_37683 | True Jersey: 0
  -> Final Prediction (Multi-Image): 0
  -> Result: ? CORRECT

[2709/3633] Processing: nyk-vs-mia-0022400869_368-track_57109 | True Jersey: 3
  -> Final Prediction (Multi-Image): 13
  -> Result: ? INCORRECT (Ground Truth: 3)

[2710/3633] Processing: min-vs-sas-0022401218_175-track_39617 | True Jersey: 40
  -> Final Prediction (Multi-Image): 4
  -> Result: ? INCORRECT (Ground Truth: 40)

[2711/3633] Processing: hou-vs-okc-0022400879_1-track_33895 | True Jersey: 10
  -> Final Prediction (Multi-Image): 7
  -> Result: ? INCORRECT (Ground Truth: 10)

[2712/3633] Processing: chi-vs-bos-0022400363_19-track_12432 | True Jersey: 11
  -> Final Prediction (Multi-Image): 11
  -> Result: ? CORRECT

[2713/3633] Processing: gsw-vs-nyk-0022400885_373-track_56103 | True Jersey: 10
  -> Final Prediction (Multi-Image): 11
  -> Result: ? INCORRECT (Ground Truth: 10)

[2714/3633] Processing: nyk-vs-nop-0022400384_116-track_61014 | True Jersey: 1
  -> Final Prediction (Multi-Image): 1
  -> Result: ? CORRECT

[2715/3633] Processing: uta-vs-tor-0022400905_434-track_50520 | True Jersey: 23
  -> Final Prediction (Multi-Image): 23
  -> Result: ? CORRECT

[2716/3633] Processing: chi-vs-ind-0022400868_100-track_7239 | True Jersey: 0
  -> Final Prediction (Multi-Image): 0
  -> Result: ? CORRECT

[2717/3633] Processing: sas-vs-sac-0022400910_171-track_14600 | True Jersey: 23
  -> Final Prediction (Multi-Image): 13
  -> Result: ? INCORRECT (Ground Truth: 23)

[2718/3633] Processing: cle-vs-chi-0022400886_364-track_44879 | True Jersey: 14
  -> Final Prediction (Multi-Image): 14
  -> Result: ? CORRECT

[2719/3633] Processing: chi-vs-tor-0022401223_142-track_30383 | True Jersey: 9
  -> Final Prediction (Multi-Image): 12
  -> Result: ? INCORRECT (Ground Truth: 9)

[2720/3633] Processing: tor-vs-orl-0022400870_250-track_7683 | True Jersey: 5
  -> Final Prediction (Multi-Image): 14
  -> Result: ? INCORRECT (Ground Truth: 5)

[2721/3633] Processing: lac-vs-lal-0022400874_172-track_28961 | True Jersey: 23
  -> Final Prediction (Multi-Image): 23
  -> Result: ? CORRECT

[2722/3633] Processing: cle-vs-chi-0022400886_13-track_31684 | True Jersey: 30
  -> Final Prediction (Multi-Image): 30
  -> Result: ? CORRECT

[2723/3633] Processing: mil-vs-atl-0022400884_107-track_39448 | True Jersey: 3
  -> Final Prediction (Multi-Image): 3
  -> Result: ? CORRECT

[2724/3633] Processing: phi-vs-cha-0022401222_92-track_44289 | True Jersey: 8
  -> Final Prediction (Multi-Image): 8
  -> Result: ? CORRECT

[2725/3633] Processing: gsw-vs-bkn-0022400901_325-track_25822 | True Jersey: nan
  -> Final Prediction (Multi-Image): 1
  -> Result: ? INCORRECT (Ground Truth: nan)

[2726/3633] Processing: nyk-vs-mia-0022400869_124-track_20708 | True Jersey: 44
  -> Final Prediction (Multi-Image): 14
  -> Result: ? INCORRECT (Ground Truth: 44)

[2727/3633] Processing: den-vs-sac-0022401225_355-track_32907 | True Jersey: 6
  -> Final Prediction (Multi-Image): 6
  -> Result: ? CORRECT

[2728/3633] Processing: gsw-vs-nyk-0022400885_213-track_47875 | True Jersey: 23
  -> Final Prediction (Multi-Image): 23
  -> Result: ? CORRECT

[2729/3633] Processing: sas-vs-mem-0022400863_289-track_411 | True Jersey: 15
  -> Final Prediction (Multi-Image): 25
  -> Result: ? INCORRECT (Ground Truth: 15)

[2730/3633] Processing: chi-vs-tor-0022401223_253-track_27198 | True Jersey: 2
  -> Final Prediction (Multi-Image): 2
  -> Result: ? CORRECT

[2731/3633] Processing: bos-vs-was-0022401217_44-track_43890 | True Jersey: 4
  -> Final Prediction (Multi-Image): 4
  -> Result: ? CORRECT

[2732/3633] Processing: mil-vs-cle-0022400374_316-track_29901 | True Jersey: nan
  -> Final Prediction (Multi-Image): 1
  -> Result: ? INCORRECT (Ground Truth: nan)

[2733/3633] Processing: det-vs-gsw-0022400919_47-track_9691 | True Jersey: 21
  -> Final Prediction (Multi-Image): 2
  -> Result: ? INCORRECT (Ground Truth: 21)

[2734/3633] Processing: was-vs-cha-0022400860_266-track_59291 | True Jersey: 0
  -> Final Prediction (Multi-Image): 7
  -> Result: ? INCORRECT (Ground Truth: 0)

[2735/3633] Processing: den-vs-bos-0022400866_173-track_32059 | True Jersey: 1
  -> Final Prediction (Multi-Image): 1
  -> Result: ? CORRECT

[2736/3633] Processing: sac-vs-hou-0022400862_212-track_24150 | True Jersey: 0
  -> Final Prediction (Multi-Image): 0
  -> Result: ? CORRECT

[2737/3633] Processing: gsw-vs-phi-0022400864_83-track_30515 | True Jersey: 19
  -> Final Prediction (Multi-Image): 19
  -> Result: ? CORRECT

[2738/3633] Processing: min-vs-sas-0022401218_207-track_14496 | True Jersey: 27
  -> Final Prediction (Multi-Image): 27
  -> Result: ? CORRECT

[2739/3633] Processing: mil-vs-okc-0062400001_71-track_9885 | True Jersey: 20
  -> Final Prediction (Multi-Image): 23
  -> Result: ? INCORRECT (Ground Truth: 20)

[2740/3633] Processing: orl-vs-mil-0022400917_170-track_10079 | True Jersey: 22
  -> Final Prediction (Multi-Image): 2
  -> Result: ? INCORRECT (Ground Truth: 22)

[2741/3633] Processing: mil-vs-dal-0022400865_142-track_52353 | True Jersey: 5
  -> Final Prediction (Multi-Image): 5
  -> Result: ? CORRECT

[2742/3633] Processing: min-vs-phx-0022400873_301-track_12630 | True Jersey: 8
  -> Final Prediction (Multi-Image): 8
  -> Result: ? CORRECT

[2743/3633] Processing: chi-vs-ind-0022400868_171-track_51907 | True Jersey: 0
  -> Final Prediction (Multi-Image): 1
  -> Result: ? INCORRECT (Ground Truth: 0)

[2744/3633] Processing: tor-vs-nyk-0022400397_25-track_19879 | True Jersey: nan
  -> Final Prediction (Multi-Image): 1
  -> Result: ? INCORRECT (Ground Truth: nan)

[2745/3633] Processing: mil-vs-dal-0022400865_297-track_32135 | True Jersey: 1
  -> Final Prediction (Multi-Image): 1
  -> Result: ? CORRECT

[2746/3633] Processing: bkn-vs-det-0022400861_162-track_43425 | True Jersey: 9
  -> Final Prediction (Multi-Image): 9
  -> Result: ? CORRECT

[2747/3633] Processing: den-vs-sac-0022401225_355-track_32960 | True Jersey: 7
  -> Final Prediction (Multi-Image): 8
  -> Result: ? INCORRECT (Ground Truth: 7)

[2748/3633] Processing: chi-vs-bos-0022400363_19-track_12434 | True Jersey: 7
  -> Final Prediction (Multi-Image): 7
  -> Result: ? CORRECT

[2749/3633] Processing: nyk-vs-nop-0022400384_367-track_5860 | True Jersey: 21
  -> Final Prediction (Multi-Image): 21
  -> Result: ? CORRECT

[2750/3633] Processing: den-vs-sac-0022401225_83-track_1868 | True Jersey: 15
  -> Final Prediction (Multi-Image): 15
  -> Result: ? CORRECT

[2751/3633] Processing: gsw-vs-nyk-0022400885_71-track_26673 | True Jersey: 11
  -> Final Prediction (Multi-Image): 10
  -> Result: ? INCORRECT (Ground Truth: 11)

[2752/3633] Processing: por-vs-phx-0022401219_24-track_954 | True Jersey: 23
  -> Final Prediction (Multi-Image): 27
  -> Result: ? INCORRECT (Ground Truth: 23)

[2753/3633] Processing: den-vs-sac-0022401225_355-track_32945 | True Jersey: 25
  -> Final Prediction (Multi-Image): 25
  -> Result: ? CORRECT

[2754/3633] Processing: gsw-vs-mem-0022400366_411-track_26312 | True Jersey: 1
  -> Final Prediction (Multi-Image): 1
  -> Result: ? CORRECT

[2755/3633] Processing: det-vs-gsw-0022400919_452-track_16501 | True Jersey: 5
  -> Final Prediction (Multi-Image): 5
  -> Result: ? CORRECT

[2756/3633] Processing: okc-vs-mia-0022400375_101-track_1595 | True Jersey: nan
  -> Final Prediction (Multi-Image): 1
  -> Result: ? INCORRECT (Ground Truth: nan)

[2757/3633] Processing: phx-vs-den-0022400402_352-track_11542 | True Jersey: nan
  -> Final Prediction (Multi-Image): 1
  -> Result: ? INCORRECT (Ground Truth: nan)

[2758/3633] Processing: hou-vs-okc-0022400879_48-track_42309 | True Jersey: 15
  -> Final Prediction (Multi-Image): 10
  -> Result: ? INCORRECT (Ground Truth: 15)

[2759/3633] Processing: bos-vs-was-0022401217_199-track_16730 | True Jersey: 7
  -> Final Prediction (Multi-Image): 7
  -> Result: ? CORRECT

[2760/3633] Processing: mil-vs-chi-0022400398_82-track_18189 | True Jersey: 15
  -> Final Prediction (Multi-Image): 15
  -> Result: ? CORRECT

[2761/3633] Processing: det-vs-por-0022400926_162-track_7454 | True Jersey: 23
  -> Final Prediction (Multi-Image): 23
  -> Result: ? CORRECT

[2762/3633] Processing: uta-vs-tor-0022400905_242-track_14344 | True Jersey: 28
  -> Final Prediction (Multi-Image): 28
  -> Result: ? CORRECT

[2763/3633] Processing: det-vs-gsw-0022400919_47-track_9671 | True Jersey: 23
  -> Final Prediction (Multi-Image): 23
  -> Result: ? CORRECT

[2764/3633] Processing: cle-vs-chi-0022400886_92-track_22491 | True Jersey: nan
  -> Final Prediction (Multi-Image): 5
  -> Result: ? INCORRECT (Ground Truth: nan)

[2765/3633] Processing: nop-vs-uta-0022400872_365-track_18519 | True Jersey: 1
  -> Final Prediction (Multi-Image): 1
  -> Result: ? CORRECT

[2766/3633] Processing: nyk-vs-nop-0022400384_243-track_30614 | True Jersey: 8
  -> Final Prediction (Multi-Image): 1
  -> Result: ? INCORRECT (Ground Truth: 8)

[2767/3633] Processing: den-vs-sac-0022401225_355-track_32886 | True Jersey: 27
  -> Final Prediction (Multi-Image): 27
  -> Result: ? CORRECT

[2768/3633] Processing: nyk-vs-nop-0022400384_367-track_5858 | True Jersey: 25
  -> Final Prediction (Multi-Image): 13
  -> Result: ? INCORRECT (Ground Truth: 25)

[2769/3633] Processing: uta-vs-was-0022400894_75-track_2492 | True Jersey: 25
  -> Final Prediction (Multi-Image): 25
  -> Result: ? CORRECT

[2770/3633] Processing: mem-vs-lal-0022401220_174-track_51992 | True Jersey: 3
  -> Final Prediction (Multi-Image): 3
  -> Result: ? CORRECT

[2771/3633] Processing: gsw-vs-phi-0022400864_233-track_37981 | True Jersey: 8
  -> Final Prediction (Multi-Image): 8
  -> Result: ? CORRECT

[2772/3633] Processing: mem-vs-nop-0022400923_196-track_31629 | True Jersey: 1
  -> Final Prediction (Multi-Image): 7
  -> Result: ? INCORRECT (Ground Truth: 1)

[2773/3633] Processing: gsw-vs-mem-0022400366_373-track_45042 | True Jersey: 24
  -> Final Prediction (Multi-Image): 24
  -> Result: ? CORRECT

[2774/3633] Processing: okc-vs-mia-0022400375_101-track_1592 | True Jersey: nan
  -> Final Prediction (Multi-Image): 2
  -> Result: ? INCORRECT (Ground Truth: nan)

[2775/3633] Processing: nyk-vs-mia-0022400869_368-track_57128 | True Jersey: 14
  -> Final Prediction (Multi-Image): 14
  -> Result: ? CORRECT

[2776/3633] Processing: lac-vs-lal-0022400874_374-track_54136 | True Jersey: 4
  -> Final Prediction (Multi-Image): 77
  -> Result: ? INCORRECT (Ground Truth: 4)

[2777/3633] Processing: cle-vs-bkn-0022401224_118-track_9220 | True Jersey: 35
  -> Final Prediction (Multi-Image): 15
  -> Result: ? INCORRECT (Ground Truth: 35)

[2778/3633] Processing: nyk-vs-mia-0022400869_368-track_57061 | True Jersey: 2
  -> Final Prediction (Multi-Image): 2
  -> Result: ? CORRECT

[2779/3633] Processing: mia-vs-det-0022401221_306-track_37832 | True Jersey: 5
  -> Final Prediction (Multi-Image): 5
  -> Result: ? CORRECT

[2780/3633] Processing: mil-vs-okc-0062400001_71-track_9797 | True Jersey: 44
  -> Final Prediction (Multi-Image): 11
  -> Result: ? INCORRECT (Ground Truth: 44)

[2781/3633] Processing: min-vs-den-0022400952_186-track_49158 | True Jersey: 8
  -> Final Prediction (Multi-Image): 8
  -> Result: ? CORRECT

[2782/3633] Processing: hou-vs-okc-0022400879_180-track_49537 | True Jersey: 10
  -> Final Prediction (Multi-Image): 1
  -> Result: ? INCORRECT (Ground Truth: 10)

[2783/3633] Processing: nop-vs-uta-0022400872_80-track_56757 | True Jersey: 25
  -> Final Prediction (Multi-Image): 25
  -> Result: ? CORRECT

[2784/3633] Processing: phi-vs-min-0022400887_256-track_26056 | True Jersey: nan
  -> Final Prediction (Multi-Image): 1
  -> Result: ? INCORRECT (Ground Truth: nan)

[2785/3633] Processing: gsw-vs-bkn-0022400901_332-track_29191 | True Jersey: 45
  -> Final Prediction (Multi-Image): 45
  -> Result: ? CORRECT

[2786/3633] Processing: cle-vs-bkn-0022401224_155-track_32593 | True Jersey: 32
  -> Final Prediction (Multi-Image): 32
  -> Result: ? CORRECT

[2787/3633] Processing: det-vs-gsw-0022400919_112-track_14793 | True Jersey: 17
  -> Final Prediction (Multi-Image): 17
  -> Result: ? CORRECT

[2788/3633] Processing: gsw-vs-nyk-0022400885_276-track_60379 | True Jersey: 2
  -> Final Prediction (Multi-Image): 2
  -> Result: ? CORRECT

[2789/3633] Processing: den-vs-sac-0022401225_393-track_24425 | True Jersey: 20
  -> Final Prediction (Multi-Image): 20
  -> Result: ? CORRECT

[2790/3633] Processing: bkn-vs-det-0022400861_15-track_53377 | True Jersey: 8
  -> Final Prediction (Multi-Image): 1
  -> Result: ? INCORRECT (Ground Truth: 8)

[2791/3633] Processing: chi-vs-bos-0022400363_11-track_57148 | True Jersey: 7
  -> Final Prediction (Multi-Image): 2
  -> Result: ? INCORRECT (Ground Truth: 7)

[2792/3633] Processing: mem-vs-atl-0022400378_36-track_41519 | True Jersey: 1
  -> Final Prediction (Multi-Image): 1
  -> Result: ? CORRECT

[2793/3633] Processing: sas-vs-sac-0022400910_115-track_6575 | True Jersey: 8
  -> Final Prediction (Multi-Image): 8
  -> Result: ? CORRECT

[2794/3633] Processing: phx-vs-den-0022400402_55-track_34948 | True Jersey: 8
  -> Final Prediction (Multi-Image): 8
  -> Result: ? CORRECT

[2795/3633] Processing: gsw-vs-nyk-0022400885_341-track_33254 | True Jersey: 21
  -> Final Prediction (Multi-Image): 21
  -> Result: ? CORRECT

[2796/3633] Processing: hou-vs-okc-0022400879_299-track_56189 | True Jersey: 34
  -> Final Prediction (Multi-Image): 34
  -> Result: ? CORRECT

[2797/3633] Processing: gsw-vs-mem-0022400366_388-track_54854 | True Jersey: 00
  -> Final Prediction (Multi-Image): 1
  -> Result: ? INCORRECT (Ground Truth: 00)

[2798/3633] Processing: chi-vs-tor-0022401223_142-track_30391 | True Jersey: 9
  -> Final Prediction (Multi-Image): 9
  -> Result: ? CORRECT

[2799/3633] Processing: uta-vs-lac-0022401226_110-track_27151 | True Jersey: 33
  -> Final Prediction (Multi-Image): 11
  -> Result: ? INCORRECT (Ground Truth: 33)

[2800/3633] Processing: nyk-vs-orl-0022401227_70-track_5343 | True Jersey: 5
  -> Final Prediction (Multi-Image): 10
  -> Result: ? INCORRECT (Ground Truth: 5)

[2801/3633] Processing: chi-vs-tor-0022401223_17-track_60335 | True Jersey: 3
  -> Final Prediction (Multi-Image): 3
  -> Result: ? CORRECT

[2802/3633] Processing: det-vs-gsw-0022400919_452-track_16523 | True Jersey: 4
  -> Final Prediction (Multi-Image): 4
  -> Result: ? CORRECT

[2803/3633] Processing: gsw-vs-mem-0022400366_171-track_52834 | True Jersey: 0
  -> Final Prediction (Multi-Image): 0
  -> Result: ? CORRECT

[2804/3633] Processing: mem-vs-nop-0022400923_196-track_31566 | True Jersey: 21
  -> Final Prediction (Multi-Image): 21
  -> Result: ? CORRECT

[2805/3633] Processing: okc-vs-sas-0022400871_210-track_38332 | True Jersey: 18
  -> Final Prediction (Multi-Image): 1
  -> Result: ? INCORRECT (Ground Truth: 18)

[2806/3633] Processing: sas-vs-phi-0022400394_99-track_20453 | True Jersey: 16
  -> Final Prediction (Multi-Image): 16
  -> Result: ? CORRECT

[2807/3633] Processing: mia-vs-det-0022401221_241-track_14852 | True Jersey: 2
  -> Final Prediction (Multi-Image): 2
  -> Result: ? CORRECT

[2808/3633] Processing: mil-vs-atl-0022400884_203-track_39990 | True Jersey: 12
  -> Final Prediction (Multi-Image): 12
  -> Result: ? CORRECT

[2809/3633] Processing: gsw-vs-mem-0022400366_169-track_551 | True Jersey: 2
  -> Final Prediction (Multi-Image): 2
  -> Result: ? CORRECT

[2810/3633] Processing: chi-vs-ind-0022400868_100-track_7116 | True Jersey: 9
  -> Final Prediction (Multi-Image): 9
  -> Result: ? CORRECT

[2811/3633] Processing: bos-vs-was-0022401217_41-track_249 | True Jersey: 8
  -> Final Prediction (Multi-Image): 8
  -> Result: ? CORRECT

[2812/3633] Processing: min-vs-phx-0022400873_132-track_51765 | True Jersey: 9
  -> Final Prediction (Multi-Image): 9
  -> Result: ? CORRECT

[2813/3633] Processing: cle-vs-chi-0022400886_13-track_31688 | True Jersey: 1
  -> Final Prediction (Multi-Image): 1
  -> Result: ? CORRECT

[2814/3633] Processing: bos-vs-was-0022401217_44-track_43884 | True Jersey: 20
  -> Final Prediction (Multi-Image): 20
  -> Result: ? CORRECT

[2815/3633] Processing: tor-vs-orl-0022400870_250-track_7621 | True Jersey: 3
  -> Final Prediction (Multi-Image): 1
  -> Result: ? INCORRECT (Ground Truth: 3)

[2816/3633] Processing: was-vs-cha-0022400860_13-track_49902 | True Jersey: 8
  -> Final Prediction (Multi-Image): 1
  -> Result: ? INCORRECT (Ground Truth: 8)

[2817/3633] Processing: den-vs-bos-0022400866_195-track_30823 | True Jersey: nan
  -> Final Prediction (Multi-Image): 10
  -> Result: ? INCORRECT (Ground Truth: nan)

[2818/3633] Processing: lac-vs-lal-0022400874_106-track_5026 | True Jersey: 7
  -> Final Prediction (Multi-Image): 1
  -> Result: ? INCORRECT (Ground Truth: 7)

[2819/3633] Processing: hou-vs-okc-0022400879_219-track_57552 | True Jersey: 7
  -> Final Prediction (Multi-Image): 2
  -> Result: ? INCORRECT (Ground Truth: 7)

[2820/3633] Processing: gsw-vs-phi-0022400864_43-track_31618 | True Jersey: 30
  -> Final Prediction (Multi-Image): 8
  -> Result: ? INCORRECT (Ground Truth: 30)

[2821/3633] Processing: min-vs-sas-0022401218_286-track_42592 | True Jersey: 3
  -> Final Prediction (Multi-Image): 3
  -> Result: ? CORRECT

[2822/3633] Processing: mem-vs-nop-0022400923_347-track_55134 | True Jersey: 17
  -> Final Prediction (Multi-Image): 8
  -> Result: ? INCORRECT (Ground Truth: 17)

[2823/3633] Processing: lac-vs-lal-0022400874_323-track_29007 | True Jersey: 77
  -> Final Prediction (Multi-Image): 77
  -> Result: ? CORRECT

[2824/3633] Processing: sas-vs-phi-0022400394_288-track_30599 | True Jersey: nan
  -> Final Prediction (Multi-Image): 8
  -> Result: ? INCORRECT (Ground Truth: nan)

[2825/3633] Processing: uta-vs-lac-0022401226_366-track_49395 | True Jersey: nan
  -> Final Prediction (Multi-Image): 10
  -> Result: ? INCORRECT (Ground Truth: nan)

[2826/3633] Processing: bos-vs-was-0022401217_112-track_4087 | True Jersey: 8
  -> Final Prediction (Multi-Image): 8
  -> Result: ? CORRECT

[2827/3633] Processing: cle-vs-bkn-0022401224_257-track_15293 | True Jersey: 10
  -> Final Prediction (Multi-Image): 20
  -> Result: ? INCORRECT (Ground Truth: 10)

[2828/3633] Processing: okc-vs-mia-0022400375_101-track_1620 | True Jersey: 12
  -> Final Prediction (Multi-Image): 12
  -> Result: ? CORRECT

[2829/3633] Processing: phx-vs-den-0022400402_158-track_53645 | True Jersey: 1
  -> Final Prediction (Multi-Image): 0
  -> Result: ? INCORRECT (Ground Truth: 1)

[2830/3633] Processing: nyk-vs-nop-0022400384_116-track_61109 | True Jersey: 24
  -> Final Prediction (Multi-Image): 24
  -> Result: ? CORRECT

[2831/3633] Processing: phi-vs-cha-0022401222_146-track_50773 | True Jersey: 0
  -> Final Prediction (Multi-Image): 1
  -> Result: ? INCORRECT (Ground Truth: 0)

[2832/3633] Processing: bkn-vs-det-0022400861_15-track_53237 | True Jersey: 2
  -> Final Prediction (Multi-Image): 2
  -> Result: ? CORRECT

[2833/3633] Processing: lac-vs-dal-0022400368_169-track_49101 | True Jersey: 42
  -> Final Prediction (Multi-Image): 42
  -> Result: ? CORRECT

[2834/3633] Processing: gsw-vs-phi-0022400864_345-track_34583 | True Jersey: 5
  -> Final Prediction (Multi-Image): 5
  -> Result: ? CORRECT

[2835/3633] Processing: nyk-vs-mia-0022400869_368-track_57101 | True Jersey: 13
  -> Final Prediction (Multi-Image): 13
  -> Result: ? CORRECT

[2836/3633] Processing: okc-vs-mia-0022400375_358-track_7872 | True Jersey: 11
  -> Final Prediction (Multi-Image): 11
  -> Result: ? CORRECT

[2837/3633] Processing: dal-vs-gsw-0022401228_95-track_26494 | True Jersey: 23
  -> Final Prediction (Multi-Image): 3
  -> Result: ? INCORRECT (Ground Truth: 23)

[2838/3633] Processing: nyk-vs-nop-0022400384_359-track_38929 | True Jersey: 32
  -> Final Prediction (Multi-Image): 3
  -> Result: ? INCORRECT (Ground Truth: 32)

[2839/3633] Processing: gsw-vs-mem-0022400366_127-track_25935 | True Jersey: 14
  -> Final Prediction (Multi-Image): 14
  -> Result: ? CORRECT

[2840/3633] Processing: bkn-vs-det-0022400861_44-track_25446 | True Jersey: 0
  -> Final Prediction (Multi-Image): 1
  -> Result: ? INCORRECT (Ground Truth: 0)

[2841/3633] Processing: mia-vs-det-0022401221_30-track_11895 | True Jersey: 22
  -> Final Prediction (Multi-Image): 2
  -> Result: ? INCORRECT (Ground Truth: 22)

[2842/3633] Processing: det-vs-lac-0022400898_328-track_40206 | True Jersey: 40
  -> Final Prediction (Multi-Image): 10
  -> Result: ? INCORRECT (Ground Truth: 40)

[2843/3633] Processing: uta-vs-was-0022400894_118-track_15792 | True Jersey: 0
  -> Final Prediction (Multi-Image): 0
  -> Result: ? CORRECT

[2844/3633] Processing: phi-vs-cha-0022401222_92-track_44272 | True Jersey: 24
  -> Final Prediction (Multi-Image): 1
  -> Result: ? INCORRECT (Ground Truth: 24)

[2845/3633] Processing: lac-vs-lal-0022400874_106-track_4954 | True Jersey: 33
  -> Final Prediction (Multi-Image): 33
  -> Result: ? CORRECT

[2846/3633] Processing: lac-vs-dal-0022400368_169-track_49088 | True Jersey: 40
  -> Final Prediction (Multi-Image): 10
  -> Result: ? INCORRECT (Ground Truth: 40)

[2847/3633] Processing: nyk-vs-nop-0022400384_359-track_38979 | True Jersey: nan
  -> Final Prediction (Multi-Image): 1
  -> Result: ? INCORRECT (Ground Truth: nan)

[2848/3633] Processing: sas-vs-phi-0022400394_288-track_30560 | True Jersey: 0
  -> Final Prediction (Multi-Image): 0
  -> Result: ? CORRECT

[2849/3633] Processing: mil-vs-dal-0022400865_286-track_16902 | True Jersey: 26
  -> Final Prediction (Multi-Image): 26
  -> Result: ? CORRECT

[2850/3633] Processing: uta-vs-was-0022400894_75-track_2496 | True Jersey: 25
  -> Final Prediction (Multi-Image): 25
  -> Result: ? CORRECT

[2851/3633] Processing: det-vs-gsw-0022400919_112-track_14839 | True Jersey: 12
  -> Final Prediction (Multi-Image): 12
  -> Result: ? CORRECT

[2852/3633] Processing: min-vs-den-0022400952_254-track_45582 | True Jersey: 1
  -> Final Prediction (Multi-Image): 1
  -> Result: ? CORRECT

[2853/3633] Processing: was-vs-cha-0022400860_9-track_24602 | True Jersey: 32
  -> Final Prediction (Multi-Image): 32
  -> Result: ? CORRECT

[2854/3633] Processing: sas-vs-sac-0022400910_115-track_6624 | True Jersey: 22
  -> Final Prediction (Multi-Image): 22
  -> Result: ? CORRECT

[2855/3633] Processing: gsw-vs-nyk-0022400885_353-track_13867 | True Jersey: 23
  -> Final Prediction (Multi-Image): 3
  -> Result: ? INCORRECT (Ground Truth: 23)

[2856/3633] Processing: nyk-vs-min-0022400367_360-track_40593 | True Jersey: 1
  -> Final Prediction (Multi-Image): 1
  -> Result: ? CORRECT

[2857/3633] Processing: phx-vs-den-0022400402_301-track_22707 | True Jersey: 00
  -> Final Prediction (Multi-Image): 0
  -> Result: ? INCORRECT (Ground Truth: 00)

[2858/3633] Processing: hou-vs-okc-0022400879_299-track_56281 | True Jersey: 34
  -> Final Prediction (Multi-Image): 34
  -> Result: ? CORRECT

[2859/3633] Processing: por-vs-cle-0022400867_80-track_17326 | True Jersey: nan
  -> Final Prediction (Multi-Image): 1
  -> Result: ? INCORRECT (Ground Truth: nan)

[2860/3633] Processing: nyk-vs-orl-0022401227_5-track_18424 | True Jersey: 23
  -> Final Prediction (Multi-Image): 23
  -> Result: ? CORRECT

[2861/3633] Processing: was-vs-cha-0022400860_189-track_54344 | True Jersey: 1
  -> Final Prediction (Multi-Image): 1
  -> Result: ? CORRECT

[2862/3633] Processing: orl-vs-mil-0022400917_237-track_46956 | True Jersey: 5
  -> Final Prediction (Multi-Image): 5
  -> Result: ? CORRECT

[2863/3633] Processing: chi-vs-bos-0022400363_205-track_3047 | True Jersey: 44
  -> Final Prediction (Multi-Image): 44
  -> Result: ? CORRECT

[2864/3633] Processing: nop-vs-ind-0022401216_429-track_1647 | True Jersey: 1
  -> Final Prediction (Multi-Image): 1
  -> Result: ? CORRECT

[2865/3633] Processing: lac-vs-lal-0022400874_172-track_28957 | True Jersey: 17
  -> Final Prediction (Multi-Image): 17
  -> Result: ? CORRECT

[2866/3633] Processing: chi-vs-ind-0022400868_293-track_19707 | True Jersey: 15
  -> Final Prediction (Multi-Image): 14
  -> Result: ? INCORRECT (Ground Truth: 15)

[2867/3633] Processing: mia-vs-det-0022401221_306-track_37837 | True Jersey: 5
  -> Final Prediction (Multi-Image): 5
  -> Result: ? CORRECT

[2868/3633] Processing: uta-vs-was-0022400894_118-track_15738 | True Jersey: 24
  -> Final Prediction (Multi-Image): 24
  -> Result: ? CORRECT

[2869/3633] Processing: chi-vs-ind-0022400868_171-track_51884 | True Jersey: 33
  -> Final Prediction (Multi-Image): 1
  -> Result: ? INCORRECT (Ground Truth: 33)

[2870/3633] Processing: mem-vs-nop-0022400923_196-track_31579 | True Jersey: nan
  -> Final Prediction (Multi-Image): 1
  -> Result: ? INCORRECT (Ground Truth: nan)

[2871/3633] Processing: chi-vs-bos-0022400363_35-track_15620 | True Jersey: 4
  -> Final Prediction (Multi-Image): 4
  -> Result: ? CORRECT

[2872/3633] Processing: mil-vs-dal-0022400865_142-track_52356 | True Jersey: 18
  -> Final Prediction (Multi-Image): 5
  -> Result: ? INCORRECT (Ground Truth: 18)

[2873/3633] Processing: chi-vs-tor-0022401223_273-track_45720 | True Jersey: nan
  -> Final Prediction (Multi-Image): 25
  -> Result: ? INCORRECT (Ground Truth: nan)

[2874/3633] Processing: lac-vs-lal-0022400874_247-track_35175 | True Jersey: 77
  -> Final Prediction (Multi-Image): 77
  -> Result: ? CORRECT

[2875/3633] Processing: gsw-vs-bkn-0022400901_325-track_25916 | True Jersey: 20
  -> Final Prediction (Multi-Image): 20
  -> Result: ? CORRECT

[2876/3633] Processing: min-vs-sas-0022401218_207-track_14485 | True Jersey: 30
  -> Final Prediction (Multi-Image): 10
  -> Result: ? INCORRECT (Ground Truth: 30)

[2877/3633] Processing: mia-vs-det-0022401221_270-track_26720 | True Jersey: 19
  -> Final Prediction (Multi-Image): 19
  -> Result: ? CORRECT

[2878/3633] Processing: gsw-vs-nyk-0022400885_353-track_13878 | True Jersey: 2
  -> Final Prediction (Multi-Image): 2
  -> Result: ? CORRECT

[2879/3633] Processing: chi-vs-ind-0022400868_255-track_47301 | True Jersey: 3
  -> Final Prediction (Multi-Image): 3
  -> Result: ? CORRECT

[2880/3633] Processing: was-vs-cha-0022400860_189-track_54361 | True Jersey: 5
  -> Final Prediction (Multi-Image): 5
  -> Result: ? CORRECT

[2881/3633] Processing: mem-vs-lal-0022401220_156-track_58523 | True Jersey: 15
  -> Final Prediction (Multi-Image): 15
  -> Result: ? CORRECT

[2882/3633] Processing: phi-vs-cha-0022401222_403-track_34309 | True Jersey: nan
  -> Final Prediction (Multi-Image): 11
  -> Result: ? INCORRECT (Ground Truth: nan)

[2883/3633] Processing: gsw-vs-phi-0022400864_345-track_34572 | True Jersey: 8
  -> Final Prediction (Multi-Image): 8
  -> Result: ? CORRECT

[2884/3633] Processing: mem-vs-nop-0022400923_190-track_22245 | True Jersey: 21
  -> Final Prediction (Multi-Image): 21
  -> Result: ? CORRECT

[2885/3633] Processing: det-vs-lac-0022400898_61-track_8260 | True Jersey: 15
  -> Final Prediction (Multi-Image): 15
  -> Result: ? CORRECT

[2886/3633] Processing: dal-vs-gsw-0022401228_202-track_12157 | True Jersey: nan
  -> Final Prediction (Multi-Image): 1
  -> Result: ? INCORRECT (Ground Truth: nan)

[2887/3633] Processing: mia-vs-det-0022401221_30-track_11993 | True Jersey: 0
  -> Final Prediction (Multi-Image): 0
  -> Result: ? CORRECT

[2888/3633] Processing: det-vs-gsw-0022400919_452-track_16509 | True Jersey: 5
  -> Final Prediction (Multi-Image): 5
  -> Result: ? CORRECT

[2889/3633] Processing: sas-vs-mem-0022400863_289-track_414 | True Jersey: 13
  -> Final Prediction (Multi-Image): 4
  -> Result: ? INCORRECT (Ground Truth: 13)

[2890/3633] Processing: nop-vs-uta-0022400872_242-track_41071 | True Jersey: 24
  -> Final Prediction (Multi-Image): 24
  -> Result: ? CORRECT

[2891/3633] Processing: mia-vs-det-0022401221_306-track_37829 | True Jersey: 55
  -> Final Prediction (Multi-Image): 55
  -> Result: ? CORRECT

[2892/3633] Processing: was-vs-cha-0022400860_297-track_26884 | True Jersey: 5
  -> Final Prediction (Multi-Image): 5
  -> Result: ? CORRECT

[2893/3633] Processing: was-vs-cha-0022400860_189-track_54368 | True Jersey: 1
  -> Final Prediction (Multi-Image): 1
  -> Result: ? CORRECT

[2894/3633] Processing: gsw-vs-nyk-0022400885_213-track_47877 | True Jersey: 11
  -> Final Prediction (Multi-Image): 11
  -> Result: ? CORRECT

[2895/3633] Processing: tor-vs-nyk-0022400397_25-track_19830 | True Jersey: 2
  -> Final Prediction (Multi-Image): 2
  -> Result: ? CORRECT

[2896/3633] Processing: sas-vs-sac-0022400910_72-track_1681 | True Jersey: 10
  -> Final Prediction (Multi-Image): 10
  -> Result: ? CORRECT

[2897/3633] Processing: hou-vs-okc-0022400879_307-track_8910 | True Jersey: nan
  -> Final Prediction (Multi-Image): 10
  -> Result: ? INCORRECT (Ground Truth: nan)

[2898/3633] Processing: chi-vs-tor-0022401223_273-track_45679 | True Jersey: 41
  -> Final Prediction (Multi-Image): 1
  -> Result: ? INCORRECT (Ground Truth: 41)

[2899/3633] Processing: chi-vs-bos-0022400363_35-track_15590 | True Jersey: 0
  -> Final Prediction (Multi-Image): 5
  -> Result: ? INCORRECT (Ground Truth: 0)

[2900/3633] Processing: cle-vs-bkn-0022401224_377-track_40502 | True Jersey: 5
  -> Final Prediction (Multi-Image): 5
  -> Result: ? CORRECT

[2901/3633] Processing: tor-vs-orl-0022400870_282-track_41786 | True Jersey: 21
  -> Final Prediction (Multi-Image): 21
  -> Result: ? CORRECT

[2902/3633] Processing: sas-vs-sac-0022400910_220-track_21495 | True Jersey: 4
  -> Final Prediction (Multi-Image): 4
  -> Result: ? CORRECT

[2903/3633] Processing: chi-vs-bos-0022400363_398-track_44579 | True Jersey: 11
  -> Final Prediction (Multi-Image): 11
  -> Result: ? CORRECT

[2904/3633] Processing: nop-vs-uta-0022400872_242-track_41167 | True Jersey: 17
  -> Final Prediction (Multi-Image): 4
  -> Result: ? INCORRECT (Ground Truth: 17)

[2905/3633] Processing: mil-vs-okc-0062400001_288-track_57796 | True Jersey: 8
  -> Final Prediction (Multi-Image): 6
  -> Result: ? INCORRECT (Ground Truth: 8)

[2906/3633] Processing: sas-vs-mem-0022400863_286-track_30707 | True Jersey: 30
  -> Final Prediction (Multi-Image): 30
  -> Result: ? CORRECT

[2907/3633] Processing: mia-vs-det-0022401221_270-track_26717 | True Jersey: 22
  -> Final Prediction (Multi-Image): 22
  -> Result: ? CORRECT

[2908/3633] Processing: mem-vs-lal-0022401220_174-track_51980 | True Jersey: 1
  -> Final Prediction (Multi-Image): 1
  -> Result: ? CORRECT

[2909/3633] Processing: mil-vs-dal-0022400865_21-track_6735 | True Jersey: 00
  -> Final Prediction (Multi-Image): 00
  -> Result: ? CORRECT

[2910/3633] Processing: hou-vs-okc-0022400879_299-track_56144 | True Jersey: 7
  -> Final Prediction (Multi-Image): 7
  -> Result: ? CORRECT

[2911/3633] Processing: sas-vs-phi-0022400394_288-track_30473 | True Jersey: 00
  -> Final Prediction (Multi-Image): 00
  -> Result: ? CORRECT

[2912/3633] Processing: mil-vs-chi-0022400398_47-track_45362 | True Jersey: 13
  -> Final Prediction (Multi-Image): 8
  -> Result: ? INCORRECT (Ground Truth: 13)

[2913/3633] Processing: uta-vs-was-0022400894_118-track_15697 | True Jersey: 33
  -> Final Prediction (Multi-Image): 1
  -> Result: ? INCORRECT (Ground Truth: 33)

[2914/3633] Processing: sas-vs-sac-0022400910_220-track_21611 | True Jersey: 10
  -> Final Prediction (Multi-Image): 3
  -> Result: ? INCORRECT (Ground Truth: 10)

[2915/3633] Processing: sac-vs-hou-0022400862_145-track_13238 | True Jersey: nan
  -> Final Prediction (Multi-Image): 1
  -> Result: ? INCORRECT (Ground Truth: nan)

[2916/3633] Processing: por-vs-phx-0022401219_114-track_33015 | True Jersey: 20
  -> Final Prediction (Multi-Image): 5
  -> Result: ? INCORRECT (Ground Truth: 20)

[2917/3633] Processing: min-vs-den-0022400952_186-track_49159 | True Jersey: 3
  -> Final Prediction (Multi-Image): 3
  -> Result: ? CORRECT

[2918/3633] Processing: mil-vs-chi-0022400398_250-track_37648 | True Jersey: 44
  -> Final Prediction (Multi-Image): 44
  -> Result: ? CORRECT

[2919/3633] Processing: chi-vs-tor-0022401223_140-track_24034 | True Jersey: 14
  -> Final Prediction (Multi-Image): 8
  -> Result: ? INCORRECT (Ground Truth: 14)

[2920/3633] Processing: min-vs-phx-0022400873_301-track_12632 | True Jersey: 35
  -> Final Prediction (Multi-Image): 35
  -> Result: ? CORRECT

[2921/3633] Processing: min-vs-den-0022400952_126-track_7736 | True Jersey: nan
  -> Final Prediction (Multi-Image): 8
  -> Result: ? INCORRECT (Ground Truth: nan)

[2922/3633] Processing: mil-vs-chi-0022400398_130-track_25594 | True Jersey: 11
  -> Final Prediction (Multi-Image): 11
  -> Result: ? CORRECT

[2923/3633] Processing: por-vs-phx-0022401219_114-track_33074 | True Jersey: 17
  -> Final Prediction (Multi-Image): 11
  -> Result: ? INCORRECT (Ground Truth: 17)

[2924/3633] Processing: mil-vs-cle-0022400374_321-track_14755 | True Jersey: nan
  -> Final Prediction (Multi-Image): 1
  -> Result: ? INCORRECT (Ground Truth: nan)

[2925/3633] Processing: chi-vs-tor-0022401223_17-track_60320 | True Jersey: 3
  -> Final Prediction (Multi-Image): 3
  -> Result: ? CORRECT

[2926/3633] Processing: nyk-vs-orl-0022401227_49-track_21658 | True Jersey: 4
  -> Final Prediction (Multi-Image): 4
  -> Result: ? CORRECT

[2927/3633] Processing: mia-vs-det-0022401221_153-track_19222 | True Jersey: 14
  -> Final Prediction (Multi-Image): 14
  -> Result: ? CORRECT

[2928/3633] Processing: chi-vs-tor-0022401223_273-track_45689 | True Jersey: 2
  -> Final Prediction (Multi-Image): 2
  -> Result: ? CORRECT

[2929/3633] Processing: bos-vs-was-0022401217_44-track_43883 | True Jersey: 8
  -> Final Prediction (Multi-Image): 7
  -> Result: ? INCORRECT (Ground Truth: 8)

[2930/3633] Processing: was-vs-mil-0022400382_331-track_48317 | True Jersey: 5
  -> Final Prediction (Multi-Image): 5
  -> Result: ? CORRECT

[2931/3633] Processing: cle-vs-chi-0022400886_92-track_22460 | True Jersey: 5
  -> Final Prediction (Multi-Image): 5
  -> Result: ? CORRECT

[2932/3633] Processing: bkn-vs-det-0022400861_210-track_6156 | True Jersey: 22
  -> Final Prediction (Multi-Image): 1
  -> Result: ? INCORRECT (Ground Truth: 22)

[2933/3633] Processing: gsw-vs-phi-0022400864_15-track_32214 | True Jersey: 2
  -> Final Prediction (Multi-Image): 2
  -> Result: ? CORRECT

[2934/3633] Processing: chi-vs-bos-0022400363_11-track_57151 | True Jersey: nan
  -> Final Prediction (Multi-Image): 1
  -> Result: ? INCORRECT (Ground Truth: nan)

[2935/3633] Processing: lac-vs-dal-0022400368_379-track_47721 | True Jersey: 24
  -> Final Prediction (Multi-Image): 42
  -> Result: ? INCORRECT (Ground Truth: 24)

[2936/3633] Processing: hou-vs-okc-0022400879_329-track_47017 | True Jersey: 22
  -> Final Prediction (Multi-Image): 22
  -> Result: ? CORRECT

[2937/3633] Processing: cle-vs-bkn-0022401224_118-track_9397 | True Jersey: 7
  -> Final Prediction (Multi-Image): 1
  -> Result: ? INCORRECT (Ground Truth: 7)

[2938/3633] Processing: phi-vs-cha-0022401222_403-track_34279 | True Jersey: 0
  -> Final Prediction (Multi-Image): 0
  -> Result: ? CORRECT

[2939/3633] Processing: chi-vs-tor-0022401223_142-track_30324 | True Jersey: 9
  -> Final Prediction (Multi-Image): 10
  -> Result: ? INCORRECT (Ground Truth: 9)

[2940/3633] Processing: cle-vs-chi-0022400886_92-track_22461 | True Jersey: 16
  -> Final Prediction (Multi-Image): 12
  -> Result: ? INCORRECT (Ground Truth: 16)

[2941/3633] Processing: nyk-vs-mia-0022400869_368-track_57115 | True Jersey: 3
  -> Final Prediction (Multi-Image): 3
  -> Result: ? CORRECT

[2942/3633] Processing: okc-vs-mia-0022400375_144-track_4398 | True Jersey: 55
  -> Final Prediction (Multi-Image): 55
  -> Result: ? CORRECT

[2943/3633] Processing: cle-vs-bkn-0022401224_118-track_9374 | True Jersey: 2
  -> Final Prediction (Multi-Image): 2
  -> Result: ? CORRECT

[2944/3633] Processing: okc-vs-mia-0022400375_144-track_4389 | True Jersey: 5
  -> Final Prediction (Multi-Image): 1
  -> Result: ? INCORRECT (Ground Truth: 5)

[2945/3633] Processing: sas-vs-sac-0022400910_220-track_21619 | True Jersey: 40
  -> Final Prediction (Multi-Image): 40
  -> Result: ? CORRECT

[2946/3633] Processing: bkn-vs-det-0022400861_145-track_55018 | True Jersey: 7
  -> Final Prediction (Multi-Image): 7
  -> Result: ? CORRECT

[2947/3633] Processing: tor-vs-nyk-0022400397_109-track_17522 | True Jersey: 9
  -> Final Prediction (Multi-Image): 1
  -> Result: ? INCORRECT (Ground Truth: 9)

[2948/3633] Processing: nyk-vs-orl-0022401227_192-track_19536 | True Jersey: 32
  -> Final Prediction (Multi-Image): 32
  -> Result: ? CORRECT

[2949/3633] Processing: det-vs-por-0022400926_211-track_1345 | True Jersey: 33
  -> Final Prediction (Multi-Image): 11
  -> Result: ? INCORRECT (Ground Truth: 33)

[2950/3633] Processing: det-vs-gsw-0022400919_47-track_9502 | True Jersey: 2
  -> Final Prediction (Multi-Image): 2
  -> Result: ? CORRECT

[2951/3633] Processing: den-vs-sac-0022401225_83-track_1850 | True Jersey: 23
  -> Final Prediction (Multi-Image): 15
  -> Result: ? INCORRECT (Ground Truth: 23)

[2952/3633] Processing: sas-vs-phi-0022400394_288-track_30555 | True Jersey: 30
  -> Final Prediction (Multi-Image): 30
  -> Result: ? CORRECT

[2953/3633] Processing: den-vs-sac-0022401225_393-track_24444 | True Jersey: 11
  -> Final Prediction (Multi-Image): 11
  -> Result: ? CORRECT

[2954/3633] Processing: det-vs-lac-0022400898_280-track_8182 | True Jersey: nan
  -> Final Prediction (Multi-Image): 28
  -> Result: ? INCORRECT (Ground Truth: nan)

[2955/3633] Processing: gsw-vs-bkn-0022400901_2-track_41004 | True Jersey: 33
  -> Final Prediction (Multi-Image): 33
  -> Result: ? CORRECT

[2956/3633] Processing: was-vs-cha-0022400860_266-track_59251 | True Jersey: 10
  -> Final Prediction (Multi-Image): 1
  -> Result: ? INCORRECT (Ground Truth: 10)

[2957/3633] Processing: hou-vs-okc-0022400879_329-track_47068 | True Jersey: 8
  -> Final Prediction (Multi-Image): 8
  -> Result: ? CORRECT

[2958/3633] Processing: bkn-vs-det-0022400861_438-track_32618 | True Jersey: 4
  -> Final Prediction (Multi-Image): 4
  -> Result: ? CORRECT

[2959/3633] Processing: uta-vs-lac-0022401226_299-track_41668 | True Jersey: 77
  -> Final Prediction (Multi-Image): 7
  -> Result: ? INCORRECT (Ground Truth: 77)

[2960/3633] Processing: chi-vs-ind-0022400868_226-track_4790 | True Jersey: 30
  -> Final Prediction (Multi-Image): 30
  -> Result: ? CORRECT

[2961/3633] Processing: nyk-vs-mia-0022400869_124-track_20740 | True Jersey: 55
  -> Final Prediction (Multi-Image): 55
  -> Result: ? CORRECT

[2962/3633] Processing: chi-vs-tor-0022401223_253-track_27251 | True Jersey: 25
  -> Final Prediction (Multi-Image): 23
  -> Result: ? INCORRECT (Ground Truth: 25)

[2963/3633] Processing: hou-vs-okc-0022400879_299-track_56156 | True Jersey: 34
  -> Final Prediction (Multi-Image): 1
  -> Result: ? INCORRECT (Ground Truth: 34)

[2964/3633] Processing: gsw-vs-mem-0022400366_171-track_52921 | True Jersey: 30
  -> Final Prediction (Multi-Image): 30
  -> Result: ? CORRECT

[2965/3633] Processing: mem-vs-lal-0022401220_156-track_58503 | True Jersey: 15
  -> Final Prediction (Multi-Image): 15
  -> Result: ? CORRECT

[2966/3633] Processing: hou-vs-okc-0022400879_430-track_56602 | True Jersey: 3
  -> Final Prediction (Multi-Image): 5
  -> Result: ? INCORRECT (Ground Truth: 3)

[2967/3633] Processing: lac-vs-dal-0022400368_379-track_47746 | True Jersey: 25
  -> Final Prediction (Multi-Image): 23
  -> Result: ? INCORRECT (Ground Truth: 25)

[2968/3633] Processing: phi-vs-cha-0022401222_92-track_44264 | True Jersey: 5
  -> Final Prediction (Multi-Image): 5
  -> Result: ? CORRECT

[2969/3633] Processing: lac-vs-lal-0022400874_106-track_4909 | True Jersey: 4
  -> Final Prediction (Multi-Image): 4
  -> Result: ? CORRECT

[2970/3633] Processing: den-vs-por-0022400371_210-track_13341 | True Jersey: nan
  -> Final Prediction (Multi-Image): 1
  -> Result: ? INCORRECT (Ground Truth: nan)

[2971/3633] Processing: lac-vs-dal-0022400368_95-track_41372 | True Jersey: 8
  -> Final Prediction (Multi-Image): 8
  -> Result: ? CORRECT

[2972/3633] Processing: gsw-vs-bkn-0022400901_14-track_20843 | True Jersey: 30
  -> Final Prediction (Multi-Image): 7
  -> Result: ? INCORRECT (Ground Truth: 30)

[2973/3633] Processing: mil-vs-atl-0022400884_37-track_25469 | True Jersey: 5
  -> Final Prediction (Multi-Image): 5
  -> Result: ? CORRECT

[2974/3633] Processing: mil-vs-atl-0022400884_203-track_40053 | True Jersey: 18
  -> Final Prediction (Multi-Image): 18
  -> Result: ? CORRECT

[2975/3633] Processing: det-vs-gsw-0022400919_47-track_9628 | True Jersey: 4
  -> Final Prediction (Multi-Image): 7
  -> Result: ? INCORRECT (Ground Truth: 4)

[2976/3633] Processing: mia-vs-det-0022401221_336-track_47584 | True Jersey: nan
  -> Final Prediction (Multi-Image): 8
  -> Result: ? INCORRECT (Ground Truth: nan)

[2977/3633] Processing: bos-vs-was-0022401217_112-track_4217 | True Jersey: 9
  -> Final Prediction (Multi-Image): 8
  -> Result: ? INCORRECT (Ground Truth: 9)

[2978/3633] Processing: por-vs-phx-0022401219_24-track_1088 | True Jersey: 20
  -> Final Prediction (Multi-Image): 20
  -> Result: ? CORRECT

[2979/3633] Processing: det-vs-por-0022400926_162-track_7543 | True Jersey: nan
  -> Final Prediction (Multi-Image): 1
  -> Result: ? INCORRECT (Ground Truth: nan)

[2980/3633] Processing: mil-vs-okc-0062400001_288-track_57775 | True Jersey: 22
  -> Final Prediction (Multi-Image): 22
  -> Result: ? CORRECT

[2981/3633] Processing: chi-vs-ind-0022400868_304-track_7840 | True Jersey: 43
  -> Final Prediction (Multi-Image): 15
  -> Result: ? INCORRECT (Ground Truth: 43)

[2982/3633] Processing: sac-vs-hou-0022400862_97-track_32424 | True Jersey: 41
  -> Final Prediction (Multi-Image): 41
  -> Result: ? CORRECT

[2983/3633] Processing: nyk-vs-orl-0022401227_208-track_54477 | True Jersey: 3
  -> Final Prediction (Multi-Image): 3
  -> Result: ? CORRECT

[2984/3633] Processing: sas-vs-sac-0022400910_115-track_6581 | True Jersey: 30
  -> Final Prediction (Multi-Image): 30
  -> Result: ? CORRECT

[2985/3633] Processing: sas-vs-sac-0022400910_220-track_21496 | True Jersey: 23
  -> Final Prediction (Multi-Image): 23
  -> Result: ? CORRECT

[2986/3633] Processing: lac-vs-lal-0022400874_172-track_28845 | True Jersey: 77
  -> Final Prediction (Multi-Image): 77
  -> Result: ? CORRECT

[2987/3633] Processing: por-vs-cle-0022400867_80-track_17274 | True Jersey: 2
  -> Final Prediction (Multi-Image): 2
  -> Result: ? CORRECT

[2988/3633] Processing: mem-vs-atl-0022400378_209-track_58780 | True Jersey: 10
  -> Final Prediction (Multi-Image): 10
  -> Result: ? CORRECT

[2989/3633] Processing: sas-vs-phi-0022400394_94-track_54261 | True Jersey: 5
  -> Final Prediction (Multi-Image): 15
  -> Result: ? INCORRECT (Ground Truth: 5)

[2990/3633] Processing: nop-vs-ind-0022401216_23-track_40100 | True Jersey: 3
  -> Final Prediction (Multi-Image): 3
  -> Result: ? CORRECT

[2991/3633] Processing: tor-vs-orl-0022400870_13-track_28041 | True Jersey: 22
  -> Final Prediction (Multi-Image): 22
  -> Result: ? CORRECT

[2992/3633] Processing: chi-vs-ind-0022400868_293-track_19713 | True Jersey: 7
  -> Final Prediction (Multi-Image): 1
  -> Result: ? INCORRECT (Ground Truth: 7)

[2993/3633] Processing: chi-vs-tor-0022401223_198-track_52412 | True Jersey: 3
  -> Final Prediction (Multi-Image): 3
  -> Result: ? CORRECT

[2994/3633] Processing: mil-vs-okc-0062400001_4-track_20151 | True Jersey: 34
  -> Final Prediction (Multi-Image): 34
  -> Result: ? CORRECT

[2995/3633] Processing: gsw-vs-nyk-0022400885_313-track_37254 | True Jersey: 7
  -> Final Prediction (Multi-Image): 7
  -> Result: ? CORRECT

[2996/3633] Processing: bos-vs-was-0022401217_140-track_26814 | True Jersey: 1
  -> Final Prediction (Multi-Image): 1
  -> Result: ? CORRECT

[2997/3633] Processing: bos-vs-was-0022401217_35-track_36284 | True Jersey: 13
  -> Final Prediction (Multi-Image): 13
  -> Result: ? CORRECT

[2998/3633] Processing: cle-vs-bkn-0022401224_22-track_2162 | True Jersey: 4
  -> Final Prediction (Multi-Image): 12
  -> Result: ? INCORRECT (Ground Truth: 4)

[2999/3633] Processing: chi-vs-tor-0022401223_198-track_52414 | True Jersey: 11
  -> Final Prediction (Multi-Image): 10
  -> Result: ? INCORRECT (Ground Truth: 11)

[3000/3633] Processing: phi-vs-cha-0022401222_146-track_50762 | True Jersey: 5
  -> Final Prediction (Multi-Image): 10
  -> Result: ? INCORRECT (Ground Truth: 5)

[3001/3633] Processing: nyk-vs-min-0022400367_284-track_13937 | True Jersey: 20
  -> Final Prediction (Multi-Image): 23
  -> Result: ? INCORRECT (Ground Truth: 20)

[3002/3633] Processing: mil-vs-cle-0022400374_316-track_29928 | True Jersey: 24
  -> Final Prediction (Multi-Image): 24
  -> Result: ? CORRECT

[3003/3633] Processing: chi-vs-bos-0022400363_330-track_57892 | True Jersey: 0
  -> Final Prediction (Multi-Image): 0
  -> Result: ? CORRECT

[3004/3633] Processing: det-vs-lac-0022400898_280-track_8139 | True Jersey: 10
  -> Final Prediction (Multi-Image): 10
  -> Result: ? CORRECT

[3005/3633] Processing: gsw-vs-phi-0022400864_220-track_4446 | True Jersey: 23
  -> Final Prediction (Multi-Image): 11
  -> Result: ? INCORRECT (Ground Truth: 23)

[3006/3633] Processing: hou-vs-okc-0022400879_1-track_34020 | True Jersey: nan
  -> Final Prediction (Multi-Image): 1
  -> Result: ? INCORRECT (Ground Truth: nan)

[3007/3633] Processing: mil-vs-dal-0022400865_141-track_2453 | True Jersey: 11
  -> Final Prediction (Multi-Image): 11
  -> Result: ? CORRECT

[3008/3633] Processing: det-vs-por-0022400926_211-track_1380 | True Jersey: 26
  -> Final Prediction (Multi-Image): 26
  -> Result: ? CORRECT

[3009/3633] Processing: chi-vs-tor-0022401223_140-track_24009 | True Jersey: 9
  -> Final Prediction (Multi-Image): 5
  -> Result: ? INCORRECT (Ground Truth: 9)

[3010/3633] Processing: lac-vs-lal-0022400874_172-track_28930 | True Jersey: 10
  -> Final Prediction (Multi-Image): 10
  -> Result: ? CORRECT

[3011/3633] Processing: lac-vs-lal-0022400874_374-track_54202 | True Jersey: 4
  -> Final Prediction (Multi-Image): 4
  -> Result: ? CORRECT

[3012/3633] Processing: gsw-vs-bkn-0022400901_86-track_50281 | True Jersey: 20
  -> Final Prediction (Multi-Image): 1
  -> Result: ? INCORRECT (Ground Truth: 20)

[3013/3633] Processing: lac-vs-lal-0022400874_106-track_4961 | True Jersey: 23
  -> Final Prediction (Multi-Image): 23
  -> Result: ? CORRECT

[3014/3633] Processing: orl-vs-mil-0022400917_170-track_9917 | True Jersey: 0
  -> Final Prediction (Multi-Image): 0
  -> Result: ? CORRECT

[3015/3633] Processing: chi-vs-tor-0022401223_263-track_14117 | True Jersey: 41
  -> Final Prediction (Multi-Image): 4
  -> Result: ? INCORRECT (Ground Truth: 41)

[3016/3633] Processing: nop-vs-ind-0022401216_23-track_40090 | True Jersey: 2
  -> Final Prediction (Multi-Image): 2
  -> Result: ? CORRECT

[3017/3633] Processing: phi-vs-min-0022400887_256-track_25938 | True Jersey: 1
  -> Final Prediction (Multi-Image): 1
  -> Result: ? CORRECT

[3018/3633] Processing: phx-vs-den-0022400402_55-track_34956 | True Jersey: 15
  -> Final Prediction (Multi-Image): 6
  -> Result: ? INCORRECT (Ground Truth: 15)

[3019/3633] Processing: mem-vs-atl-0022400378_36-track_41499 | True Jersey: 0
  -> Final Prediction (Multi-Image): 0
  -> Result: ? CORRECT

[3020/3633] Processing: nyk-vs-mia-0022400869_368-track_57072 | True Jersey: 55
  -> Final Prediction (Multi-Image): 55
  -> Result: ? CORRECT

[3021/3633] Processing: nyk-vs-mia-0022400869_318-track_33556 | True Jersey: 2
  -> Final Prediction (Multi-Image): 2
  -> Result: ? CORRECT

[3022/3633] Processing: nyk-vs-mia-0022400869_124-track_20698 | True Jersey: 3
  -> Final Prediction (Multi-Image): 1
  -> Result: ? INCORRECT (Ground Truth: 3)

[3023/3633] Processing: mem-vs-lal-0022401220_156-track_58399 | True Jersey: 13
  -> Final Prediction (Multi-Image): 13
  -> Result: ? CORRECT

[3024/3633] Processing: phi-vs-uta-0022400433_213-track_35064 | True Jersey: 00
  -> Final Prediction (Multi-Image): 10
  -> Result: ? INCORRECT (Ground Truth: 00)

[3025/3633] Processing: cle-vs-bkn-0022401224_22-track_2211 | True Jersey: 33
  -> Final Prediction (Multi-Image): 15
  -> Result: ? INCORRECT (Ground Truth: 33)

[3026/3633] Processing: det-vs-lac-0022400898_61-track_8340 | True Jersey: nan
  -> Final Prediction (Multi-Image): 11
  -> Result: ? INCORRECT (Ground Truth: nan)

[3027/3633] Processing: mil-vs-cle-0022400374_321-track_14732 | True Jersey: 13
  -> Final Prediction (Multi-Image): 13
  -> Result: ? CORRECT

[3028/3633] Processing: chi-vs-tor-0022401223_17-track_60365 | True Jersey: 9
  -> Final Prediction (Multi-Image): 9
  -> Result: ? CORRECT

[3029/3633] Processing: gsw-vs-phi-0022400864_255-track_43697 | True Jersey: 30
  -> Final Prediction (Multi-Image): 30
  -> Result: ? CORRECT

[3030/3633] Processing: nyk-vs-mia-0022400869_368-track_57066 | True Jersey: 55
  -> Final Prediction (Multi-Image): 55
  -> Result: ? CORRECT

[3031/3633] Processing: mil-vs-dal-0022400865_286-track_16842 | True Jersey: 00
  -> Final Prediction (Multi-Image): 10
  -> Result: ? INCORRECT (Ground Truth: 00)

[3032/3633] Processing: gsw-vs-bkn-0022400901_332-track_29355 | True Jersey: 23
  -> Final Prediction (Multi-Image): 3
  -> Result: ? INCORRECT (Ground Truth: 23)

[3033/3633] Processing: cle-vs-chi-0022400886_352-track_23137 | True Jersey: 2
  -> Final Prediction (Multi-Image): 2
  -> Result: ? CORRECT

[3034/3633] Processing: gsw-vs-mem-0022400366_169-track_615 | True Jersey: 13
  -> Final Prediction (Multi-Image): 10
  -> Result: ? INCORRECT (Ground Truth: 13)

[3035/3633] Processing: min-vs-den-0022400952_126-track_7732 | True Jersey: 22
  -> Final Prediction (Multi-Image): 25
  -> Result: ? INCORRECT (Ground Truth: 22)

[3036/3633] Processing: hou-vs-okc-0022400879_48-track_42313 | True Jersey: 2
  -> Final Prediction (Multi-Image): 12
  -> Result: ? INCORRECT (Ground Truth: 2)

[3037/3633] Processing: lac-vs-lal-0022400874_0-track_12947 | True Jersey: 40
  -> Final Prediction (Multi-Image): 23
  -> Result: ? INCORRECT (Ground Truth: 40)

[3038/3633] Processing: sas-vs-phi-0022400394_288-track_30595 | True Jersey: 1
  -> Final Prediction (Multi-Image): 1
  -> Result: ? CORRECT

[3039/3633] Processing: bos-vs-was-0022401217_112-track_4224 | True Jersey: nan
  -> Final Prediction (Multi-Image): 1
  -> Result: ? INCORRECT (Ground Truth: nan)

[3040/3633] Processing: den-vs-sac-0022401225_355-track_32913 | True Jersey: 25
  -> Final Prediction (Multi-Image): 1
  -> Result: ? INCORRECT (Ground Truth: 25)

[3041/3633] Processing: cle-vs-chi-0022400886_92-track_22526 | True Jersey: 5
  -> Final Prediction (Multi-Image): 5
  -> Result: ? CORRECT

[3042/3633] Processing: okc-vs-mia-0022400375_144-track_4443 | True Jersey: 5
  -> Final Prediction (Multi-Image): 5
  -> Result: ? CORRECT

[3043/3633] Processing: sas-vs-phi-0022400394_406-track_55772 | True Jersey: 1
  -> Final Prediction (Multi-Image): 1
  -> Result: ? CORRECT

[3044/3633] Processing: gsw-vs-nyk-0022400885_213-track_47878 | True Jersey: 25
  -> Final Prediction (Multi-Image): 25
  -> Result: ? CORRECT

[3045/3633] Processing: chi-vs-ind-0022400868_226-track_4703 | True Jersey: 25
  -> Final Prediction (Multi-Image): 23
  -> Result: ? INCORRECT (Ground Truth: 25)

[3046/3633] Processing: cle-vs-bkn-0022401224_118-track_9392 | True Jersey: 2
  -> Final Prediction (Multi-Image): 2
  -> Result: ? CORRECT

[3047/3633] Processing: orl-vs-mil-0022400917_170-track_10030 | True Jersey: nan
  -> Final Prediction (Multi-Image): 1
  -> Result: ? INCORRECT (Ground Truth: nan)

[3048/3633] Processing: bos-vs-was-0022401217_112-track_4234 | True Jersey: 40
  -> Final Prediction (Multi-Image): 10
  -> Result: ? INCORRECT (Ground Truth: 40)

[3049/3633] Processing: mil-vs-atl-0022400884_203-track_39915 | True Jersey: 5
  -> Final Prediction (Multi-Image): 5
  -> Result: ? CORRECT

[3050/3633] Processing: gsw-vs-nyk-0022400885_353-track_13791 | True Jersey: 10
  -> Final Prediction (Multi-Image): 10
  -> Result: ? CORRECT

[3051/3633] Processing: bos-vs-was-0022401217_199-track_16737 | True Jersey: 4
  -> Final Prediction (Multi-Image): 10
  -> Result: ? INCORRECT (Ground Truth: 4)

[3052/3633] Processing: hou-vs-okc-0022400879_48-track_42315 | True Jersey: 8
  -> Final Prediction (Multi-Image): 8
  -> Result: ? CORRECT

[3053/3633] Processing: cle-vs-bkn-0022401224_155-track_32588 | True Jersey: 32
  -> Final Prediction (Multi-Image): 12
  -> Result: ? INCORRECT (Ground Truth: 32)

[3054/3633] Processing: gsw-vs-bkn-0022400901_296-track_10394 | True Jersey: 2
  -> Final Prediction (Multi-Image): 10
  -> Result: ? INCORRECT (Ground Truth: 2)

[3055/3633] Processing: uta-vs-tor-0022400905_242-track_14337 | True Jersey: 5
  -> Final Prediction (Multi-Image): 5
  -> Result: ? CORRECT

[3056/3633] Processing: det-vs-gsw-0022400919_54-track_37343 | True Jersey: 5
  -> Final Prediction (Multi-Image): 1
  -> Result: ? INCORRECT (Ground Truth: 5)

[3057/3633] Processing: lac-vs-dal-0022400368_169-track_49147 | True Jersey: 40
  -> Final Prediction (Multi-Image): 40
  -> Result: ? CORRECT

[3058/3633] Processing: cle-vs-bkn-0022401224_22-track_2210 | True Jersey: nan
  -> Final Prediction (Multi-Image): 7
  -> Result: ? INCORRECT (Ground Truth: nan)

[3059/3633] Processing: gsw-vs-mem-0022400366_411-track_26309 | True Jersey: 46
  -> Final Prediction (Multi-Image): 24
  -> Result: ? INCORRECT (Ground Truth: 46)

[3060/3633] Processing: mil-vs-okc-0062400001_45-track_24837 | True Jersey: 11
  -> Final Prediction (Multi-Image): 11
  -> Result: ? CORRECT

[3061/3633] Processing: bos-vs-was-0022401217_41-track_246 | True Jersey: 9
  -> Final Prediction (Multi-Image): 9
  -> Result: ? CORRECT

[3062/3633] Processing: nyk-vs-orl-0022401227_70-track_5417 | True Jersey: 21
  -> Final Prediction (Multi-Image): 23
  -> Result: ? INCORRECT (Ground Truth: 21)

[3063/3633] Processing: bkn-vs-det-0022400861_15-track_53421 | True Jersey: 7
  -> Final Prediction (Multi-Image): 7
  -> Result: ? CORRECT

[3064/3633] Processing: sas-vs-sac-0022400910_220-track_21532 | True Jersey: 23
  -> Final Prediction (Multi-Image): 13
  -> Result: ? INCORRECT (Ground Truth: 23)

[3065/3633] Processing: hou-vs-okc-0022400879_307-track_8870 | True Jersey: 32
  -> Final Prediction (Multi-Image): 32
  -> Result: ? CORRECT

[3066/3633] Processing: bkn-vs-det-0022400861_438-track_32620 | True Jersey: 7
  -> Final Prediction (Multi-Image): 7
  -> Result: ? CORRECT

[3067/3633] Processing: gsw-vs-nyk-0022400885_213-track_47879 | True Jersey: 8
  -> Final Prediction (Multi-Image): 8
  -> Result: ? CORRECT

[3068/3633] Processing: uta-vs-lac-0022401226_115-track_60912 | True Jersey: 11
  -> Final Prediction (Multi-Image): 11
  -> Result: ? CORRECT

[3069/3633] Processing: sas-vs-mem-0022400863_109-track_29268 | True Jersey: nan
  -> Final Prediction (Multi-Image): 10
  -> Result: ? INCORRECT (Ground Truth: nan)

[3070/3633] Processing: nyk-vs-orl-0022401227_5-track_18473 | True Jersey: 25
  -> Final Prediction (Multi-Image): 23
  -> Result: ? INCORRECT (Ground Truth: 25)

[3071/3633] Processing: mem-vs-atl-0022400378_124-track_20993 | True Jersey: 14
  -> Final Prediction (Multi-Image): 14
  -> Result: ? CORRECT

[3072/3633] Processing: gsw-vs-bkn-0022400901_14-track_20856 | True Jersey: 45
  -> Final Prediction (Multi-Image): 45
  -> Result: ? CORRECT

[3073/3633] Processing: tor-vs-nyk-0022400397_109-track_17444 | True Jersey: 1
  -> Final Prediction (Multi-Image): 1
  -> Result: ? CORRECT

[3074/3633] Processing: mil-vs-dal-0022400865_297-track_32139 | True Jersey: 0
  -> Final Prediction (Multi-Image): 0
  -> Result: ? CORRECT

[3075/3633] Processing: mem-vs-atl-0022400378_124-track_21130 | True Jersey: 27
  -> Final Prediction (Multi-Image): 27
  -> Result: ? CORRECT

[3076/3633] Processing: tor-vs-orl-0022400870_13-track_27974 | True Jersey: 19
  -> Final Prediction (Multi-Image): 19
  -> Result: ? CORRECT

[3077/3633] Processing: gsw-vs-nyk-0022400885_276-track_60429 | True Jersey: 2
  -> Final Prediction (Multi-Image): 2
  -> Result: ? CORRECT

[3078/3633] Processing: nyk-vs-orl-0022401227_49-track_21641 | True Jersey: 3
  -> Final Prediction (Multi-Image): 3
  -> Result: ? CORRECT

[3079/3633] Processing: gsw-vs-bkn-0022400901_296-track_10390 | True Jersey: 7
  -> Final Prediction (Multi-Image): 7
  -> Result: ? CORRECT

[3080/3633] Processing: mia-vs-det-0022401221_241-track_14853 | True Jersey: 22
  -> Final Prediction (Multi-Image): 1
  -> Result: ? INCORRECT (Ground Truth: 22)

[3081/3633] Processing: gsw-vs-nyk-0022400885_274-track_59578 | True Jersey: 5
  -> Final Prediction (Multi-Image): 3
  -> Result: ? INCORRECT (Ground Truth: 5)

[3082/3633] Processing: uta-vs-tor-0022400905_434-track_50514 | True Jersey: 13
  -> Final Prediction (Multi-Image): 13
  -> Result: ? CORRECT

[3083/3633] Processing: tor-vs-orl-0022400870_282-track_41714 | True Jersey: 0
  -> Final Prediction (Multi-Image): 6
  -> Result: ? INCORRECT (Ground Truth: 0)

[3084/3633] Processing: chi-vs-bos-0022400363_398-track_44608 | True Jersey: 0
  -> Final Prediction (Multi-Image): 0
  -> Result: ? CORRECT

[3085/3633] Processing: mem-vs-lal-0022401220_343-track_52573 | True Jersey: nan
  -> Final Prediction (Multi-Image): 5
  -> Result: ? INCORRECT (Ground Truth: nan)

[3086/3633] Processing: nop-vs-uta-0022400872_242-track_41046 | True Jersey: 00
  -> Final Prediction (Multi-Image): 10
  -> Result: ? INCORRECT (Ground Truth: 00)

[3087/3633] Processing: gsw-vs-mem-0022400366_411-track_26376 | True Jersey: 32
  -> Final Prediction (Multi-Image): 32
  -> Result: ? CORRECT

[3088/3633] Processing: mil-vs-cle-0022400374_316-track_29976 | True Jersey: 3
  -> Final Prediction (Multi-Image): 13
  -> Result: ? INCORRECT (Ground Truth: 3)

[3089/3633] Processing: hou-vs-okc-0022400879_1-track_33918 | True Jersey: 7
  -> Final Prediction (Multi-Image): 7
  -> Result: ? CORRECT

[3090/3633] Processing: gsw-vs-bkn-0022400901_325-track_25929 | True Jersey: 45
  -> Final Prediction (Multi-Image): 45
  -> Result: ? CORRECT

[3091/3633] Processing: mil-vs-chi-0022400398_47-track_45409 | True Jersey: 11
  -> Final Prediction (Multi-Image): 7
  -> Result: ? INCORRECT (Ground Truth: 11)

[3092/3633] Processing: gsw-vs-bkn-0022400901_325-track_25847 | True Jersey: 13
  -> Final Prediction (Multi-Image): 1
  -> Result: ? INCORRECT (Ground Truth: 13)

[3093/3633] Processing: mil-vs-chi-0022400398_82-track_18191 | True Jersey: 22
  -> Final Prediction (Multi-Image): 22
  -> Result: ? CORRECT

[3094/3633] Processing: det-vs-por-0022400926_211-track_1309 | True Jersey: 33
  -> Final Prediction (Multi-Image): 13
  -> Result: ? INCORRECT (Ground Truth: 33)

[3095/3633] Processing: cle-vs-bkn-0022401224_257-track_15384 | True Jersey: 2
  -> Final Prediction (Multi-Image): 10
  -> Result: ? INCORRECT (Ground Truth: 2)

[3096/3633] Processing: mil-vs-okc-0062400001_71-track_9799 | True Jersey: 34
  -> Final Prediction (Multi-Image): 1
  -> Result: ? INCORRECT (Ground Truth: 34)

[3097/3633] Processing: gsw-vs-bkn-0022400901_367-track_36083 | True Jersey: nan
  -> Final Prediction (Multi-Image): 11
  -> Result: ? INCORRECT (Ground Truth: nan)

[3098/3633] Processing: den-vs-por-0022400371_210-track_13410 | True Jersey: nan
  -> Final Prediction (Multi-Image): 11
  -> Result: ? INCORRECT (Ground Truth: nan)

[3099/3633] Processing: chi-vs-bos-0022400363_58-track_28608 | True Jersey: 0
  -> Final Prediction (Multi-Image): 2
  -> Result: ? INCORRECT (Ground Truth: 0)

[3100/3633] Processing: uta-vs-was-0022400894_75-track_2497 | True Jersey: 19
  -> Final Prediction (Multi-Image): 1
  -> Result: ? INCORRECT (Ground Truth: 19)

[3101/3633] Processing: cle-vs-chi-0022400886_388-track_36619 | True Jersey: 12
  -> Final Prediction (Multi-Image): 12
  -> Result: ? CORRECT

[3102/3633] Processing: dal-vs-gsw-0022401228_95-track_26490 | True Jersey: 11
  -> Final Prediction (Multi-Image): 11
  -> Result: ? CORRECT

[3103/3633] Processing: sac-vs-hou-0022400862_97-track_32355 | True Jersey: 33
  -> Final Prediction (Multi-Image): 33
  -> Result: ? CORRECT

[3104/3633] Processing: mem-vs-nop-0022400923_190-track_22159 | True Jersey: 15
  -> Final Prediction (Multi-Image): 15
  -> Result: ? CORRECT

[3105/3633] Processing: sas-vs-sac-0022400910_72-track_1644 | True Jersey: 33
  -> Final Prediction (Multi-Image): 1
  -> Result: ? INCORRECT (Ground Truth: 33)

[3106/3633] Processing: was-vs-mil-0022400382_331-track_48265 | True Jersey: 8
  -> Final Prediction (Multi-Image): 8
  -> Result: ? CORRECT

[3107/3633] Processing: cle-vs-bkn-0022401224_31-track_18850 | True Jersey: 2
  -> Final Prediction (Multi-Image): 1
  -> Result: ? INCORRECT (Ground Truth: 2)

[3108/3633] Processing: mia-vs-det-0022401221_306-track_37833 | True Jersey: 11
  -> Final Prediction (Multi-Image): 11
  -> Result: ? CORRECT

[3109/3633] Processing: lac-vs-lal-0022400874_247-track_35222 | True Jersey: 55
  -> Final Prediction (Multi-Image): 55
  -> Result: ? CORRECT

[3110/3633] Processing: lac-vs-dal-0022400368_379-track_47735 | True Jersey: 42
  -> Final Prediction (Multi-Image): 42
  -> Result: ? CORRECT

[3111/3633] Processing: gsw-vs-nyk-0022400885_102-track_39674 | True Jersey: 44
  -> Final Prediction (Multi-Image): 44
  -> Result: ? CORRECT

[3112/3633] Processing: nyk-vs-mia-0022400869_124-track_20793 | True Jersey: nan
  -> Final Prediction (Multi-Image): 10
  -> Result: ? INCORRECT (Ground Truth: nan)

[3113/3633] Processing: nyk-vs-min-0022400367_153-track_10105 | True Jersey: nan
  -> Final Prediction (Multi-Image): 11
  -> Result: ? INCORRECT (Ground Truth: nan)

[3114/3633] Processing: bos-vs-was-0022401217_370-track_8004 | True Jersey: 9
  -> Final Prediction (Multi-Image): 9
  -> Result: ? CORRECT

[3115/3633] Processing: okc-vs-sas-0022400871_13-track_3871 | True Jersey: 3
  -> Final Prediction (Multi-Image): 3
  -> Result: ? CORRECT

[3116/3633] Processing: was-vs-mil-0022400382_236-track_34884 | True Jersey: 20
  -> Final Prediction (Multi-Image): 20
  -> Result: ? CORRECT

[3117/3633] Processing: hou-vs-okc-0022400879_329-track_47009 | True Jersey: 15
  -> Final Prediction (Multi-Image): 15
  -> Result: ? CORRECT

[3118/3633] Processing: mil-vs-atl-0022400884_203-track_40061 | True Jersey: 18
  -> Final Prediction (Multi-Image): 18
  -> Result: ? CORRECT

[3119/3633] Processing: nyk-vs-orl-0022401227_49-track_21654 | True Jersey: 3
  -> Final Prediction (Multi-Image): 10
  -> Result: ? INCORRECT (Ground Truth: 3)

[3120/3633] Processing: hou-vs-okc-0022400879_430-track_56643 | True Jersey: 2
  -> Final Prediction (Multi-Image): 2
  -> Result: ? CORRECT

[3121/3633] Processing: mia-vs-det-0022401221_336-track_47598 | True Jersey: 2
  -> Final Prediction (Multi-Image): 2
  -> Result: ? CORRECT

[3122/3633] Processing: chi-vs-ind-0022400868_226-track_4719 | True Jersey: 43
  -> Final Prediction (Multi-Image): 44
  -> Result: ? INCORRECT (Ground Truth: 43)

[3123/3633] Processing: hou-vs-okc-0022400879_329-track_47038 | True Jersey: 19
  -> Final Prediction (Multi-Image): 15
  -> Result: ? INCORRECT (Ground Truth: 19)

[3124/3633] Processing: gsw-vs-mem-0022400366_411-track_26369 | True Jersey: 10
  -> Final Prediction (Multi-Image): 6
  -> Result: ? INCORRECT (Ground Truth: 10)

[3125/3633] Processing: det-vs-por-0022400926_441-track_40899 | True Jersey: 2
  -> Final Prediction (Multi-Image): 0
  -> Result: ? INCORRECT (Ground Truth: 2)

[3126/3633] Processing: hou-vs-okc-0022400879_219-track_57481 | True Jersey: 5
  -> Final Prediction (Multi-Image): 5
  -> Result: ? CORRECT

[3127/3633] Processing: was-vs-cha-0022400860_13-track_49913 | True Jersey: 10
  -> Final Prediction (Multi-Image): 10
  -> Result: ? CORRECT

[3128/3633] Processing: nop-vs-ind-0022401216_429-track_1749 | True Jersey: 25
  -> Final Prediction (Multi-Image): 25
  -> Result: ? CORRECT

[3129/3633] Processing: mil-vs-dal-0022400865_316-track_2093 | True Jersey: 3
  -> Final Prediction (Multi-Image): 26
  -> Result: ? INCORRECT (Ground Truth: 3)

[3130/3633] Processing: gsw-vs-nyk-0022400885_373-track_56113 | True Jersey: 30
  -> Final Prediction (Multi-Image): 10
  -> Result: ? INCORRECT (Ground Truth: 30)

[3131/3633] Processing: phi-vs-cha-0022401222_146-track_50860 | True Jersey: nan
  -> Final Prediction (Multi-Image): 2
  -> Result: ? INCORRECT (Ground Truth: nan)

[3132/3633] Processing: nop-vs-hou-0022400365_307-track_45840 | True Jersey: 15
  -> Final Prediction (Multi-Image): 15
  -> Result: ? CORRECT

[3133/3633] Processing: gsw-vs-phi-0022400864_220-track_4448 | True Jersey: 2
  -> Final Prediction (Multi-Image): 1
  -> Result: ? INCORRECT (Ground Truth: 2)

[3134/3633] Processing: mil-vs-cle-0022400374_321-track_14694 | True Jersey: nan
  -> Final Prediction (Multi-Image): 3
  -> Result: ? INCORRECT (Ground Truth: nan)

[3135/3633] Processing: mem-vs-lal-0022401220_156-track_58454 | True Jersey: 13
  -> Final Prediction (Multi-Image): 10
  -> Result: ? INCORRECT (Ground Truth: 13)

[3136/3633] Processing: gsw-vs-phi-0022400864_255-track_43686 | True Jersey: 8
  -> Final Prediction (Multi-Image): 5
  -> Result: ? INCORRECT (Ground Truth: 8)

[3137/3633] Processing: det-vs-gsw-0022400919_47-track_9689 | True Jersey: nan
  -> Final Prediction (Multi-Image): 11
  -> Result: ? INCORRECT (Ground Truth: nan)

[3138/3633] Processing: mil-vs-dal-0022400865_141-track_2371 | True Jersey: 8
  -> Final Prediction (Multi-Image): 8
  -> Result: ? CORRECT

[3139/3633] Processing: chi-vs-bos-0022400363_51-track_17360 | True Jersey: 2
  -> Final Prediction (Multi-Image): 2
  -> Result: ? CORRECT

[3140/3633] Processing: cle-vs-chi-0022400886_13-track_31652 | True Jersey: 30
  -> Final Prediction (Multi-Image): 10
  -> Result: ? INCORRECT (Ground Truth: 30)

[3141/3633] Processing: mem-vs-lal-0022401220_451-track_1502 | True Jersey: 3
  -> Final Prediction (Multi-Image): 3
  -> Result: ? CORRECT

[3142/3633] Processing: cle-vs-bkn-0022401224_31-track_18704 | True Jersey: 2
  -> Final Prediction (Multi-Image): 2
  -> Result: ? CORRECT

[3143/3633] Processing: bkn-vs-det-0022400861_210-track_6092 | True Jersey: 7
  -> Final Prediction (Multi-Image): 7
  -> Result: ? CORRECT

[3144/3633] Processing: mil-vs-chi-0022400398_335-track_3567 | True Jersey: 11
  -> Final Prediction (Multi-Image): 11
  -> Result: ? CORRECT

[3145/3633] Processing: min-vs-sas-0022401218_207-track_14542 | True Jersey: 30
  -> Final Prediction (Multi-Image): 10
  -> Result: ? INCORRECT (Ground Truth: 30)

[3146/3633] Processing: chi-vs-ind-0022400868_304-track_7847 | True Jersey: 7
  -> Final Prediction (Multi-Image): 7
  -> Result: ? CORRECT

[3147/3633] Processing: mil-vs-atl-0022400884_127-track_43112 | True Jersey: 3
  -> Final Prediction (Multi-Image): 3
  -> Result: ? CORRECT

[3148/3633] Processing: phx-vs-den-0022400402_55-track_34997 | True Jersey: 8
  -> Final Prediction (Multi-Image): 1
  -> Result: ? INCORRECT (Ground Truth: 8)

[3149/3633] Processing: gsw-vs-phi-0022400864_233-track_37900 | True Jersey: 9
  -> Final Prediction (Multi-Image): 9
  -> Result: ? CORRECT

[3150/3633] Processing: nyk-vs-orl-0022401227_49-track_21642 | True Jersey: 5
  -> Final Prediction (Multi-Image): 5
  -> Result: ? CORRECT

[3151/3633] Processing: min-vs-den-0022400952_126-track_7738 | True Jersey: 11
  -> Final Prediction (Multi-Image): 11
  -> Result: ? CORRECT

[3152/3633] Processing: phx-vs-den-0022400402_352-track_11474 | True Jersey: 2
  -> Final Prediction (Multi-Image): 2
  -> Result: ? CORRECT

[3153/3633] Processing: bos-vs-was-0022401217_140-track_26813 | True Jersey: 40
  -> Final Prediction (Multi-Image): 40
  -> Result: ? CORRECT

[3154/3633] Processing: mil-vs-okc-0062400001_45-track_24780 | True Jersey: 55
  -> Final Prediction (Multi-Image): 55
  -> Result: ? CORRECT

[3155/3633] Processing: cle-vs-bkn-0022401224_63-track_23669 | True Jersey: 3
  -> Final Prediction (Multi-Image): 3
  -> Result: ? CORRECT

[3156/3633] Processing: mem-vs-atl-0022400378_124-track_21180 | True Jersey: 10
  -> Final Prediction (Multi-Image): 0
  -> Result: ? INCORRECT (Ground Truth: 10)

[3157/3633] Processing: lac-vs-lal-0022400874_374-track_54210 | True Jersey: 17
  -> Final Prediction (Multi-Image): 10
  -> Result: ? INCORRECT (Ground Truth: 17)

[3158/3633] Processing: bkn-vs-det-0022400861_109-track_59103 | True Jersey: nan
  -> Final Prediction (Multi-Image): 15
  -> Result: ? INCORRECT (Ground Truth: nan)

[3159/3633] Processing: gsw-vs-nyk-0022400885_71-track_26569 | True Jersey: 2
  -> Final Prediction (Multi-Image): 2
  -> Result: ? CORRECT

[3160/3633] Processing: bos-vs-was-0022401217_293-track_24371 | True Jersey: 7
  -> Final Prediction (Multi-Image): 0
  -> Result: ? INCORRECT (Ground Truth: 7)

[3161/3633] Processing: mem-vs-lal-0022401220_451-track_1540 | True Jersey: 14
  -> Final Prediction (Multi-Image): 3
  -> Result: ? INCORRECT (Ground Truth: 14)

[3162/3633] Processing: phi-vs-min-0022400887_256-track_25967 | True Jersey: 3
  -> Final Prediction (Multi-Image): 3
  -> Result: ? CORRECT

[3163/3633] Processing: sas-vs-sac-0022400910_190-track_25078 | True Jersey: 4
  -> Final Prediction (Multi-Image): 4
  -> Result: ? CORRECT

[3164/3633] Processing: nyk-vs-min-0022400367_153-track_10150 | True Jersey: 2
  -> Final Prediction (Multi-Image): 2
  -> Result: ? CORRECT

[3165/3633] Processing: gsw-vs-bkn-0022400901_14-track_20938 | True Jersey: 45
  -> Final Prediction (Multi-Image): 1
  -> Result: ? INCORRECT (Ground Truth: 45)

[3166/3633] Processing: den-vs-bos-0022400866_307-track_21277 | True Jersey: 7
  -> Final Prediction (Multi-Image): 7
  -> Result: ? CORRECT

[3167/3633] Processing: gsw-vs-nyk-0022400885_90-track_5450 | True Jersey: 2
  -> Final Prediction (Multi-Image): 2
  -> Result: ? CORRECT

[3168/3633] Processing: tor-vs-nyk-0022400397_25-track_19875 | True Jersey: 25
  -> Final Prediction (Multi-Image): 25
  -> Result: ? CORRECT

[3169/3633] Processing: lac-vs-lal-0022400874_323-track_29023 | True Jersey: 40
  -> Final Prediction (Multi-Image): 14
  -> Result: ? INCORRECT (Ground Truth: 40)

[3170/3633] Processing: was-vs-mil-0022400382_331-track_48247 | True Jersey: 22
  -> Final Prediction (Multi-Image): 10
  -> Result: ? INCORRECT (Ground Truth: 22)

[3171/3633] Processing: phi-vs-min-0022400887_84-track_16324 | True Jersey: 9
  -> Final Prediction (Multi-Image): 9
  -> Result: ? CORRECT

[3172/3633] Processing: gsw-vs-phi-0022400864_233-track_37905 | True Jersey: 8
  -> Final Prediction (Multi-Image): 8
  -> Result: ? CORRECT

[3173/3633] Processing: gsw-vs-phi-0022400864_83-track_30521 | True Jersey: 9
  -> Final Prediction (Multi-Image): 9
  -> Result: ? CORRECT

[3174/3633] Processing: por-vs-cle-0022400867_132-track_28445 | True Jersey: 1
  -> Final Prediction (Multi-Image): 1
  -> Result: ? CORRECT

[3175/3633] Processing: nop-vs-ind-0022401216_23-track_40169 | True Jersey: 5
  -> Final Prediction (Multi-Image): 5
  -> Result: ? CORRECT

[3176/3633] Processing: mil-vs-atl-0022400884_37-track_25562 | True Jersey: 10
  -> Final Prediction (Multi-Image): 10
  -> Result: ? CORRECT

[3177/3633] Processing: cle-vs-bkn-0022401224_377-track_40504 | True Jersey: 2
  -> Final Prediction (Multi-Image): 2
  -> Result: ? CORRECT

[3178/3633] Processing: mil-vs-okc-0062400001_288-track_57792 | True Jersey: 9
  -> Final Prediction (Multi-Image): 3
  -> Result: ? INCORRECT (Ground Truth: 9)

[3179/3633] Processing: uta-vs-lac-0022401226_110-track_27150 | True Jersey: 11
  -> Final Prediction (Multi-Image): 11
  -> Result: ? CORRECT

[3180/3633] Processing: phi-vs-cha-0022401222_403-track_34263 | True Jersey: 0
  -> Final Prediction (Multi-Image): 0
  -> Result: ? CORRECT

[3181/3633] Processing: lac-vs-lal-0022400874_0-track_12978 | True Jersey: nan
  -> Final Prediction (Multi-Image): 2
  -> Result: ? INCORRECT (Ground Truth: nan)

[3182/3633] Processing: phi-vs-min-0022400887_256-track_25971 | True Jersey: 8
  -> Final Prediction (Multi-Image): 8
  -> Result: ? CORRECT

[3183/3633] Processing: phi-vs-min-0022400887_256-track_26078 | True Jersey: 1
  -> Final Prediction (Multi-Image): 1
  -> Result: ? CORRECT

[3184/3633] Processing: gsw-vs-mem-0022400366_127-track_25934 | True Jersey: 3
  -> Final Prediction (Multi-Image): 3
  -> Result: ? CORRECT

[3185/3633] Processing: lac-vs-dal-0022400368_95-track_41337 | True Jersey: nan
  -> Final Prediction (Multi-Image): 1
  -> Result: ? INCORRECT (Ground Truth: nan)

[3186/3633] Processing: gsw-vs-phi-0022400864_345-track_34587 | True Jersey: 7
  -> Final Prediction (Multi-Image): 7
  -> Result: ? CORRECT

[3187/3633] Processing: sas-vs-sac-0022400910_171-track_14658 | True Jersey: 4
  -> Final Prediction (Multi-Image): 1
  -> Result: ? INCORRECT (Ground Truth: 4)

[3188/3633] Processing: por-vs-phx-0022401219_24-track_1033 | True Jersey: 1
  -> Final Prediction (Multi-Image): 1
  -> Result: ? CORRECT

[3189/3633] Processing: chi-vs-bos-0022400363_357-track_3387 | True Jersey: 8
  -> Final Prediction (Multi-Image): 8
  -> Result: ? CORRECT

[3190/3633] Processing: cle-vs-bkn-0022401224_155-track_32543 | True Jersey: 2
  -> Final Prediction (Multi-Image): 1
  -> Result: ? INCORRECT (Ground Truth: 2)

[3191/3633] Processing: min-vs-den-0022400952_254-track_45589 | True Jersey: 3
  -> Final Prediction (Multi-Image): 3
  -> Result: ? CORRECT

[3192/3633] Processing: okc-vs-mia-0022400375_101-track_1503 | True Jersey: 55
  -> Final Prediction (Multi-Image): 55
  -> Result: ? CORRECT

[3193/3633] Processing: den-vs-bos-0022400866_307-track_21374 | True Jersey: 30
  -> Final Prediction (Multi-Image): 30
  -> Result: ? CORRECT

[3194/3633] Processing: mem-vs-atl-0022400378_124-track_21085 | True Jersey: 10
  -> Final Prediction (Multi-Image): 10
  -> Result: ? CORRECT

[3195/3633] Processing: cle-vs-bkn-0022401224_31-track_18809 | True Jersey: 45
  -> Final Prediction (Multi-Image): 15
  -> Result: ? INCORRECT (Ground Truth: 45)

[3196/3633] Processing: nop-vs-uta-0022400872_348-track_29738 | True Jersey: 3
  -> Final Prediction (Multi-Image): 3
  -> Result: ? CORRECT

[3197/3633] Processing: mil-vs-chi-0022400398_335-track_3565 | True Jersey: 22
  -> Final Prediction (Multi-Image): 22
  -> Result: ? CORRECT

[3198/3633] Processing: uta-vs-was-0022400894_338-track_12610 | True Jersey: 36
  -> Final Prediction (Multi-Image): 25
  -> Result: ? INCORRECT (Ground Truth: 36)

[3199/3633] Processing: mil-vs-dal-0022400865_141-track_2487 | True Jersey: 00
  -> Final Prediction (Multi-Image): 00
  -> Result: ? CORRECT

[3200/3633] Processing: mil-vs-dal-0022400865_286-track_16904 | True Jersey: 7
  -> Final Prediction (Multi-Image): 7
  -> Result: ? CORRECT

[3201/3633] Processing: mem-vs-nop-0022400923_196-track_31575 | True Jersey: 15
  -> Final Prediction (Multi-Image): 15
  -> Result: ? CORRECT

[3202/3633] Processing: gsw-vs-mem-0022400366_171-track_52838 | True Jersey: 1
  -> Final Prediction (Multi-Image): 1
  -> Result: ? CORRECT

[3203/3633] Processing: min-vs-den-0022400952_254-track_45640 | True Jersey: 4
  -> Final Prediction (Multi-Image): 4
  -> Result: ? CORRECT

[3204/3633] Processing: gsw-vs-nyk-0022400885_102-track_39623 | True Jersey: 23
  -> Final Prediction (Multi-Image): 23
  -> Result: ? CORRECT

[3205/3633] Processing: okc-vs-sas-0022400871_210-track_38371 | True Jersey: 40
  -> Final Prediction (Multi-Image): 40
  -> Result: ? CORRECT

[3206/3633] Processing: cle-vs-chi-0022400886_13-track_31618 | True Jersey: 0
  -> Final Prediction (Multi-Image): 0
  -> Result: ? CORRECT

[3207/3633] Processing: chi-vs-tor-0022401223_198-track_52429 | True Jersey: 19
  -> Final Prediction (Multi-Image): 10
  -> Result: ? INCORRECT (Ground Truth: 19)

[3208/3633] Processing: mil-vs-chi-0022400398_82-track_18195 | True Jersey: 7
  -> Final Prediction (Multi-Image): 7
  -> Result: ? CORRECT

[3209/3633] Processing: chi-vs-tor-0022401223_17-track_60319 | True Jersey: 1
  -> Final Prediction (Multi-Image): 7
  -> Result: ? INCORRECT (Ground Truth: 1)

[3210/3633] Processing: tor-vs-nyk-0022400397_25-track_19837 | True Jersey: 30
  -> Final Prediction (Multi-Image): 30
  -> Result: ? CORRECT

[3211/3633] Processing: sac-vs-hou-0022400862_261-track_8856 | True Jersey: 28
  -> Final Prediction (Multi-Image): 28
  -> Result: ? CORRECT

[3212/3633] Processing: mem-vs-lal-0022401220_343-track_52596 | True Jersey: 7
  -> Final Prediction (Multi-Image): 1
  -> Result: ? INCORRECT (Ground Truth: 7)

[3213/3633] Processing: nop-vs-uta-0022400872_365-track_18528 | True Jersey: 21
  -> Final Prediction (Multi-Image): 31
  -> Result: ? INCORRECT (Ground Truth: 21)

[3214/3633] Processing: bkn-vs-det-0022400861_200-track_19083 | True Jersey: 2
  -> Final Prediction (Multi-Image): 10
  -> Result: ? INCORRECT (Ground Truth: 2)

[3215/3633] Processing: nop-vs-uta-0022400872_348-track_29735 | True Jersey: 99
  -> Final Prediction (Multi-Image): 99
  -> Result: ? CORRECT

[3216/3633] Processing: gsw-vs-nyk-0022400885_353-track_13800 | True Jersey: 15
  -> Final Prediction (Multi-Image): 15
  -> Result: ? CORRECT

[3217/3633] Processing: cle-vs-chi-0022400886_187-track_62238 | True Jersey: 22
  -> Final Prediction (Multi-Image): 1
  -> Result: ? INCORRECT (Ground Truth: 22)

[3218/3633] Processing: gsw-vs-bkn-0022400901_161-track_10790 | True Jersey: nan
  -> Final Prediction (Multi-Image): 10
  -> Result: ? INCORRECT (Ground Truth: nan)

[3219/3633] Processing: sas-vs-phi-0022400394_99-track_20439 | True Jersey: 0
  -> Final Prediction (Multi-Image): 0
  -> Result: ? CORRECT

[3220/3633] Processing: nop-vs-ind-0022401216_23-track_40089 | True Jersey: nan
  -> Final Prediction (Multi-Image): 10
  -> Result: ? INCORRECT (Ground Truth: nan)

[3221/3633] Processing: mil-vs-dal-0022400865_297-track_32184 | True Jersey: 18
  -> Final Prediction (Multi-Image): 18
  -> Result: ? CORRECT

[3222/3633] Processing: gsw-vs-phi-0022400864_220-track_4524 | True Jersey: nan
  -> Final Prediction (Multi-Image): 11
  -> Result: ? INCORRECT (Ground Truth: nan)

[3223/3633] Processing: gsw-vs-mem-0022400366_77-track_35261 | True Jersey: 15
  -> Final Prediction (Multi-Image): 5
  -> Result: ? INCORRECT (Ground Truth: 15)

[3224/3633] Processing: hou-vs-okc-0022400879_1-track_34028 | True Jersey: 5
  -> Final Prediction (Multi-Image): 7
  -> Result: ? INCORRECT (Ground Truth: 5)

[3225/3633] Processing: nop-vs-uta-0022400872_348-track_29659 | True Jersey: 3
  -> Final Prediction (Multi-Image): 3
  -> Result: ? CORRECT

[3226/3633] Processing: okc-vs-sas-0022400871_210-track_38277 | True Jersey: nan
  -> Final Prediction (Multi-Image): 1
  -> Result: ? INCORRECT (Ground Truth: nan)

[3227/3633] Processing: was-vs-cha-0022400860_297-track_26891 | True Jersey: 27
  -> Final Prediction (Multi-Image): 1
  -> Result: ? INCORRECT (Ground Truth: 27)

[3228/3633] Processing: bos-vs-was-0022401217_44-track_43879 | True Jersey: 0
  -> Final Prediction (Multi-Image): 0
  -> Result: ? CORRECT

[3229/3633] Processing: mil-vs-atl-0022400884_203-track_39980 | True Jersey: 34
  -> Final Prediction (Multi-Image): 11
  -> Result: ? INCORRECT (Ground Truth: 34)

[3230/3633] Processing: mil-vs-okc-0062400001_71-track_9808 | True Jersey: 20
  -> Final Prediction (Multi-Image): 20
  -> Result: ? CORRECT

[3231/3633] Processing: tor-vs-nyk-0022400397_109-track_17447 | True Jersey: nan
  -> Final Prediction (Multi-Image): 2
  -> Result: ? INCORRECT (Ground Truth: nan)

[3232/3633] Processing: min-vs-phx-0022400873_351-track_25754 | True Jersey: 11
  -> Final Prediction (Multi-Image): 1
  -> Result: ? INCORRECT (Ground Truth: 11)

[3233/3633] Processing: den-vs-bos-0022400866_307-track_21272 | True Jersey: 1
  -> Final Prediction (Multi-Image): 1
  -> Result: ? CORRECT

[3234/3633] Processing: chi-vs-bos-0022400363_11-track_57146 | True Jersey: 11
  -> Final Prediction (Multi-Image): 11
  -> Result: ? CORRECT

[3235/3633] Processing: mem-vs-nop-0022400923_190-track_22175 | True Jersey: 25
  -> Final Prediction (Multi-Image): 23
  -> Result: ? INCORRECT (Ground Truth: 25)

[3236/3633] Processing: mil-vs-cle-0022400374_316-track_29895 | True Jersey: 3
  -> Final Prediction (Multi-Image): 10
  -> Result: ? INCORRECT (Ground Truth: 3)

[3237/3633] Processing: sas-vs-sac-0022400910_171-track_14630 | True Jersey: 4
  -> Final Prediction (Multi-Image): 1
  -> Result: ? INCORRECT (Ground Truth: 4)

[3238/3633] Processing: bkn-vs-det-0022400861_109-track_59061 | True Jersey: 5
  -> Final Prediction (Multi-Image): 5
  -> Result: ? CORRECT

[3239/3633] Processing: min-vs-phx-0022400873_301-track_12716 | True Jersey: 35
  -> Final Prediction (Multi-Image): 3
  -> Result: ? INCORRECT (Ground Truth: 35)

[3240/3633] Processing: mem-vs-lal-0022401220_174-track_52033 | True Jersey: 7
  -> Final Prediction (Multi-Image): 7
  -> Result: ? CORRECT

[3241/3633] Processing: chi-vs-tor-0022401223_198-track_52410 | True Jersey: 22
  -> Final Prediction (Multi-Image): 22
  -> Result: ? CORRECT

[3242/3633] Processing: gsw-vs-phi-0022400864_15-track_32211 | True Jersey: 5
  -> Final Prediction (Multi-Image): 5
  -> Result: ? CORRECT

[3243/3633] Processing: sas-vs-phi-0022400394_406-track_55731 | True Jersey: 9
  -> Final Prediction (Multi-Image): 9
  -> Result: ? CORRECT

[3244/3633] Processing: nop-vs-ind-0022401216_293-track_16628 | True Jersey: nan
  -> Final Prediction (Multi-Image): 10
  -> Result: ? INCORRECT (Ground Truth: nan)

[3245/3633] Processing: chi-vs-ind-0022400868_2-track_13136 | True Jersey: 0
  -> Final Prediction (Multi-Image): 0
  -> Result: ? CORRECT

[3246/3633] Processing: sas-vs-phi-0022400394_406-track_55773 | True Jersey: 30
  -> Final Prediction (Multi-Image): 30
  -> Result: ? CORRECT

[3247/3633] Processing: bos-vs-was-0022401217_140-track_26811 | True Jersey: 4
  -> Final Prediction (Multi-Image): 11
  -> Result: ? INCORRECT (Ground Truth: 4)

[3248/3633] Processing: nop-vs-uta-0022400872_348-track_29702 | True Jersey: 13
  -> Final Prediction (Multi-Image): 13
  -> Result: ? CORRECT

[3249/3633] Processing: mem-vs-lal-0022401220_156-track_58687 | True Jersey: 22
  -> Final Prediction (Multi-Image): 10
  -> Result: ? INCORRECT (Ground Truth: 22)

[3250/3633] Processing: phi-vs-min-0022400887_256-track_25972 | True Jersey: 10
  -> Final Prediction (Multi-Image): 10
  -> Result: ? CORRECT

[3251/3633] Processing: mil-vs-okc-0062400001_45-track_24784 | True Jersey: 12
  -> Final Prediction (Multi-Image): 12
  -> Result: ? CORRECT

[3252/3633] Processing: uta-vs-was-0022400894_338-track_12617 | True Jersey: 00
  -> Final Prediction (Multi-Image): 00
  -> Result: ? CORRECT

[3253/3633] Processing: gsw-vs-phi-0022400864_220-track_4464 | True Jersey: 30
  -> Final Prediction (Multi-Image): 11
  -> Result: ? INCORRECT (Ground Truth: 30)

[3254/3633] Processing: cle-vs-chi-0022400886_233-track_48100 | True Jersey: 30
  -> Final Prediction (Multi-Image): 30
  -> Result: ? CORRECT

[3255/3633] Processing: chi-vs-ind-0022400868_87-track_44899 | True Jersey: 5
  -> Final Prediction (Multi-Image): 3
  -> Result: ? INCORRECT (Ground Truth: 5)

[3256/3633] Processing: gsw-vs-nyk-0022400885_90-track_5424 | True Jersey: 23
  -> Final Prediction (Multi-Image): 23
  -> Result: ? CORRECT

[3257/3633] Processing: gsw-vs-phi-0022400864_233-track_37966 | True Jersey: 4
  -> Final Prediction (Multi-Image): 4
  -> Result: ? CORRECT

[3258/3633] Processing: uta-vs-lac-0022401226_299-track_41667 | True Jersey: 33
  -> Final Prediction (Multi-Image): 33
  -> Result: ? CORRECT

[3259/3633] Processing: lac-vs-dal-0022400368_147-track_5751 | True Jersey: 33
  -> Final Prediction (Multi-Image): 33
  -> Result: ? CORRECT

[3260/3633] Processing: mil-vs-dal-0022400865_141-track_2377 | True Jersey: 00
  -> Final Prediction (Multi-Image): 00
  -> Result: ? CORRECT

[3261/3633] Processing: chi-vs-ind-0022400868_226-track_4745 | True Jersey: 33
  -> Final Prediction (Multi-Image): 1
  -> Result: ? INCORRECT (Ground Truth: 33)

[3262/3633] Processing: phx-vs-den-0022400402_158-track_53644 | True Jersey: 32
  -> Final Prediction (Multi-Image): 32
  -> Result: ? CORRECT

[3263/3633] Processing: sas-vs-phi-0022400394_99-track_20456 | True Jersey: 16
  -> Final Prediction (Multi-Image): 16
  -> Result: ? CORRECT

[3264/3633] Processing: nyk-vs-nop-0022400384_359-track_39079 | True Jersey: 5
  -> Final Prediction (Multi-Image): 5
  -> Result: ? CORRECT

[3265/3633] Processing: den-vs-bos-0022400866_173-track_32061 | True Jersey: 27
  -> Final Prediction (Multi-Image): 27
  -> Result: ? CORRECT

[3266/3633] Processing: sas-vs-phi-0022400394_406-track_55737 | True Jersey: 3
  -> Final Prediction (Multi-Image): 10
  -> Result: ? INCORRECT (Ground Truth: 3)

[3267/3633] Processing: hou-vs-okc-0022400879_299-track_56252 | True Jersey: 6
  -> Final Prediction (Multi-Image): 6
  -> Result: ? CORRECT

[3268/3633] Processing: min-vs-sas-0022401218_104-track_1162 | True Jersey: 1
  -> Final Prediction (Multi-Image): 1
  -> Result: ? CORRECT

[3269/3633] Processing: uta-vs-was-0022400894_338-track_12436 | True Jersey: 34
  -> Final Prediction (Multi-Image): 5
  -> Result: ? INCORRECT (Ground Truth: 34)

[3270/3633] Processing: cle-vs-chi-0022400886_92-track_22511 | True Jersey: 0
  -> Final Prediction (Multi-Image): 0
  -> Result: ? CORRECT

[3271/3633] Processing: sas-vs-phi-0022400394_288-track_30552 | True Jersey: 1
  -> Final Prediction (Multi-Image): 1
  -> Result: ? CORRECT

[3272/3633] Processing: bos-vs-was-0022401217_199-track_16742 | True Jersey: nan
  -> Final Prediction (Multi-Image): 1
  -> Result: ? INCORRECT (Ground Truth: nan)

[3273/3633] Processing: gsw-vs-mem-0022400366_149-track_34104 | True Jersey: 43
  -> Final Prediction (Multi-Image): 13
  -> Result: ? INCORRECT (Ground Truth: 43)

[3274/3633] Processing: bkn-vs-det-0022400861_393-track_57737 | True Jersey: 8
  -> Final Prediction (Multi-Image): 1
  -> Result: ? INCORRECT (Ground Truth: 8)

[3275/3633] Processing: nyk-vs-orl-0022401227_192-track_19534 | True Jersey: 34
  -> Final Prediction (Multi-Image): 34
  -> Result: ? CORRECT

[3276/3633] Processing: nyk-vs-min-0022400367_360-track_40573 | True Jersey: 2
  -> Final Prediction (Multi-Image): 2
  -> Result: ? CORRECT

[3277/3633] Processing: chi-vs-tor-0022401223_140-track_23994 | True Jersey: nan
  -> Final Prediction (Multi-Image): 10
  -> Result: ? INCORRECT (Ground Truth: nan)

[3278/3633] Processing: chi-vs-ind-0022400868_226-track_4756 | True Jersey: 0
  -> Final Prediction (Multi-Image): 0
  -> Result: ? CORRECT

[3279/3633] Processing: sas-vs-mem-0022400863_286-track_30705 | True Jersey: 14
  -> Final Prediction (Multi-Image): 14
  -> Result: ? CORRECT

[3280/3633] Processing: gsw-vs-bkn-0022400901_296-track_10393 | True Jersey: 10
  -> Final Prediction (Multi-Image): 10
  -> Result: ? CORRECT

[3281/3633] Processing: sac-vs-hou-0022400862_145-track_13260 | True Jersey: nan
  -> Final Prediction (Multi-Image): 5
  -> Result: ? INCORRECT (Ground Truth: nan)

[3282/3633] Processing: sac-vs-hou-0022400862_145-track_13264 | True Jersey: 17
  -> Final Prediction (Multi-Image): 11
  -> Result: ? INCORRECT (Ground Truth: 17)

[3283/3633] Processing: mia-vs-det-0022401221_306-track_37867 | True Jersey: 5
  -> Final Prediction (Multi-Image): 1
  -> Result: ? INCORRECT (Ground Truth: 5)

[3284/3633] Processing: uta-vs-was-0022400894_75-track_2589 | True Jersey: 25
  -> Final Prediction (Multi-Image): 25
  -> Result: ? CORRECT

[3285/3633] Processing: nyk-vs-orl-0022401227_70-track_5415 | True Jersey: 5
  -> Final Prediction (Multi-Image): 11
  -> Result: ? INCORRECT (Ground Truth: 5)

[3286/3633] Processing: chi-vs-bos-0022400363_58-track_28700 | True Jersey: 9
  -> Final Prediction (Multi-Image): 10
  -> Result: ? INCORRECT (Ground Truth: 9)

[3287/3633] Processing: mil-vs-atl-0022400884_127-track_43010 | True Jersey: 14
  -> Final Prediction (Multi-Image): 1
  -> Result: ? INCORRECT (Ground Truth: 14)

[3288/3633] Processing: mil-vs-okc-0062400001_4-track_20214 | True Jersey: 5
  -> Final Prediction (Multi-Image): 0
  -> Result: ? INCORRECT (Ground Truth: 5)

[3289/3633] Processing: nop-vs-ind-0022401216_293-track_16546 | True Jersey: 10
  -> Final Prediction (Multi-Image): 10
  -> Result: ? CORRECT

[3290/3633] Processing: mil-vs-okc-0062400001_71-track_9889 | True Jersey: 34
  -> Final Prediction (Multi-Image): 44
  -> Result: ? INCORRECT (Ground Truth: 34)

[3291/3633] Processing: was-vs-cha-0022400860_9-track_24533 | True Jersey: 10
  -> Final Prediction (Multi-Image): 10
  -> Result: ? CORRECT

[3292/3633] Processing: uta-vs-lac-0022401226_299-track_41664 | True Jersey: 4
  -> Final Prediction (Multi-Image): 4
  -> Result: ? CORRECT

[3293/3633] Processing: gsw-vs-nyk-0022400885_313-track_37253 | True Jersey: 2
  -> Final Prediction (Multi-Image): 2
  -> Result: ? CORRECT

[3294/3633] Processing: mil-vs-cle-0022400374_321-track_14744 | True Jersey: 24
  -> Final Prediction (Multi-Image): 24
  -> Result: ? CORRECT

[3295/3633] Processing: chi-vs-tor-0022401223_263-track_14137 | True Jersey: 14
  -> Final Prediction (Multi-Image): 45
  -> Result: ? INCORRECT (Ground Truth: 14)

[3296/3633] Processing: mil-vs-atl-0022400884_127-track_43066 | True Jersey: 11
  -> Final Prediction (Multi-Image): 11
  -> Result: ? CORRECT

[3297/3633] Processing: gsw-vs-mem-0022400366_77-track_35363 | True Jersey: 22
  -> Final Prediction (Multi-Image): 22
  -> Result: ? CORRECT

[3298/3633] Processing: uta-vs-lac-0022401226_115-track_60804 | True Jersey: 33
  -> Final Prediction (Multi-Image): 33
  -> Result: ? CORRECT

[3299/3633] Processing: hou-vs-okc-0022400879_219-track_57480 | True Jersey: 15
  -> Final Prediction (Multi-Image): 15
  -> Result: ? CORRECT

[3300/3633] Processing: gsw-vs-mem-0022400366_388-track_54801 | True Jersey: nan
  -> Final Prediction (Multi-Image): 10
  -> Result: ? INCORRECT (Ground Truth: nan)

[3301/3633] Processing: cle-vs-chi-0022400886_364-track_44841 | True Jersey: 32
  -> Final Prediction (Multi-Image): 20
  -> Result: ? INCORRECT (Ground Truth: 32)

[3302/3633] Processing: chi-vs-bos-0022400363_205-track_3044 | True Jersey: 7
  -> Final Prediction (Multi-Image): 7
  -> Result: ? CORRECT

[3303/3633] Processing: okc-vs-mia-0022400375_144-track_4380 | True Jersey: nan
  -> Final Prediction (Multi-Image): 24
  -> Result: ? INCORRECT (Ground Truth: nan)

[3304/3633] Processing: cle-vs-bkn-0022401224_257-track_15307 | True Jersey: 20
  -> Final Prediction (Multi-Image): 20
  -> Result: ? CORRECT

[3305/3633] Processing: gsw-vs-mem-0022400366_12-track_46743 | True Jersey: 14
  -> Final Prediction (Multi-Image): 14
  -> Result: ? CORRECT

[3306/3633] Processing: was-vs-cha-0022400860_189-track_54345 | True Jersey: 5
  -> Final Prediction (Multi-Image): 1
  -> Result: ? INCORRECT (Ground Truth: 5)

[3307/3633] Processing: tor-vs-orl-0022400870_13-track_28024 | True Jersey: 5
  -> Final Prediction (Multi-Image): 5
  -> Result: ? CORRECT

[3308/3633] Processing: nop-vs-uta-0022400872_126-track_39897 | True Jersey: 13
  -> Final Prediction (Multi-Image): 24
  -> Result: ? INCORRECT (Ground Truth: 13)

[3309/3633] Processing: chi-vs-tor-0022401223_17-track_60341 | True Jersey: 9
  -> Final Prediction (Multi-Image): 10
  -> Result: ? INCORRECT (Ground Truth: 9)

[3310/3633] Processing: tor-vs-nyk-0022400397_109-track_17443 | True Jersey: 14
  -> Final Prediction (Multi-Image): 14
  -> Result: ? CORRECT

[3311/3633] Processing: den-vs-sac-0022401225_310-track_33653 | True Jersey: 20
  -> Final Prediction (Multi-Image): 80
  -> Result: ? INCORRECT (Ground Truth: 20)

[3312/3633] Processing: nyk-vs-orl-0022401227_208-track_54595 | True Jersey: 3
  -> Final Prediction (Multi-Image): 1
  -> Result: ? INCORRECT (Ground Truth: 3)

[3313/3633] Processing: phi-vs-cha-0022401222_405-track_7051 | True Jersey: 8
  -> Final Prediction (Multi-Image): 8
  -> Result: ? CORRECT

[3314/3633] Processing: phi-vs-min-0022400887_84-track_16377 | True Jersey: 9
  -> Final Prediction (Multi-Image): 9
  -> Result: ? CORRECT

[3315/3633] Processing: det-vs-por-0022400926_211-track_1352 | True Jersey: 2
  -> Final Prediction (Multi-Image): 26
  -> Result: ? INCORRECT (Ground Truth: 2)

[3316/3633] Processing: chi-vs-bos-0022400363_376-track_49789 | True Jersey: 11
  -> Final Prediction (Multi-Image): 10
  -> Result: ? INCORRECT (Ground Truth: 11)

[3317/3633] Processing: mil-vs-chi-0022400398_335-track_3474 | True Jersey: 22
  -> Final Prediction (Multi-Image): 22
  -> Result: ? CORRECT

[3318/3633] Processing: gsw-vs-mem-0022400366_388-track_54813 | True Jersey: 00
  -> Final Prediction (Multi-Image): 1
  -> Result: ? INCORRECT (Ground Truth: 00)

[3319/3633] Processing: gsw-vs-mem-0022400366_77-track_35340 | True Jersey: 22
  -> Final Prediction (Multi-Image): 22
  -> Result: ? CORRECT

[3320/3633] Processing: det-vs-por-0022400926_162-track_7583 | True Jersey: 33
  -> Final Prediction (Multi-Image): 33
  -> Result: ? CORRECT

[3321/3633] Processing: bos-vs-was-0022401217_112-track_4200 | True Jersey: 11
  -> Final Prediction (Multi-Image): 11
  -> Result: ? CORRECT

[3322/3633] Processing: gsw-vs-mem-0022400366_77-track_35455 | True Jersey: 22
  -> Final Prediction (Multi-Image): 22
  -> Result: ? CORRECT

[3323/3633] Processing: mil-vs-dal-0022400865_141-track_2376 | True Jersey: 5
  -> Final Prediction (Multi-Image): 3
  -> Result: ? INCORRECT (Ground Truth: 5)

[3324/3633] Processing: nyk-vs-orl-0022401227_5-track_18423 | True Jersey: 11
  -> Final Prediction (Multi-Image): 11
  -> Result: ? CORRECT

[3325/3633] Processing: nyk-vs-nop-0022400384_359-track_39074 | True Jersey: nan
  -> Final Prediction (Multi-Image): 10
  -> Result: ? INCORRECT (Ground Truth: nan)

[3326/3633] Processing: mem-vs-lal-0022401220_451-track_1451 | True Jersey: 36
  -> Final Prediction (Multi-Image): 15
  -> Result: ? INCORRECT (Ground Truth: 36)

[3327/3633] Processing: bkn-vs-det-0022400861_109-track_59150 | True Jersey: 5
  -> Final Prediction (Multi-Image): 5
  -> Result: ? CORRECT

[3328/3633] Processing: cle-vs-chi-0022400886_187-track_62138 | True Jersey: 8
  -> Final Prediction (Multi-Image): 0
  -> Result: ? INCORRECT (Ground Truth: 8)

[3329/3633] Processing: chi-vs-bos-0022400363_51-track_17361 | True Jersey: 9
  -> Final Prediction (Multi-Image): 9
  -> Result: ? CORRECT

[3330/3633] Processing: nop-vs-uta-0022400872_365-track_18521 | True Jersey: 99
  -> Final Prediction (Multi-Image): 99
  -> Result: ? CORRECT

[3331/3633] Processing: cle-vs-chi-0022400886_92-track_22365 | True Jersey: 22
  -> Final Prediction (Multi-Image): 5
  -> Result: ? INCORRECT (Ground Truth: 22)

[3332/3633] Processing: gsw-vs-bkn-0022400901_161-track_10726 | True Jersey: 15
  -> Final Prediction (Multi-Image): 5
  -> Result: ? INCORRECT (Ground Truth: 15)

[3333/3633] Processing: cle-vs-chi-0022400886_187-track_62149 | True Jersey: 14
  -> Final Prediction (Multi-Image): 1
  -> Result: ? INCORRECT (Ground Truth: 14)

[3334/3633] Processing: chi-vs-ind-0022400868_100-track_7114 | True Jersey: 5
  -> Final Prediction (Multi-Image): 5
  -> Result: ? CORRECT

[3335/3633] Processing: was-vs-cha-0022400860_9-track_24590 | True Jersey: 10
  -> Final Prediction (Multi-Image): 10
  -> Result: ? CORRECT

[3336/3633] Processing: nop-vs-ind-0022401216_293-track_16552 | True Jersey: nan
  -> Final Prediction (Multi-Image): 1
  -> Result: ? INCORRECT (Ground Truth: nan)

[3337/3633] Processing: phi-vs-cha-0022401222_405-track_7069 | True Jersey: 0
  -> Final Prediction (Multi-Image): 4
  -> Result: ? INCORRECT (Ground Truth: 0)

[3338/3633] Processing: den-vs-sac-0022401225_83-track_1856 | True Jersey: 1
  -> Final Prediction (Multi-Image): 1
  -> Result: ? CORRECT

[3339/3633] Processing: chi-vs-ind-0022400868_304-track_7841 | True Jersey: 22
  -> Final Prediction (Multi-Image): 3
  -> Result: ? INCORRECT (Ground Truth: 22)

[3340/3633] Processing: okc-vs-sas-0022400871_210-track_38272 | True Jersey: 55
  -> Final Prediction (Multi-Image): 1
  -> Result: ? INCORRECT (Ground Truth: 55)

[3341/3633] Processing: chi-vs-bos-0022400363_205-track_3089 | True Jersey: 4
  -> Final Prediction (Multi-Image): 1
  -> Result: ? INCORRECT (Ground Truth: 4)

[3342/3633] Processing: phi-vs-cha-0022401222_146-track_50844 | True Jersey: 0
  -> Final Prediction (Multi-Image): 23
  -> Result: ? INCORRECT (Ground Truth: 0)

[3343/3633] Processing: nyk-vs-mia-0022400869_368-track_57125 | True Jersey: 8
  -> Final Prediction (Multi-Image): 0
  -> Result: ? INCORRECT (Ground Truth: 8)

[3344/3633] Processing: hou-vs-okc-0022400879_329-track_47013 | True Jersey: 19
  -> Final Prediction (Multi-Image): 11
  -> Result: ? INCORRECT (Ground Truth: 19)

[3345/3633] Processing: mia-vs-det-0022401221_30-track_11892 | True Jersey: 8
  -> Final Prediction (Multi-Image): 7
  -> Result: ? INCORRECT (Ground Truth: 8)

[3346/3633] Processing: cle-vs-bkn-0022401224_345-track_10616 | True Jersey: nan
  -> Final Prediction (Multi-Image): 1
  -> Result: ? INCORRECT (Ground Truth: nan)

[3347/3633] Processing: gsw-vs-nyk-0022400885_274-track_59524 | True Jersey: 2
  -> Final Prediction (Multi-Image): 2
  -> Result: ? CORRECT

[3348/3633] Processing: mil-vs-atl-0022400884_203-track_39985 | True Jersey: 15
  -> Final Prediction (Multi-Image): 15
  -> Result: ? CORRECT

[3349/3633] Processing: mil-vs-chi-0022400398_250-track_37596 | True Jersey: 44
  -> Final Prediction (Multi-Image): 44
  -> Result: ? CORRECT

[3350/3633] Processing: was-vs-mil-0022400382_236-track_34948 | True Jersey: 44
  -> Final Prediction (Multi-Image): 33
  -> Result: ? INCORRECT (Ground Truth: 44)

[3351/3633] Processing: min-vs-sas-0022401218_175-track_39585 | True Jersey: 3
  -> Final Prediction (Multi-Image): 10
  -> Result: ? INCORRECT (Ground Truth: 3)

[3352/3633] Processing: det-vs-lac-0022400898_328-track_40190 | True Jersey: 8
  -> Final Prediction (Multi-Image): 8
  -> Result: ? CORRECT

[3353/3633] Processing: phx-vs-den-0022400402_301-track_22712 | True Jersey: nan
  -> Final Prediction (Multi-Image): 14
  -> Result: ? INCORRECT (Ground Truth: nan)

[3354/3633] Processing: por-vs-phx-0022401219_24-track_1034 | True Jersey: 20
  -> Final Prediction (Multi-Image): 1
  -> Result: ? INCORRECT (Ground Truth: 20)

[3355/3633] Processing: uta-vs-tor-0022400905_242-track_14459 | True Jersey: 3
  -> Final Prediction (Multi-Image): 3
  -> Result: ? CORRECT

[3356/3633] Processing: mem-vs-nop-0022400923_196-track_31593 | True Jersey: 13
  -> Final Prediction (Multi-Image): 13
  -> Result: ? CORRECT

[3357/3633] Processing: nyk-vs-mia-0022400869_124-track_20712 | True Jersey: 55
  -> Final Prediction (Multi-Image): 55
  -> Result: ? CORRECT

[3358/3633] Processing: chi-vs-tor-0022401223_226-track_18313 | True Jersey: 9
  -> Final Prediction (Multi-Image): 1
  -> Result: ? INCORRECT (Ground Truth: 9)

[3359/3633] Processing: uta-vs-was-0022400894_338-track_12601 | True Jersey: 00
  -> Final Prediction (Multi-Image): 11
  -> Result: ? INCORRECT (Ground Truth: 00)

[3360/3633] Processing: chi-vs-ind-0022400868_171-track_51869 | True Jersey: 2
  -> Final Prediction (Multi-Image): 1
  -> Result: ? INCORRECT (Ground Truth: 2)

[3361/3633] Processing: uta-vs-lac-0022401226_115-track_60664 | True Jersey: 00
  -> Final Prediction (Multi-Image): 3
  -> Result: ? INCORRECT (Ground Truth: 00)

[3362/3633] Processing: nyk-vs-mia-0022400869_318-track_33510 | True Jersey: 55
  -> Final Prediction (Multi-Image): 55
  -> Result: ? CORRECT

[3363/3633] Processing: cle-vs-bkn-0022401224_377-track_40526 | True Jersey: 22
  -> Final Prediction (Multi-Image): 22
  -> Result: ? CORRECT

[3364/3633] Processing: cle-vs-bkn-0022401224_63-track_23648 | True Jersey: 9
  -> Final Prediction (Multi-Image): 0
  -> Result: ? INCORRECT (Ground Truth: 9)

[3365/3633] Processing: bos-vs-was-0022401217_44-track_43931 | True Jersey: 8
  -> Final Prediction (Multi-Image): 1
  -> Result: ? INCORRECT (Ground Truth: 8)

[3366/3633] Processing: phi-vs-cha-0022401222_92-track_44254 | True Jersey: 5
  -> Final Prediction (Multi-Image): 5
  -> Result: ? CORRECT

[3367/3633] Processing: nyk-vs-nop-0022400384_116-track_61015 | True Jersey: 3
  -> Final Prediction (Multi-Image): 3
  -> Result: ? CORRECT

[3368/3633] Processing: chi-vs-bos-0022400363_51-track_17276 | True Jersey: 4
  -> Final Prediction (Multi-Image): 1
  -> Result: ? INCORRECT (Ground Truth: 4)

[3369/3633] Processing: mil-vs-okc-0062400001_4-track_20143 | True Jersey: 0
  -> Final Prediction (Multi-Image): 0
  -> Result: ? CORRECT

[3370/3633] Processing: mem-vs-lal-0022401220_156-track_58688 | True Jersey: 3
  -> Final Prediction (Multi-Image): 13
  -> Result: ? INCORRECT (Ground Truth: 3)

[3371/3633] Processing: chi-vs-bos-0022400363_35-track_15587 | True Jersey: 9
  -> Final Prediction (Multi-Image): 9
  -> Result: ? CORRECT

[3372/3633] Processing: chi-vs-tor-0022401223_17-track_60336 | True Jersey: 1
  -> Final Prediction (Multi-Image): 1
  -> Result: ? CORRECT

[3373/3633] Processing: mil-vs-dal-0022400865_21-track_6695 | True Jersey: 12
  -> Final Prediction (Multi-Image): 12
  -> Result: ? CORRECT

[3374/3633] Processing: gsw-vs-bkn-0022400901_325-track_25765 | True Jersey: 45
  -> Final Prediction (Multi-Image): 45
  -> Result: ? CORRECT

[3375/3633] Processing: bos-vs-was-0022401217_44-track_43788 | True Jersey: 8
  -> Final Prediction (Multi-Image): 8
  -> Result: ? CORRECT

[3376/3633] Processing: den-vs-bos-0022400866_195-track_30780 | True Jersey: 15
  -> Final Prediction (Multi-Image): 15
  -> Result: ? CORRECT

[3377/3633] Processing: gsw-vs-phi-0022400864_345-track_34620 | True Jersey: 0
  -> Final Prediction (Multi-Image): 0
  -> Result: ? CORRECT

[3378/3633] Processing: mil-vs-atl-0022400884_127-track_43119 | True Jersey: 18
  -> Final Prediction (Multi-Image): 18
  -> Result: ? CORRECT

[3379/3633] Processing: mil-vs-dal-0022400865_21-track_6732 | True Jersey: 11
  -> Final Prediction (Multi-Image): 11
  -> Result: ? CORRECT

[3380/3633] Processing: mil-vs-dal-0022400865_141-track_2370 | True Jersey: 00
  -> Final Prediction (Multi-Image): 00
  -> Result: ? CORRECT

[3381/3633] Processing: gsw-vs-mem-0022400366_388-track_54874 | True Jersey: 32
  -> Final Prediction (Multi-Image): 15
  -> Result: ? INCORRECT (Ground Truth: 32)

[3382/3633] Processing: nyk-vs-min-0022400367_284-track_13955 | True Jersey: 25
  -> Final Prediction (Multi-Image): 23
  -> Result: ? INCORRECT (Ground Truth: 25)

[3383/3633] Processing: bkn-vs-det-0022400861_200-track_18968 | True Jersey: 4
  -> Final Prediction (Multi-Image): 1
  -> Result: ? INCORRECT (Ground Truth: 4)

[3384/3633] Processing: chi-vs-ind-0022400868_37-track_18636 | True Jersey: 14
  -> Final Prediction (Multi-Image): 14
  -> Result: ? CORRECT

[3385/3633] Processing: por-vs-phx-0022401219_114-track_33061 | True Jersey: 20
  -> Final Prediction (Multi-Image): 20
  -> Result: ? CORRECT

[3386/3633] Processing: phi-vs-uta-0022400433_140-track_61641 | True Jersey: 9
  -> Final Prediction (Multi-Image): 9
  -> Result: ? CORRECT

[3387/3633] Processing: sas-vs-mem-0022400863_289-track_466 | True Jersey: 5
  -> Final Prediction (Multi-Image): 5
  -> Result: ? CORRECT

[3388/3633] Processing: gsw-vs-nyk-0022400885_102-track_39625 | True Jersey: 2
  -> Final Prediction (Multi-Image): 2
  -> Result: ? CORRECT

[3389/3633] Processing: was-vs-cha-0022400860_9-track_24547 | True Jersey: 5
  -> Final Prediction (Multi-Image): 5
  -> Result: ? CORRECT

[3390/3633] Processing: chi-vs-bos-0022400363_11-track_57147 | True Jersey: 44
  -> Final Prediction (Multi-Image): 10
  -> Result: ? INCORRECT (Ground Truth: 44)

[3391/3633] Processing: bos-vs-was-0022401217_35-track_36313 | True Jersey: 0
  -> Final Prediction (Multi-Image): 0
  -> Result: ? CORRECT

[3392/3633] Processing: gsw-vs-mem-0022400366_171-track_52846 | True Jersey: 22
  -> Final Prediction (Multi-Image): 23
  -> Result: ? INCORRECT (Ground Truth: 22)

[3393/3633] Processing: chi-vs-tor-0022401223_273-track_45685 | True Jersey: 9
  -> Final Prediction (Multi-Image): 9
  -> Result: ? CORRECT

[3394/3633] Processing: uta-vs-tor-0022400905_151-track_53123 | True Jersey: 0
  -> Final Prediction (Multi-Image): 0
  -> Result: ? CORRECT

[3395/3633] Processing: bkn-vs-det-0022400861_200-track_19084 | True Jersey: 0
  -> Final Prediction (Multi-Image): 0
  -> Result: ? CORRECT

[3396/3633] Processing: gsw-vs-nyk-0022400885_276-track_60431 | True Jersey: 5
  -> Final Prediction (Multi-Image): 5
  -> Result: ? CORRECT

[3397/3633] Processing: uta-vs-was-0022400894_338-track_12622 | True Jersey: 9
  -> Final Prediction (Multi-Image): 10
  -> Result: ? INCORRECT (Ground Truth: 9)

[3398/3633] Processing: lac-vs-dal-0022400368_95-track_41294 | True Jersey: 31
  -> Final Prediction (Multi-Image): 31
  -> Result: ? CORRECT

[3399/3633] Processing: det-vs-lac-0022400898_61-track_8240 | True Jersey: 1
  -> Final Prediction (Multi-Image): 1
  -> Result: ? CORRECT

[3400/3633] Processing: gsw-vs-nyk-0022400885_213-track_47910 | True Jersey: 4
  -> Final Prediction (Multi-Image): 4
  -> Result: ? CORRECT

[3401/3633] Processing: den-vs-por-0022400371_210-track_13424 | True Jersey: 32
  -> Final Prediction (Multi-Image): 32
  -> Result: ? CORRECT

[3402/3633] Processing: chi-vs-ind-0022400868_304-track_7869 | True Jersey: 23
  -> Final Prediction (Multi-Image): 23
  -> Result: ? CORRECT

[3403/3633] Processing: gsw-vs-mem-0022400366_388-track_54843 | True Jersey: 21
  -> Final Prediction (Multi-Image): 24
  -> Result: ? INCORRECT (Ground Truth: 21)

[3404/3633] Processing: nyk-vs-orl-0022401227_70-track_5320 | True Jersey: 25
  -> Final Prediction (Multi-Image): 25
  -> Result: ? CORRECT

[3405/3633] Processing: min-vs-sas-0022401218_207-track_14344 | True Jersey: 3
  -> Final Prediction (Multi-Image): 7
  -> Result: ? INCORRECT (Ground Truth: 3)

[3406/3633] Processing: nyk-vs-orl-0022401227_208-track_54539 | True Jersey: 34
  -> Final Prediction (Multi-Image): 1
  -> Result: ? INCORRECT (Ground Truth: 34)

[3407/3633] Processing: gsw-vs-mem-0022400366_171-track_52924 | True Jersey: 22
  -> Final Prediction (Multi-Image): 22
  -> Result: ? CORRECT

[3408/3633] Processing: mil-vs-dal-0022400865_297-track_32156 | True Jersey: 18
  -> Final Prediction (Multi-Image): 18
  -> Result: ? CORRECT

[3409/3633] Processing: det-vs-gsw-0022400919_47-track_9514 | True Jersey: 0
  -> Final Prediction (Multi-Image): 0
  -> Result: ? CORRECT

[3410/3633] Processing: hou-vs-okc-0022400879_430-track_56558 | True Jersey: 7
  -> Final Prediction (Multi-Image): 7
  -> Result: ? CORRECT

[3411/3633] Processing: den-vs-bos-0022400866_195-track_30792 | True Jersey: 7
  -> Final Prediction (Multi-Image): 10
  -> Result: ? INCORRECT (Ground Truth: 7)

[3412/3633] Processing: nop-vs-hou-0022400365_307-track_45912 | True Jersey: 4
  -> Final Prediction (Multi-Image): 4
  -> Result: ? CORRECT

[3413/3633] Processing: chi-vs-tor-0022401223_226-track_18320 | True Jersey: 3
  -> Final Prediction (Multi-Image): 3
  -> Result: ? CORRECT

[3414/3633] Processing: nop-vs-uta-0022400872_80-track_56735 | True Jersey: nan
  -> Final Prediction (Multi-Image): 3
  -> Result: ? INCORRECT (Ground Truth: nan)

[3415/3633] Processing: den-vs-por-0022400371_173-track_39772 | True Jersey: 32
  -> Final Prediction (Multi-Image): 12
  -> Result: ? INCORRECT (Ground Truth: 32)

[3416/3633] Processing: chi-vs-tor-0022401223_226-track_18406 | True Jersey: 9
  -> Final Prediction (Multi-Image): 10
  -> Result: ? INCORRECT (Ground Truth: 9)

[3417/3633] Processing: det-vs-por-0022400926_162-track_7514 | True Jersey: 9
  -> Final Prediction (Multi-Image): 9
  -> Result: ? CORRECT

[3418/3633] Processing: mil-vs-atl-0022400884_37-track_25555 | True Jersey: nan
  -> Final Prediction (Multi-Image): 1
  -> Result: ? INCORRECT (Ground Truth: nan)

[3419/3633] Processing: gsw-vs-nyk-0022400885_313-track_37296 | True Jersey: 1
  -> Final Prediction (Multi-Image): 1
  -> Result: ? CORRECT

[3420/3633] Processing: gsw-vs-mem-0022400366_169-track_540 | True Jersey: 13
  -> Final Prediction (Multi-Image): 13
  -> Result: ? CORRECT

[3421/3633] Processing: mem-vs-lal-0022401220_156-track_58616 | True Jersey: nan
  -> Final Prediction (Multi-Image): 1
  -> Result: ? INCORRECT (Ground Truth: nan)

[3422/3633] Processing: lac-vs-dal-0022400368_169-track_49141 | True Jersey: 42
  -> Final Prediction (Multi-Image): 5
  -> Result: ? INCORRECT (Ground Truth: 42)

[3423/3633] Processing: gsw-vs-phi-0022400864_220-track_4567 | True Jersey: 0
  -> Final Prediction (Multi-Image): 0
  -> Result: ? CORRECT

[3424/3633] Processing: nop-vs-uta-0022400872_126-track_39853 | True Jersey: nan
  -> Final Prediction (Multi-Image): 1
  -> Result: ? INCORRECT (Ground Truth: nan)

[3425/3633] Processing: mia-vs-det-0022401221_241-track_14928 | True Jersey: 14
  -> Final Prediction (Multi-Image): 14
  -> Result: ? CORRECT

[3426/3633] Processing: sac-vs-hou-0022400862_212-track_24130 | True Jersey: nan
  -> Final Prediction (Multi-Image): 1
  -> Result: ? INCORRECT (Ground Truth: nan)

[3427/3633] Processing: nop-vs-hou-0022400365_125-track_11147 | True Jersey: 15
  -> Final Prediction (Multi-Image): 5
  -> Result: ? INCORRECT (Ground Truth: 15)

[3428/3633] Processing: nop-vs-uta-0022400872_365-track_18603 | True Jersey: 21
  -> Final Prediction (Multi-Image): 21
  -> Result: ? CORRECT

[3429/3633] Processing: por-vs-phx-0022401219_266-track_44640 | True Jersey: nan
  -> Final Prediction (Multi-Image): 1
  -> Result: ? INCORRECT (Ground Truth: nan)

[3430/3633] Processing: lac-vs-lal-0022400874_106-track_4966 | True Jersey: 2
  -> Final Prediction (Multi-Image): 2
  -> Result: ? CORRECT

[3431/3633] Processing: nyk-vs-nop-0022400384_243-track_30617 | True Jersey: 3
  -> Final Prediction (Multi-Image): 3
  -> Result: ? CORRECT

[3432/3633] Processing: gsw-vs-nyk-0022400885_313-track_37295 | True Jersey: 23
  -> Final Prediction (Multi-Image): 23
  -> Result: ? CORRECT

[3433/3633] Processing: gsw-vs-bkn-0022400901_2-track_40981 | True Jersey: 2
  -> Final Prediction (Multi-Image): 10
  -> Result: ? INCORRECT (Ground Truth: 2)

[3434/3633] Processing: sas-vs-phi-0022400394_99-track_20361 | True Jersey: 5
  -> Final Prediction (Multi-Image): 5
  -> Result: ? CORRECT

[3435/3633] Processing: det-vs-lac-0022400898_280-track_8141 | True Jersey: 2
  -> Final Prediction (Multi-Image): 3
  -> Result: ? INCORRECT (Ground Truth: 2)

[3436/3633] Processing: gsw-vs-nyk-0022400885_213-track_47872 | True Jersey: 4
  -> Final Prediction (Multi-Image): 4
  -> Result: ? CORRECT

[3437/3633] Processing: chi-vs-ind-0022400868_255-track_47239 | True Jersey: 26
  -> Final Prediction (Multi-Image): 26
  -> Result: ? CORRECT

[3438/3633] Processing: bkn-vs-det-0022400861_224-track_55994 | True Jersey: 22
  -> Final Prediction (Multi-Image): 22
  -> Result: ? CORRECT

[3439/3633] Processing: mil-vs-chi-0022400398_130-track_25592 | True Jersey: 55
  -> Final Prediction (Multi-Image): 6
  -> Result: ? INCORRECT (Ground Truth: 55)

[3440/3633] Processing: mil-vs-okc-0062400001_288-track_57818 | True Jersey: 34
  -> Final Prediction (Multi-Image): 1
  -> Result: ? INCORRECT (Ground Truth: 34)

[3441/3633] Processing: phx-vs-den-0022400402_301-track_22705 | True Jersey: 3
  -> Final Prediction (Multi-Image): 3
  -> Result: ? CORRECT

[3442/3633] Processing: mil-vs-dal-0022400865_186-track_11623 | True Jersey: 34
  -> Final Prediction (Multi-Image): 2
  -> Result: ? INCORRECT (Ground Truth: 34)

[3443/3633] Processing: gsw-vs-bkn-0022400901_161-track_10737 | True Jersey: 2
  -> Final Prediction (Multi-Image): 1
  -> Result: ? INCORRECT (Ground Truth: 2)

[3444/3633] Processing: nop-vs-uta-0022400872_80-track_56677 | True Jersey: 25
  -> Final Prediction (Multi-Image): 1
  -> Result: ? INCORRECT (Ground Truth: 25)

[3445/3633] Processing: was-vs-cha-0022400860_297-track_26883 | True Jersey: 8
  -> Final Prediction (Multi-Image): 8
  -> Result: ? CORRECT

[3446/3633] Processing: uta-vs-was-0022400894_75-track_2517 | True Jersey: 24
  -> Final Prediction (Multi-Image): 24
  -> Result: ? CORRECT

[3447/3633] Processing: gsw-vs-bkn-0022400901_2-track_40930 | True Jersey: 45
  -> Final Prediction (Multi-Image): 4
  -> Result: ? INCORRECT (Ground Truth: 45)

[3448/3633] Processing: det-vs-por-0022400926_211-track_1358 | True Jersey: nan
  -> Final Prediction (Multi-Image): 1
  -> Result: ? INCORRECT (Ground Truth: nan)

[3449/3633] Processing: den-vs-por-0022400371_173-track_39716 | True Jersey: 2
  -> Final Prediction (Multi-Image): 2
  -> Result: ? CORRECT

[3450/3633] Processing: min-vs-phx-0022400873_351-track_25614 | True Jersey: 5
  -> Final Prediction (Multi-Image): 2
  -> Result: ? INCORRECT (Ground Truth: 5)

[3451/3633] Processing: bkn-vs-det-0022400861_162-track_43422 | True Jersey: 4
  -> Final Prediction (Multi-Image): 1
  -> Result: ? INCORRECT (Ground Truth: 4)

[3452/3633] Processing: hou-vs-okc-0022400879_299-track_56237 | True Jersey: 22
  -> Final Prediction (Multi-Image): 22
  -> Result: ? CORRECT

[3453/3633] Processing: gsw-vs-mem-0022400366_171-track_52923 | True Jersey: 1
  -> Final Prediction (Multi-Image): 22
  -> Result: ? INCORRECT (Ground Truth: 1)

[3454/3633] Processing: nyk-vs-orl-0022401227_70-track_5313 | True Jersey: 8
  -> Final Prediction (Multi-Image): 0
  -> Result: ? INCORRECT (Ground Truth: 8)

[3455/3633] Processing: gsw-vs-mem-0022400366_373-track_45046 | True Jersey: 32
  -> Final Prediction (Multi-Image): 32
  -> Result: ? CORRECT

[3456/3633] Processing: gsw-vs-phi-0022400864_345-track_34604 | True Jersey: 28
  -> Final Prediction (Multi-Image): 25
  -> Result: ? INCORRECT (Ground Truth: 28)

[3457/3633] Processing: gsw-vs-bkn-0022400901_367-track_36036 | True Jersey: 2
  -> Final Prediction (Multi-Image): 2
  -> Result: ? CORRECT

[3458/3633] Processing: lac-vs-dal-0022400368_331-track_60490 | True Jersey: 31
  -> Final Prediction (Multi-Image): 24
  -> Result: ? INCORRECT (Ground Truth: 31)

[3459/3633] Processing: det-vs-gsw-0022400919_112-track_14820 | True Jersey: 10
  -> Final Prediction (Multi-Image): 2
  -> Result: ? INCORRECT (Ground Truth: 10)

[3460/3633] Processing: mil-vs-dal-0022400865_316-track_2092 | True Jersey: 26
  -> Final Prediction (Multi-Image): 26
  -> Result: ? CORRECT

[3461/3633] Processing: sas-vs-phi-0022400394_94-track_54234 | True Jersey: 7
  -> Final Prediction (Multi-Image): 1
  -> Result: ? INCORRECT (Ground Truth: 7)

[3462/3633] Processing: gsw-vs-phi-0022400864_15-track_32329 | True Jersey: 9
  -> Final Prediction (Multi-Image): 8
  -> Result: ? INCORRECT (Ground Truth: 9)

[3463/3633] Processing: mem-vs-lal-0022401220_156-track_58630 | True Jersey: nan
  -> Final Prediction (Multi-Image): 10
  -> Result: ? INCORRECT (Ground Truth: nan)

[3464/3633] Processing: bos-vs-was-0022401217_111-track_28894 | True Jersey: 9
  -> Final Prediction (Multi-Image): 13
  -> Result: ? INCORRECT (Ground Truth: 9)

[3465/3633] Processing: gsw-vs-phi-0022400864_255-track_43615 | True Jersey: 23
  -> Final Prediction (Multi-Image): 23
  -> Result: ? CORRECT

[3466/3633] Processing: sas-vs-phi-0022400394_406-track_55739 | True Jersey: 8
  -> Final Prediction (Multi-Image): 8
  -> Result: ? CORRECT

[3467/3633] Processing: por-vs-phx-0022401219_266-track_44650 | True Jersey: 1
  -> Final Prediction (Multi-Image): 1
  -> Result: ? CORRECT

[3468/3633] Processing: okc-vs-sas-0022400871_210-track_38295 | True Jersey: 55
  -> Final Prediction (Multi-Image): 15
  -> Result: ? INCORRECT (Ground Truth: 55)

[3469/3633] Processing: nyk-vs-min-0022400367_153-track_10084 | True Jersey: 2
  -> Final Prediction (Multi-Image): 2
  -> Result: ? CORRECT

[3470/3633] Processing: sas-vs-sac-0022400910_72-track_1694 | True Jersey: 30
  -> Final Prediction (Multi-Image): 30
  -> Result: ? CORRECT

[3471/3633] Processing: gsw-vs-bkn-0022400901_2-track_41010 | True Jersey: 2
  -> Final Prediction (Multi-Image): 2
  -> Result: ? CORRECT

[3472/3633] Processing: mil-vs-chi-0022400398_250-track_37620 | True Jersey: 9
  -> Final Prediction (Multi-Image): 8
  -> Result: ? INCORRECT (Ground Truth: 9)

[3473/3633] Processing: gsw-vs-mem-0022400366_373-track_45029 | True Jersey: 00
  -> Final Prediction (Multi-Image): 10
  -> Result: ? INCORRECT (Ground Truth: 00)

[3474/3633] Processing: chi-vs-ind-0022400868_2-track_13043 | True Jersey: 3
  -> Final Prediction (Multi-Image): 3
  -> Result: ? CORRECT

[3475/3633] Processing: gsw-vs-bkn-0022400901_265-track_32860 | True Jersey: 4
  -> Final Prediction (Multi-Image): 14
  -> Result: ? INCORRECT (Ground Truth: 4)

[3476/3633] Processing: gsw-vs-nyk-0022400885_90-track_5509 | True Jersey: 23
  -> Final Prediction (Multi-Image): 23
  -> Result: ? CORRECT

[3477/3633] Processing: gsw-vs-mem-0022400366_149-track_34051 | True Jersey: 43
  -> Final Prediction (Multi-Image): 1
  -> Result: ? INCORRECT (Ground Truth: 43)

[3478/3633] Processing: nyk-vs-orl-0022401227_49-track_21698 | True Jersey: 4
  -> Final Prediction (Multi-Image): 1
  -> Result: ? INCORRECT (Ground Truth: 4)

[3479/3633] Processing: mil-vs-atl-0022400884_107-track_39450 | True Jersey: 14
  -> Final Prediction (Multi-Image): 14
  -> Result: ? CORRECT

[3480/3633] Processing: sas-vs-mem-0022400863_289-track_407 | True Jersey: 10
  -> Final Prediction (Multi-Image): 10
  -> Result: ? CORRECT

[3481/3633] Processing: mil-vs-dal-0022400865_297-track_32149 | True Jersey: 20
  -> Final Prediction (Multi-Image): 20
  -> Result: ? CORRECT

[3482/3633] Processing: okc-vs-sas-0022400871_13-track_3869 | True Jersey: nan
  -> Final Prediction (Multi-Image): 2
  -> Result: ? INCORRECT (Ground Truth: nan)

[3483/3633] Processing: orl-vs-mil-0022400917_170-track_9996 | True Jersey: 11
  -> Final Prediction (Multi-Image): 11
  -> Result: ? CORRECT

[3484/3633] Processing: gsw-vs-mem-0022400366_149-track_34124 | True Jersey: 30
  -> Final Prediction (Multi-Image): 10
  -> Result: ? INCORRECT (Ground Truth: 30)

[3485/3633] Processing: phx-vs-den-0022400402_55-track_34951 | True Jersey: 23
  -> Final Prediction (Multi-Image): 23
  -> Result: ? CORRECT

[3486/3633] Processing: min-vs-sas-0022401218_175-track_39557 | True Jersey: 3
  -> Final Prediction (Multi-Image): 3
  -> Result: ? CORRECT

[3487/3633] Processing: dal-vs-gsw-0022401228_202-track_12120 | True Jersey: 5
  -> Final Prediction (Multi-Image): 5
  -> Result: ? CORRECT

[3488/3633] Processing: mil-vs-atl-0022400884_107-track_39449 | True Jersey: 15
  -> Final Prediction (Multi-Image): 15
  -> Result: ? CORRECT

[3489/3633] Processing: lac-vs-dal-0022400368_379-track_47699 | True Jersey: nan
  -> Final Prediction (Multi-Image): 10
  -> Result: ? INCORRECT (Ground Truth: nan)

[3490/3633] Processing: mil-vs-chi-0022400398_47-track_45412 | True Jersey: 11
  -> Final Prediction (Multi-Image): 7
  -> Result: ? INCORRECT (Ground Truth: 11)

[3491/3633] Processing: phi-vs-cha-0022401222_146-track_50862 | True Jersey: nan
  -> Final Prediction (Multi-Image): 1
  -> Result: ? INCORRECT (Ground Truth: nan)

[3492/3633] Processing: lac-vs-dal-0022400368_95-track_41360 | True Jersey: 25
  -> Final Prediction (Multi-Image): 23
  -> Result: ? INCORRECT (Ground Truth: 25)

[3493/3633] Processing: mia-vs-det-0022401221_336-track_47578 | True Jersey: 25
  -> Final Prediction (Multi-Image): 25
  -> Result: ? CORRECT

[3494/3633] Processing: chi-vs-ind-0022400868_87-track_44913 | True Jersey: 1
  -> Final Prediction (Multi-Image): 1
  -> Result: ? CORRECT

[3495/3633] Processing: mil-vs-okc-0062400001_288-track_57794 | True Jersey: 44
  -> Final Prediction (Multi-Image): 14
  -> Result: ? INCORRECT (Ground Truth: 44)

[3496/3633] Processing: sas-vs-sac-0022400910_171-track_14601 | True Jersey: 41
  -> Final Prediction (Multi-Image): 1
  -> Result: ? INCORRECT (Ground Truth: 41)

[3497/3633] Processing: bkn-vs-det-0022400861_200-track_19073 | True Jersey: 2
  -> Final Prediction (Multi-Image): 2
  -> Result: ? CORRECT

[3498/3633] Processing: gsw-vs-phi-0022400864_43-track_31826 | True Jersey: 2
  -> Final Prediction (Multi-Image): 2
  -> Result: ? CORRECT

[3499/3633] Processing: phx-vs-den-0022400402_352-track_11447 | True Jersey: 0
  -> Final Prediction (Multi-Image): 0
  -> Result: ? CORRECT

[3500/3633] Processing: was-vs-mil-0022400382_331-track_48326 | True Jersey: 55
  -> Final Prediction (Multi-Image): 66
  -> Result: ? INCORRECT (Ground Truth: 55)

[3501/3633] Processing: chi-vs-bos-0022400363_357-track_3349 | True Jersey: 9
  -> Final Prediction (Multi-Image): 8
  -> Result: ? INCORRECT (Ground Truth: 9)

[3502/3633] Processing: lac-vs-lal-0022400874_172-track_28805 | True Jersey: 1
  -> Final Prediction (Multi-Image): 10
  -> Result: ? INCORRECT (Ground Truth: 1)

[3503/3633] Processing: por-vs-phx-0022401219_114-track_33030 | True Jersey: 35
  -> Final Prediction (Multi-Image): 35
  -> Result: ? CORRECT

[3504/3633] Processing: min-vs-den-0022400952_186-track_49166 | True Jersey: nan
  -> Final Prediction (Multi-Image): 1
  -> Result: ? INCORRECT (Ground Truth: nan)

[3505/3633] Processing: nop-vs-hou-0022400365_307-track_45835 | True Jersey: 3
  -> Final Prediction (Multi-Image): 3
  -> Result: ? CORRECT

[3506/3633] Processing: lac-vs-dal-0022400368_147-track_5707 | True Jersey: 24
  -> Final Prediction (Multi-Image): 24
  -> Result: ? CORRECT

[3507/3633] Processing: bos-vs-was-0022401217_293-track_24328 | True Jersey: 88
  -> Final Prediction (Multi-Image): 88
  -> Result: ? CORRECT

[3508/3633] Processing: nyk-vs-mia-0022400869_368-track_57077 | True Jersey: 55
  -> Final Prediction (Multi-Image): 55
  -> Result: ? CORRECT

[3509/3633] Processing: dal-vs-gsw-0022401228_202-track_12178 | True Jersey: nan
  -> Final Prediction (Multi-Image): 1
  -> Result: ? INCORRECT (Ground Truth: nan)

[3510/3633] Processing: okc-vs-mia-0022400375_101-track_1586 | True Jersey: 2
  -> Final Prediction (Multi-Image): 2
  -> Result: ? CORRECT

[3511/3633] Processing: gsw-vs-nyk-0022400885_276-track_60381 | True Jersey: 7
  -> Final Prediction (Multi-Image): 7
  -> Result: ? CORRECT

[3512/3633] Processing: chi-vs-ind-0022400868_37-track_18633 | True Jersey: 12
  -> Final Prediction (Multi-Image): 12
  -> Result: ? CORRECT

[3513/3633] Processing: gsw-vs-bkn-0022400901_2-track_40944 | True Jersey: 2
  -> Final Prediction (Multi-Image): 2
  -> Result: ? CORRECT

[3514/3633] Processing: phi-vs-cha-0022401222_405-track_7106 | True Jersey: 8
  -> Final Prediction (Multi-Image): 8
  -> Result: ? CORRECT

[3515/3633] Processing: nyk-vs-orl-0022401227_49-track_21686 | True Jersey: 25
  -> Final Prediction (Multi-Image): 23
  -> Result: ? INCORRECT (Ground Truth: 25)

[3516/3633] Processing: chi-vs-bos-0022400363_51-track_17369 | True Jersey: 8
  -> Final Prediction (Multi-Image): 0
  -> Result: ? INCORRECT (Ground Truth: 8)

[3517/3633] Processing: den-vs-sac-0022401225_310-track_33685 | True Jersey: 32
  -> Final Prediction (Multi-Image): 12
  -> Result: ? INCORRECT (Ground Truth: 32)

[3518/3633] Processing: mem-vs-lal-0022401220_156-track_58391 | True Jersey: 5
  -> Final Prediction (Multi-Image): 5
  -> Result: ? CORRECT

[3519/3633] Processing: lac-vs-lal-0022400874_247-track_35225 | True Jersey: 55
  -> Final Prediction (Multi-Image): 4
  -> Result: ? INCORRECT (Ground Truth: 55)

[3520/3633] Processing: uta-vs-was-0022400894_338-track_12603 | True Jersey: 9
  -> Final Prediction (Multi-Image): 3
  -> Result: ? INCORRECT (Ground Truth: 9)

[3521/3633] Processing: sas-vs-sac-0022400910_171-track_14505 | True Jersey: 3
  -> Final Prediction (Multi-Image): 1
  -> Result: ? INCORRECT (Ground Truth: 3)

[3522/3633] Processing: gsw-vs-nyk-0022400885_353-track_13850 | True Jersey: 2
  -> Final Prediction (Multi-Image): 2
  -> Result: ? CORRECT

[3523/3633] Processing: bkn-vs-det-0022400861_44-track_25406 | True Jersey: 33
  -> Final Prediction (Multi-Image): 12
  -> Result: ? INCORRECT (Ground Truth: 33)

[3524/3633] Processing: nyk-vs-nop-0022400384_135-track_45059 | True Jersey: 4
  -> Final Prediction (Multi-Image): 4
  -> Result: ? CORRECT

[3525/3633] Processing: uta-vs-was-0022400894_338-track_12525 | True Jersey: 36
  -> Final Prediction (Multi-Image): 15
  -> Result: ? INCORRECT (Ground Truth: 36)

[3526/3633] Processing: gsw-vs-nyk-0022400885_353-track_13820 | True Jersey: 4
  -> Final Prediction (Multi-Image): 15
  -> Result: ? INCORRECT (Ground Truth: 4)

[3527/3633] Processing: cle-vs-chi-0022400886_352-track_23096 | True Jersey: 32
  -> Final Prediction (Multi-Image): 32
  -> Result: ? CORRECT

[3528/3633] Processing: nyk-vs-min-0022400367_153-track_10108 | True Jersey: nan
  -> Final Prediction (Multi-Image): 10
  -> Result: ? INCORRECT (Ground Truth: nan)

[3529/3633] Processing: okc-vs-mia-0022400375_385-track_21744 | True Jersey: 12
  -> Final Prediction (Multi-Image): 12
  -> Result: ? CORRECT

[3530/3633] Processing: okc-vs-mia-0022400375_358-track_7967 | True Jersey: 13
  -> Final Prediction (Multi-Image): 13
  -> Result: ? CORRECT

[3531/3633] Processing: cle-vs-chi-0022400886_383-track_59430 | True Jersey: 0
  -> Final Prediction (Multi-Image): 0
  -> Result: ? CORRECT

[3532/3633] Processing: lac-vs-lal-0022400874_106-track_4963 | True Jersey: 15
  -> Final Prediction (Multi-Image): 15
  -> Result: ? CORRECT

[3533/3633] Processing: gsw-vs-bkn-0022400901_332-track_29351 | True Jersey: 4
  -> Final Prediction (Multi-Image): 4
  -> Result: ? CORRECT

[3534/3633] Processing: tor-vs-orl-0022400870_282-track_41750 | True Jersey: 13
  -> Final Prediction (Multi-Image): 1
  -> Result: ? INCORRECT (Ground Truth: 13)

[3535/3633] Processing: det-vs-gsw-0022400919_47-track_9661 | True Jersey: 0
  -> Final Prediction (Multi-Image): 0
  -> Result: ? CORRECT

[3536/3633] Processing: nyk-vs-mia-0022400869_318-track_33565 | True Jersey: 13
  -> Final Prediction (Multi-Image): 13
  -> Result: ? CORRECT

[3537/3633] Processing: chi-vs-tor-0022401223_17-track_60337 | True Jersey: 30
  -> Final Prediction (Multi-Image): 30
  -> Result: ? CORRECT

[3538/3633] Processing: sac-vs-hou-0022400862_145-track_13233 | True Jersey: 17
  -> Final Prediction (Multi-Image): 17
  -> Result: ? CORRECT

[3539/3633] Processing: mil-vs-dal-0022400865_142-track_52350 | True Jersey: 00
  -> Final Prediction (Multi-Image): 00
  -> Result: ? CORRECT

[3540/3633] Processing: chi-vs-tor-0022401223_273-track_45684 | True Jersey: 41
  -> Final Prediction (Multi-Image): 4
  -> Result: ? INCORRECT (Ground Truth: 41)

[3541/3633] Processing: hou-vs-okc-0022400879_170-track_53895 | True Jersey: 7
  -> Final Prediction (Multi-Image): 7
  -> Result: ? CORRECT

[3542/3633] Processing: cle-vs-bkn-0022401224_63-track_23674 | True Jersey: 20
  -> Final Prediction (Multi-Image): 11
  -> Result: ? INCORRECT (Ground Truth: 20)

[3543/3633] Processing: hou-vs-okc-0022400879_1-track_33912 | True Jersey: 5
  -> Final Prediction (Multi-Image): 1
  -> Result: ? INCORRECT (Ground Truth: 5)

[3544/3633] Processing: bkn-vs-det-0022400861_393-track_57699 | True Jersey: 33
  -> Final Prediction (Multi-Image): 1
  -> Result: ? INCORRECT (Ground Truth: 33)

[3545/3633] Processing: den-vs-sac-0022401225_355-track_32900 | True Jersey: 7
  -> Final Prediction (Multi-Image): 7
  -> Result: ? CORRECT

[3546/3633] Processing: sas-vs-sac-0022400910_220-track_21637 | True Jersey: 10
  -> Final Prediction (Multi-Image): 13
  -> Result: ? INCORRECT (Ground Truth: 10)

[3547/3633] Processing: bos-vs-was-0022401217_112-track_4115 | True Jersey: 17
  -> Final Prediction (Multi-Image): 13
  -> Result: ? INCORRECT (Ground Truth: 17)

[3548/3633] Processing: bos-vs-was-0022401217_199-track_16744 | True Jersey: 20
  -> Final Prediction (Multi-Image): 20
  -> Result: ? CORRECT

[3549/3633] Processing: phx-vs-den-0022400402_55-track_34959 | True Jersey: 3
  -> Final Prediction (Multi-Image): 3
  -> Result: ? CORRECT

[3550/3633] Processing: was-vs-mil-0022400382_331-track_48272 | True Jersey: 5
  -> Final Prediction (Multi-Image): 8
  -> Result: ? INCORRECT (Ground Truth: 5)

[3551/3633] Processing: phx-vs-den-0022400402_55-track_34941 | True Jersey: 24
  -> Final Prediction (Multi-Image): 24
  -> Result: ? CORRECT

[3552/3633] Processing: det-vs-lac-0022400898_328-track_40181 | True Jersey: 10
  -> Final Prediction (Multi-Image): 10
  -> Result: ? CORRECT

[3553/3633] Processing: lac-vs-dal-0022400368_169-track_49082 | True Jersey: 26
  -> Final Prediction (Multi-Image): 26
  -> Result: ? CORRECT

[3554/3633] Processing: bos-vs-was-0022401217_44-track_43882 | True Jersey: 0
  -> Final Prediction (Multi-Image): 0
  -> Result: ? CORRECT

[3555/3633] Processing: gsw-vs-phi-0022400864_43-track_31832 | True Jersey: nan
  -> Final Prediction (Multi-Image): 2
  -> Result: ? INCORRECT (Ground Truth: nan)

[3556/3633] Processing: gsw-vs-nyk-0022400885_341-track_33285 | True Jersey: nan
  -> Final Prediction (Multi-Image): 10
  -> Result: ? INCORRECT (Ground Truth: nan)

[3557/3633] Processing: mil-vs-dal-0022400865_141-track_2403 | True Jersey: 13
  -> Final Prediction (Multi-Image): 13
  -> Result: ? CORRECT

[3558/3633] Processing: hou-vs-okc-0022400879_180-track_49460 | True Jersey: 4
  -> Final Prediction (Multi-Image): 1
  -> Result: ? INCORRECT (Ground Truth: 4)

[3559/3633] Processing: gsw-vs-bkn-0022400901_325-track_25764 | True Jersey: 2
  -> Final Prediction (Multi-Image): 2
  -> Result: ? CORRECT

[3560/3633] Processing: mia-vs-det-0022401221_153-track_19298 | True Jersey: 12
  -> Final Prediction (Multi-Image): 12
  -> Result: ? CORRECT

[3561/3633] Processing: tor-vs-orl-0022400870_282-track_41745 | True Jersey: nan
  -> Final Prediction (Multi-Image): 1
  -> Result: ? INCORRECT (Ground Truth: nan)

[3562/3633] Processing: sas-vs-phi-0022400394_406-track_55796 | True Jersey: 1
  -> Final Prediction (Multi-Image): 1
  -> Result: ? CORRECT

[3563/3633] Processing: gsw-vs-phi-0022400864_255-track_43635 | True Jersey: 9
  -> Final Prediction (Multi-Image): 9
  -> Result: ? CORRECT

[3564/3633] Processing: gsw-vs-phi-0022400864_150-track_6348 | True Jersey: 4
  -> Final Prediction (Multi-Image): 4
  -> Result: ? CORRECT

[3565/3633] Processing: mil-vs-chi-0022400398_335-track_3480 | True Jersey: 8
  -> Final Prediction (Multi-Image): 8
  -> Result: ? CORRECT

[3566/3633] Processing: det-vs-gsw-0022400919_112-track_14795 | True Jersey: 10
  -> Final Prediction (Multi-Image): 10
  -> Result: ? CORRECT

[3567/3633] Processing: gsw-vs-phi-0022400864_150-track_6362 | True Jersey: 4
  -> Final Prediction (Multi-Image): 4
  -> Result: ? CORRECT

[3568/3633] Processing: uta-vs-lac-0022401226_115-track_60812 | True Jersey: 24
  -> Final Prediction (Multi-Image): 24
  -> Result: ? CORRECT

[3569/3633] Processing: gsw-vs-bkn-0022400901_367-track_36154 | True Jersey: 21
  -> Final Prediction (Multi-Image): 21
  -> Result: ? CORRECT

[3570/3633] Processing: tor-vs-nyk-0022400397_109-track_17358 | True Jersey: 77
  -> Final Prediction (Multi-Image): 77
  -> Result: ? CORRECT

[3571/3633] Processing: den-vs-bos-0022400866_173-track_32062 | True Jersey: 9
  -> Final Prediction (Multi-Image): 9
  -> Result: ? CORRECT

[3572/3633] Processing: mil-vs-cle-0022400374_316-track_29894 | True Jersey: 24
  -> Final Prediction (Multi-Image): 24
  -> Result: ? CORRECT

[3573/3633] Processing: cle-vs-bkn-0022401224_155-track_32470 | True Jersey: 31
  -> Final Prediction (Multi-Image): 31
  -> Result: ? CORRECT

[3574/3633] Processing: mia-vs-det-0022401221_30-track_11888 | True Jersey: 5
  -> Final Prediction (Multi-Image): 5
  -> Result: ? CORRECT

[3575/3633] Processing: phi-vs-uta-0022400433_414-track_21029 | True Jersey: 5
  -> Final Prediction (Multi-Image): 5
  -> Result: ? CORRECT

[3576/3633] Processing: chi-vs-ind-0022400868_100-track_7231 | True Jersey: 43
  -> Final Prediction (Multi-Image): 14
  -> Result: ? INCORRECT (Ground Truth: 43)

[3577/3633] Processing: bos-vs-was-0022401217_111-track_28805 | True Jersey: 1
  -> Final Prediction (Multi-Image): 7
  -> Result: ? INCORRECT (Ground Truth: 1)

[3578/3633] Processing: por-vs-phx-0022401219_114-track_33081 | True Jersey: 20
  -> Final Prediction (Multi-Image): 20
  -> Result: ? CORRECT

[3579/3633] Processing: nyk-vs-mia-0022400869_318-track_33578 | True Jersey: 24
  -> Final Prediction (Multi-Image): 2
  -> Result: ? INCORRECT (Ground Truth: 24)

[3580/3633] Processing: nyk-vs-orl-0022401227_49-track_21678 | True Jersey: 32
  -> Final Prediction (Multi-Image): 22
  -> Result: ? INCORRECT (Ground Truth: 32)

[3581/3633] Processing: mem-vs-atl-0022400378_36-track_41476 | True Jersey: 27
  -> Final Prediction (Multi-Image): 27
  -> Result: ? CORRECT

[3582/3633] Processing: bos-vs-was-0022401217_111-track_28740 | True Jersey: 8
  -> Final Prediction (Multi-Image): 1
  -> Result: ? INCORRECT (Ground Truth: 8)

[3583/3633] Processing: nyk-vs-orl-0022401227_5-track_18406 | True Jersey: nan
  -> Final Prediction (Multi-Image): 0
  -> Result: ? INCORRECT (Ground Truth: nan)

[3584/3633] Processing: phi-vs-cha-0022401222_403-track_34266 | True Jersey: 5
  -> Final Prediction (Multi-Image): 1
  -> Result: ? INCORRECT (Ground Truth: 5)

[3585/3633] Processing: was-vs-cha-0022400860_13-track_49867 | True Jersey: 20
  -> Final Prediction (Multi-Image): 20
  -> Result: ? CORRECT

[3586/3633] Processing: mil-vs-cle-0022400374_321-track_14703 | True Jersey: 24
  -> Final Prediction (Multi-Image): 1
  -> Result: ? INCORRECT (Ground Truth: 24)

[3587/3633] Processing: det-vs-gsw-0022400919_47-track_9516 | True Jersey: nan
  -> Final Prediction (Multi-Image): 11
  -> Result: ? INCORRECT (Ground Truth: nan)

[3588/3633] Processing: mem-vs-lal-0022401220_174-track_52046 | True Jersey: 3
  -> Final Prediction (Multi-Image): 3
  -> Result: ? CORRECT

[3589/3633] Processing: sac-vs-hou-0022400862_97-track_32365 | True Jersey: 8
  -> Final Prediction (Multi-Image): 8
  -> Result: ? CORRECT

[3590/3633] Processing: por-vs-phx-0022401219_266-track_44693 | True Jersey: 34
  -> Final Prediction (Multi-Image): 14
  -> Result: ? INCORRECT (Ground Truth: 34)

[3591/3633] Processing: gsw-vs-phi-0022400864_255-track_43614 | True Jersey: 4
  -> Final Prediction (Multi-Image): 4
  -> Result: ? CORRECT

[3592/3633] Processing: mem-vs-atl-0022400378_209-track_58787 | True Jersey: 13
  -> Final Prediction (Multi-Image): 13
  -> Result: ? CORRECT

[3593/3633] Processing: bos-vs-was-0022401217_112-track_3970 | True Jersey: 40
  -> Final Prediction (Multi-Image): 40
  -> Result: ? CORRECT

[3594/3633] Processing: hou-vs-okc-0022400879_307-track_8995 | True Jersey: 3
  -> Final Prediction (Multi-Image): 3
  -> Result: ? CORRECT

[3595/3633] Processing: mil-vs-atl-0022400884_107-track_39451 | True Jersey: 00
  -> Final Prediction (Multi-Image): 10
  -> Result: ? INCORRECT (Ground Truth: 00)

[3596/3633] Processing: gsw-vs-mem-0022400366_171-track_52833 | True Jersey: 13
  -> Final Prediction (Multi-Image): 13
  -> Result: ? CORRECT

[3597/3633] Processing: min-vs-den-0022400952_254-track_45631 | True Jersey: nan
  -> Final Prediction (Multi-Image): 1
  -> Result: ? INCORRECT (Ground Truth: nan)

[3598/3633] Processing: mil-vs-dal-0022400865_316-track_2097 | True Jersey: 5
  -> Final Prediction (Multi-Image): 0
  -> Result: ? INCORRECT (Ground Truth: 5)

[3599/3633] Processing: det-vs-gsw-0022400919_54-track_37404 | True Jersey: 15
  -> Final Prediction (Multi-Image): 13
  -> Result: ? INCORRECT (Ground Truth: 15)

[3600/3633] Processing: okc-vs-mia-0022400375_144-track_4428 | True Jersey: 5
  -> Final Prediction (Multi-Image): 5
  -> Result: ? CORRECT

[3601/3633] Processing: nop-vs-uta-0022400872_242-track_41044 | True Jersey: 17
  -> Final Prediction (Multi-Image): 7
  -> Result: ? INCORRECT (Ground Truth: 17)

[3602/3633] Processing: nop-vs-ind-0022401216_23-track_40138 | True Jersey: 25
  -> Final Prediction (Multi-Image): 25
  -> Result: ? CORRECT

[3603/3633] Processing: mem-vs-nop-0022400923_347-track_55083 | True Jersey: 12
  -> Final Prediction (Multi-Image): 12
  -> Result: ? CORRECT

[3604/3633] Processing: mem-vs-atl-0022400378_209-track_58808 | True Jersey: 5
  -> Final Prediction (Multi-Image): 5
  -> Result: ? CORRECT

[3605/3633] Processing: gsw-vs-nyk-0022400885_274-track_59540 | True Jersey: 11
  -> Final Prediction (Multi-Image): 11
  -> Result: ? CORRECT

[3606/3633] Processing: lac-vs-dal-0022400368_169-track_49140 | True Jersey: 26
  -> Final Prediction (Multi-Image): 26
  -> Result: ? CORRECT

[3607/3633] Processing: bkn-vs-det-0022400861_145-track_55223 | True Jersey: 8
  -> Final Prediction (Multi-Image): 0
  -> Result: ? INCORRECT (Ground Truth: 8)

[3608/3633] Processing: mil-vs-dal-0022400865_186-track_11711 | True Jersey: 34
  -> Final Prediction (Multi-Image): 34
  -> Result: ? CORRECT

[3609/3633] Processing: lac-vs-lal-0022400874_374-track_54151 | True Jersey: 17
  -> Final Prediction (Multi-Image): 17
  -> Result: ? CORRECT

[3610/3633] Processing: nyk-vs-min-0022400367_360-track_40592 | True Jersey: 8
  -> Final Prediction (Multi-Image): 8
  -> Result: ? CORRECT

[3611/3633] Processing: bkn-vs-det-0022400861_393-track_57670 | True Jersey: 12
  -> Final Prediction (Multi-Image): 12
  -> Result: ? CORRECT

[3612/3633] Processing: sas-vs-phi-0022400394_94-track_54281 | True Jersey: 0
  -> Final Prediction (Multi-Image): 0
  -> Result: ? CORRECT

[3613/3633] Processing: hou-vs-okc-0022400879_219-track_57603 | True Jersey: 2
  -> Final Prediction (Multi-Image): 2
  -> Result: ? CORRECT

[3614/3633] Processing: mem-vs-atl-0022400378_209-track_58804 | True Jersey: 14
  -> Final Prediction (Multi-Image): 13
  -> Result: ? INCORRECT (Ground Truth: 14)

[3615/3633] Processing: mia-vs-det-0022401221_153-track_19168 | True Jersey: 13
  -> Final Prediction (Multi-Image): 13
  -> Result: ? CORRECT

[3616/3633] Processing: den-vs-sac-0022401225_83-track_1848 | True Jersey: 8
  -> Final Prediction (Multi-Image): 8
  -> Result: ? CORRECT

[3617/3633] Processing: chi-vs-bos-0022400363_330-track_57887 | True Jersey: 22
  -> Final Prediction (Multi-Image): 22
  -> Result: ? CORRECT

[3618/3633] Processing: mem-vs-nop-0022400923_196-track_31592 | True Jersey: 13
  -> Final Prediction (Multi-Image): 13
  -> Result: ? CORRECT

[3619/3633] Processing: mil-vs-cle-0022400374_321-track_14669 | True Jersey: 2
  -> Final Prediction (Multi-Image): 2
  -> Result: ? CORRECT

[3620/3633] Processing: nop-vs-ind-0022401216_429-track_1781 | True Jersey: 2
  -> Final Prediction (Multi-Image): 11
  -> Result: ? INCORRECT (Ground Truth: 2)

[3621/3633] Processing: gsw-vs-phi-0022400864_220-track_4583 | True Jersey: 8
  -> Final Prediction (Multi-Image): 3
  -> Result: ? INCORRECT (Ground Truth: 8)

[3622/3633] Processing: mem-vs-lal-0022401220_343-track_52574 | True Jersey: 3
  -> Final Prediction (Multi-Image): 23
  -> Result: ? INCORRECT (Ground Truth: 3)

[3623/3633] Processing: mem-vs-nop-0022400923_196-track_31571 | True Jersey: 30
  -> Final Prediction (Multi-Image): 30
  -> Result: ? CORRECT

[3624/3633] Processing: chi-vs-bos-0022400363_35-track_15561 | True Jersey: 44
  -> Final Prediction (Multi-Image): 14
  -> Result: ? INCORRECT (Ground Truth: 44)

[3625/3633] Processing: det-vs-gsw-0022400919_452-track_16438 | True Jersey: 17
  -> Final Prediction (Multi-Image): 4
  -> Result: ? INCORRECT (Ground Truth: 17)

[3626/3633] Processing: sas-vs-sac-0022400910_171-track_14631 | True Jersey: 13
  -> Final Prediction (Multi-Image): 13
  -> Result: ? CORRECT

[3627/3633] Processing: cle-vs-bkn-0022401224_63-track_23675 | True Jersey: 3
  -> Final Prediction (Multi-Image): 22
  -> Result: ? INCORRECT (Ground Truth: 3)

[3628/3633] Processing: sas-vs-phi-0022400394_94-track_54207 | True Jersey: 0
  -> Final Prediction (Multi-Image): 0
  -> Result: ? CORRECT

[3629/3633] Processing: mem-vs-atl-0022400378_124-track_21076 | True Jersey: 10
  -> Final Prediction (Multi-Image): 14
  -> Result: ? INCORRECT (Ground Truth: 10)

[3630/3633] Processing: det-vs-por-0022400926_162-track_7559 | True Jersey: 9
  -> Final Prediction (Multi-Image): 1
  -> Result: ? INCORRECT (Ground Truth: 9)

[3631/3633] Processing: cle-vs-bkn-0022401224_63-track_23638 | True Jersey: 28
  -> Final Prediction (Multi-Image): 1
  -> Result: ? INCORRECT (Ground Truth: 28)

[3632/3633] Processing: mil-vs-okc-0062400001_4-track_20170 | True Jersey: nan
  -> Final Prediction (Multi-Image): 1
  -> Result: ? INCORRECT (Ground Truth: nan)

[3633/3633] Processing: chi-vs-bos-0022400363_58-track_28735 | True Jersey: 9
  -> Final Prediction (Multi-Image): 9
  -> Result: ? CORRECT

?? Results saved to full_mi_qwen7b.csv

==================================================
?? FINAL PERFORMANCE REPORT ??
==================================================

Classification Report:
              precision    recall  f1-score   support

         0.0       0.77      0.69      0.73       241
         1.0       0.20      0.73      0.31       159
        10.0       0.32      0.77      0.46       116
        11.0       0.52      0.83      0.64       127
        12.0       0.56      0.73      0.64        56
        13.0       0.72      0.72      0.72       120
        14.0       0.48      0.65      0.55        65
        15.0       0.60      0.75      0.67        92
        16.0       0.89      0.67      0.76        12
        17.0       0.93      0.58      0.71        45
        18.0       1.00      0.62      0.76        26
        19.0       1.00      0.36      0.53        22
         2.0       0.62      0.74      0.68       188
        20.0       0.78      0.66      0.71        61
        21.0       0.77      0.66      0.71        56
        22.0       0.80      0.56      0.66       117
        23.0       0.58      0.63      0.60        83
        24.0       0.80      0.69      0.74        74
        25.0       0.73      0.57      0.64        84
        26.0       0.79      0.83      0.81        18
        27.0       0.63      0.71      0.67        24
        28.0       0.85      0.55      0.67        42
        29.0       0.00      0.00      0.00         0
         3.0       0.68      0.68      0.68       156
        30.0       0.96      0.57      0.71        79
        31.0       0.83      0.62      0.71        24
        32.0       0.96      0.55      0.70        49
        33.0       0.81      0.52      0.64        67
        34.0       0.91      0.50      0.65        42
        35.0       0.68      0.42      0.52        31
        36.0       1.00      0.44      0.62         9
        37.0       0.00      0.00      0.00         0
         4.0       0.78      0.63      0.69       121
        40.0       1.00      0.57      0.72        37
        41.0       0.67      0.36      0.47        11
        42.0       0.86      0.55      0.67        11
        43.0       1.00      0.46      0.63        13
        44.0       0.85      0.44      0.58        39
        45.0       0.85      0.52      0.64        33
        46.0       1.00      0.25      0.40         4
        47.0       0.00      0.00      0.00         0
        49.0       0.00      0.00      0.00         0
         5.0       0.78      0.67      0.72       224
        50.0       1.00      0.80      0.89         5
        51.0       0.00      0.00      0.00         0
        54.0       1.00      0.50      0.67         2
        55.0       0.92      0.65      0.76        37
        58.0       0.00      0.00      0.00         1
         6.0       0.17      0.62      0.26         8
        65.0       0.00      0.00      0.00         0
        66.0       0.00      0.00      0.00         0
         7.0       0.63      0.68      0.65       135
        71.0       0.00      0.00      0.00         3
        72.0       0.00      0.00      0.00         0
        77.0       0.84      0.76      0.80        21
         8.0       0.67      0.57      0.62       176
        80.0       0.00      0.00      0.00         0
        84.0       0.00      0.00      0.00         0
        88.0       0.67      1.00      0.80         2
         9.0       0.92      0.54      0.68       157
        99.0       0.88      0.88      0.88         8
         nan       1.00      0.01      0.01       300

    accuracy                           0.60      3633
   macro avg       0.62      0.49      0.52      3633
weighted avg       0.73      0.60      0.60      3633


Confusion Matrix:
Rows: True Labels, Columns: Predicted Labels

      0.0  1.0  10.0  11.0  12.0  13.0  ...  80.0  84.0  88.0  9.0  99.0  nan
0.0   167   21    18     3     0     1  ...     0     0     0    0     0    0
1.0     2  116     8     4     0     0  ...     0     0     0    0     0    0
10.0    3    9    89     4     1     1  ...     0     0     0    0     0    0
11.0    0    6    10   106     1     0  ...     0     0     0    0     0    0
12.0    2    4     1     2    41     0  ...     0     0     0    0     0    0
...   ...  ...   ...   ...   ...   ...  ...   ...   ...   ...  ...   ...  ...
84.0    0    0     0     0     0     0  ...     0     0     0    0     0    0
88.0    0    0     0     0     0     0  ...     0     0     2    0     0    0
9.0     6   17    11     3     1     1  ...     0     0     0   85     0    0
99.0    1    0     0     0     0     0  ...     0     0     0    0     7    0
nan     2  152    50    24     1     1  ...     0     0     0    2     0    2

[62 rows x 62 columns]
